id,scientific_name,japanese_name,genus_id,gbif_taxon_key,edibility
15,Abrothallus cetrariae,,20,7824496,
16,Abrothallus parmeliarum,,20,7513752,
17,Abrothallus suecicus,,20,2592384,
18,Acarospora asahinae,,21,3414400,
19,Acarospora fuscata,,21,7250044,
20,Acarospora privigna,,21,3413825,
21,Eiglera flavida,,22,2607832,
22,Myriospora smaragdula,,23,5473779,
23,Sarcogyne endopetrophila,,24,9816200,
24,Sarcogyne lapponica,,24,5473630,
25,Acaulospora longula,,25,2560118,
26,Acaulospora scrobiculata,,25,2560129,
27,Acaulospora spinosa,,25,2560124,
28,Acrodictys bambusicola,,26,3476724,
29,Acrogenospora altissima,,27,2614804,
30,Acrogenospora sphaerocephala,,27,2613618,
31,Acrospermum viticola,,28,3519881,
32,Agaricus,,29,11708081,
33,Agaricus abruptibulbus,ウスキモリノカサ,29,5455910,
34,Agaricus arvensis,オオハラタケ,29,5243403,
35,Agaricus bisporus,,29,5243447,
36,Agaricus blazei,カワリハラタケ,29,5457214,
37,Agaricus callacii,,29,8014858,
38,Agaricus campestris,ハラタケ,29,5243458,
39,Agaricus depauperatus,,29,5243400,
40,Agaricus dulcidulus,,29,5243386,
41,Agaricus jezoensis,キハラタケ,29,5456640,
42,Agaricus lanipes,,29,5243351,
43,Agaricus lapidescens,,29,12213212,
44,Agaricus moelleri,,29,5243496,
45,Agaricus parasubrutilescens,,29,9800073,
46,Agaricus placomyces,ハラタケモドキ,29,5243506,
47,Agaricus purpurellus,コムラサキモリノカサ,29,8225851,
48,Agaricus semotellus,ヒメモリノカサ,29,5455854,
49,Agaricus subrufescens,ニセモリノカサ,29,5243460,
50,Agaricus subrutilescens,ザラエノハラタケ,29,5243396,
51,Agaricus sylvaticus,,29,8108291,
52,Agaricus sylvicola,,29,8365581,
53,Agaricus trisulphuratus,,29,5242791,
54,Arachnion album,シロクモノコタケ,30,2535762,
55,Chamaemyces alphitophyllus,,31,7773562,
56,Chlorophyllum alborubescens,イロガワリシロカラカサタケ,32,5955392,
57,Chlorophyllum molybdites,オオシロカラカサタケ,32,5243168,
58,Chlorophyllum neomastoideum,コカラカサタケ,32,5955381,
59,Chlorophyllum nothorachodes,,32,5955388,
60,Chlorophyllum rachodes,カラカサタケモドキ,32,6014677,
61,Chlorophyllum rhacodes,,32,5955395,
62,Coprinus comatus,ササクレヒトヨタケ,33,7987658,
63,Coprinus leucostictus,,33,3332159,
64,Coprinus sterquilinus,マグソヒトヨタケ,33,2536689,
65,Crucispora rhombisperma,ヒシノミシバフタケ,34,2535237,
66,Cyathus badius,カバイロチャダイゴケ,35,5454166,
67,Cyathus gayanus,,35,5454150,
68,Cyathus gracilis,,35,5454259,
69,Cyathus hookeri,,35,5243123,
70,Cyathus limbatus,,35,5243144,
71,Cyathus melanospermus,,35,5454179,
72,Cyathus microsporus,,35,6014715,
73,Cyathus olla,,35,5243125,
74,Cyathus poeppigii,,35,5454216,
75,Cyathus stercoreus,ハタケチャダイゴケ,35,5243140,
76,Cyathus striatus,スジチャダイゴケ,35,5243151,
77,Cystodermella cinnabarina,チャヒメオニタケ,36,2535150,
78,Cystodermella granulosa,ヒメオニタケ,36,2535164,
79,Cystolepiota hetieri,コナカラカサタケ,37,2535723,
80,Cystolepiota hispida,,37,3334185,
81,Cystolepiota pseudogranulosa,コナカラカサタケモドキ,37,2535701,
82,Disciseda bovista,ドングリタケ,38,3332686,
83,Disciseda candida,ウスイロドングリタケ,38,2535664,
84,Disciseda subterranea,,38,3332671,
85,Echinoderma asperum,,39,5243011,
86,Echinoderma calcicola,,39,5243029,
87,Echinoderma echinaceum,,39,6011136,
88,Echinoderma hystrix,,39,8393053,
89,Japonogaster oohashianus,,40,3333398,
90,Lepiota aurantioflava,ウコンカラカサタケ,41,3340441,
91,Lepiota boninensis,ムニンヒメカラカサタケ,41,3340529,
92,Lepiota brunneoincarnata,,41,2535390,
93,Lepiota carpatica,,41,3340180,
94,Lepiota castanea,クリイロカラカサタケ,41,2535310,
95,Lepiota chudaei,,41,3340234,
96,Lepiota cinnamomea,チャキツネノカラカサ,41,7595416,
98,Lepiota clypeolaria,ワタカラカサタケ,41,2535456,
99,Lepiota clypeolarioides,,41,7242594,
100,Lepiota cristata,キツネノカラカサ,41,2535471,
102,Lepiota fusciceps,クロヒメカラカサタケ,41,3340528,
103,Lepiota ignivolvata,,41,2535360,
104,Lepiota magnispora,コゲチャワタカラカサタケ,41,2535486,
105,Lepiota micropholis,ゴマキツネガサ,41,2535314,
106,Lepiota otsuensis,,41,3340808,
107,Lepiota praetervisa,ナカグロヒメカラカサタケ,41,3340801,
108,Lepiota rufipes,,41,2535400,
109,Lepiota subcitrophylla,キヒダカラカサタケ,41,3341010,
110,Lepiota subtropica,ムニンヒナキツネガサ,41,3340102,
111,Lepiota venenata,,41,8127629,
112,Lepiota xanthophylla,キヒダカラカサモドキ,41,2535329,
113,Leucoagaricus americanus,アメリカカラカサタケ,42,2535839,
114,Leucoagaricus atrosquamulosus,,42,10742459,
115,Leucoagaricus japonicus,,42,3333509,
116,Leucoagaricus leucothites,,42,2535875,
117,Leucoagaricus meleagris,ツブカラカサタケ,42,2535798,
118,Leucoagaricus rubrotinctus,アカキツネガサ,42,3333538,
119,Leucocoprinus birnbaumii,コガネキヌカラカサタケ,43,2535598,
120,Leucocoprinus brebissonii,ナカグロヒガサタケ,43,2535560,
121,Leucocoprinus cepistipes,キヌカラカサタケ,43,9203821,
123,Leucocoprinus cretaceus,ヒメカラカサタケ,43,9065458,
124,Leucocoprinus cygneus,シロヒメカラカサタケ,43,2535573,
125,Leucocoprinus fragilissimus,キツネノハナガサ,43,8659282,
126,Leucocoprinus straminellus,,43,2535563,
127,Leucocoprinus subglobisporus,マルミノヒガサタケ,43,3332030,
128,Leucocoprinus viridiflavus,,43,7791518,
129,Leucopholiota decorosa,ツノシメジ,44,2531570,
130,Lycoperdon marginatum,,45,5453425,
131,Lycoperdon purpurascens,クロゲチャブクロ,45,7642379,
132,Lycoperdon wrightii,,45,6014702,
133,Macrolepiota albuminosa,,46,3339816,
134,Macrolepiota detersa,マントカラカサタケと思われる,46,8176111,
135,Macrolepiota mastoidea,,46,2536707,
136,Macrolepiota procera,カラカサタケ,46,8914748,
137,Melanophyllum eyrei,ミドリヒダカラカサタケ,47,5243182,
138,Melanophyllum haematospermum,,47,9040203,
139,Micropsalliota plumaria,,48,2535499,
140,Nidula candida,ルツボチャダイゴケ,49,5243564,
141,Nidula emodensis,,49,5243568,
142,Nidula microcarpa,,49,7242817,
143,Nidula niveotomentosa,コチャダイゴケ,49,5243566,
144,Nidularia deformis,,50,5243092,
145,Nidularia pulvinata,マクラキンチャクタケ,50,2535739,
146,Podaxis pistillaris,,51,2535532,
147,Queletia mirabilis,オニノケヤリタケ,52,2536052,
148,Ripartitella brasiliensis,ニセキツネノカラカサ,53,2535638,
149,Tulostoma adhaerens,アバタケシボウズタケ,54,5243326,
150,Tulostoma brumale,ケシボウズタケ,54,5243296,
151,Tulostoma fimbriatum,アラナミケシボウズタケ,54,5243305,
152,Tulostoma finkii,,54,5453877,
153,Tulostoma fulvellum,タネミケシボウズタケ,54,5453860,
154,Tulostoma granulosum,,54,5243306,
155,Tulostoma rickii,,54,5453979,
156,Tulostoma squamosum,ウロコケシボウズタケ,54,9428975,
158,Tulostoma striatum,,54,5243318,
159,Pseudobensingtonia ingoldii,,55,9697199,
160,Pseudobensingtonia musae,,55,9780098,
161,Sterigmatomyces elviae,,56,3370411,
162,Sterigmatomyces halophilus,,56,2556551,
163,Xylographa parallela,,57,7902131,
164,Aigialus grandis,,58,2615476,
165,Fissuroma aggregatum,,59,8001668,
166,Ajellomyces capsulatus,,60,3469214,
167,Emmonsiellopsis coralliformis,,61,9683382,
168,Histoplasma capsulatum,,62,3469218,
169,Paracoccidioides brasiliensis,,63,2595904,
170,Albatrellopsis confluens,,64,2551821,
171,Albatrellopsis flettii,,64,5955078,
172,Albatrellus cantharellus,アミラッパタケ,65,2551795,
173,Albatrellus ovinus,ニンギョウタケモドキ,65,2551823,
174,Neoalbatrellus caeruleoporus,,66,8166784,
175,Neoalbatrellus yasudae,,66,5955076,
176,Scutiger pes-caprae,,67,5248916,
177,Amanita abrupta,タマシロオニタケ,68,5451697,
178,Amanita agglutinata,,68,5451921,
179,Amanita alboflavescens,キウロコテングタケ,68,5451925,
180,Amanita areolata,ヒビワレテングタケ,68,5451699,
181,Amanita atkinsoniana,,68,5452114,
182,Amanita avellaneosquamosa,アクイロウロコツルタケ,68,5452404,
183,Amanita battarrae,タカネテングツルタケ,68,5240259,
184,Amanita caesarea,セイヨウタマゴタケ,68,5240269,
185,Amanita caesareoides,,68,5452301,
186,Amanita castanopsidis,,68,5452385,
187,Amanita castanopsis,コシロオニタケ,68,5452386,
188,Amanita ceciliae,テングツルタケ,68,5240213,
189,Amanita chatamagotake,,68,10769851,
190,Amanita cheelii,,68,7521503,
191,Amanita chepangiana,,68,5452342,
192,Amanita citrina,クロコタマゴテングタケ,68,3328320,
193,Amanita citrinoannulata,,68,10797037,
194,Amanita clarisquamosa,シロウロコツルタケ,68,5452233,
195,Amanita cokeri,ササクレシロオニタケ,68,5451920,
196,Amanita concentrica,シロオビテングタケ,68,5452514,
197,Amanita echinocephala,,68,5240229,
198,Amanita eijii,,68,5452712,
199,Amanita esculenta,ドウシンタケ,68,5452208,
200,Amanita excelsa,,68,8935018,
201,Amanita farinosa,ヒメコナカブリツルタケ,68,5240238,
202,Amanita flavipes,コガネテングタケ,68,5452223,
203,Amanita flavoconia,,68,5240273,
204,Amanita flavofloccosa,キワタゲテングタケ,68,5452277,
205,Amanita franchetii,,68,5240284,
206,Amanita fritillaria,,68,5451711,
207,Amanita fuliginea,クロタマゴテングタケ,68,5451781,
208,Amanita fuliginosa,,68,5452717,
209,Amanita fulva,カバイロツルタケ,68,7765582,
210,Amanita gemmata,,68,5240292,
211,Amanita griseofarinosa,コナカブリテングタケ,68,5451909,
212,Amanita griseofolia,,68,5452505,
213,Amanita griseoturcosa,アオミドリタマゴテングタケ,68,5452700,
214,Amanita gymnopus,カブラテングタケ,68,5452610,
215,Amanita hamadae,ヨソオイツルタケ,68,5452257,
216,Amanita hemibapha,オオベニタケ,68,5240264,
217,Amanita hongoi,シロオニタケモドキ,68,5451806,
218,Amanita ibotengutake,イボテングタケ,68,5452245,
219,Amanita imazekii,ミヤマタマゴタケ,68,5452688,
220,Amanita incarnatifolia,,68,5452305,
221,Amanita japonica,ハイイロオニタケ,68,5451805,
222,Amanita javanica,キタマゴタケ,68,5452201,
223,Amanita kitamagotake,,68,10744170,
224,Amanita kotohiraensis,コトヒラシロテングタケ,68,5452198,
225,Amanita lignitincta,,68,5452241,
226,Amanita liquii,,68,5452142,
227,Amanita longistriata,アカハテングタケ,68,5452103,
228,Amanita lutescens,イロガワリヘビキノコ,68,5451761,
229,Amanita macrocarpa,,68,8245652,
230,Amanita mairei,ナガミノツルタケ,68,5240290,
231,Amanita manginiana,,68,5452410,
232,Amanita melleiceps,ヒメコガネツルタケ,68,5452383,
233,Amanita miculifera,ハイイロテングタケ,68,5451724,
234,Amanita muscaria,ベニテングタケ,68,8168319,
235,Amanita neo-ovoidea,シロテングタケ,68,5452638,
236,Amanita nivalis,,68,5240226,
237,Amanita oberwinklerana,ニオイドクツルタケ,68,5451941,
238,Amanita oberwinkleriana,,68,10805659,
239,Amanita onusta,,68,5452145,
240,Amanita orientifulva,,68,5452236,
241,Amanita orientigemmata,ウスキテングタケ,68,5451956,
242,Amanita ovalispora,,68,5451739,
243,Amanita ovoidea,シロタマゴタケ,68,5240329,
244,Amanita pallidorosea,,68,7991939,
245,Amanita pantherina,テングタケ,68,8961574,
246,Amanita perpasta,オニテングタケ,68,5451675,
247,Amanita phalloides,タマゴテングタケ,68,5240325,
248,Amanita porphyria,コテングタケ,68,5240279,
249,Amanita princeps,,68,5452455,
250,Amanita pseudogemmata,イボコガネテングタケ,68,5452552,
251,Amanita pseudoporphyria,コテングタケモドキ,68,5452310,
252,Amanita pseudovaginata,カブラツルタケ,68,5451719,
253,Amanita pulchella,ココガネテングタケ,68,7241987,
254,Amanita regalis,,68,5240248,
255,Amanita roseolamellata,バライロツルタケ,68,5451703,
256,Amanita rubescens,イロガワリテングタケ,68,7496350,
257,Amanita rubromarginata,フチドリタマゴタケ,68,5452339,
258,Amanita rubrovolvata,ヒメベニテングタケ,68,5452113,
259,Amanita rufoferruginea,カバイロコナテングタケ,68,5452307,
260,Amanita sculpta,チャオニテングタケ,68,5452289,
261,Amanita sepiacea,テングタケモドキ,68,5452186,
262,Amanita sinensis,ハイカグラテングタケ,68,7242039,
263,Amanita sinocitrina,,68,5451687,
264,Amanita spadicea,,68,5240239,
265,Amanita sphaerobulbosa,,68,5452280,
266,Amanita spissacea,ヘビキノコモドキ,68,5452620,
267,Amanita spreta,ツルタケダマシ,68,5452232,
268,Amanita strobiliformis,マツカサモドキ,68,5240217,
269,Amanita subglobosa,,68,5451933,
270,Amanita subjunquillea,アケボノドクツルタケ,68,7241999,
271,Amanita submembranacea,,68,8391120,
272,Amanita subparvipantherina,,68,8425153,
273,Amanita sychnopyramis,テングタケダマシ,68,7242057,
274,Amanita tenuifolia,,68,5452474,
275,Amanita timida,スオウシロオニタケ,68,5452249,
276,Amanita vaginata,シロツルタケ,68,5240306,
277,Amanita verna,シロタマゴテングタケ,68,5240320,
278,Amanita vestita,,68,5452298,
279,Amanita virgineoides,シロオニタケ,68,5452449,
280,Amanita virosa,ドクツルタケ,68,5240323,
281,Amanita vittadinii,,68,7647780,
282,Amanita volvata,フクロツルタケ,68,5451910,
283,Amanita yuaniana,,68,5452672,
284,Limacella delicata,,69,9793586,
285,Limacella olivaceobrunnea,ムニンヌメリカラカサタケ,69,5452724,
286,Limacella subglischra,ヌメリカラカサタケ,69,5452774,
287,Zhuliangomyces illinitus,,70,10691289,
288,Ambispora callosa,,71,2560220,
289,Ambispora jimgerdemannii,,71,2560225,
290,Ambispora leptoticha,,71,2560228,
291,Amicodisca svrcekii,,72,3489259,
292,Fouskomenomyces cupreorufescens,,73,12184976,
293,Murispora rubicunda,,74,5893936,
294,Pseudomassariosphaeria grandispora,,75,7403827,
295,Amphisphaeria hiugensis,,76,3462853,
296,Beltraniella acaciae,,77,9662095,
297,Beltraniella botryospora,,77,7877730,
298,Beltraniella odinae,,77,2575686,
299,Beltraniella portoricensis,,77,2575679,
300,Ceratosporium cornutum,,78,3455332,
301,Immersidiscosia eucalypti,,79,7711427,
302,Microdochium albescens,,80,7400525,
303,Microdochium nivale,,80,3464089,
304,Monochaetia cornicola,,81,5488266,
305,Monochaetia dimorphospora,,81,5254424,
306,Monochaetia junipericola,,81,9947339,
307,Monochaetia karstenii,,81,5254430,
308,Monochaetia monochaeta,,81,5254433,
309,Synnemapestaloides rhododendri,,82,2574842,
310,Neoacrodontium hydnicola,,83,12186066,
311,Wallrothiella subiculosa,,84,2569530,
312,Anomoloma albolutescens,,85,2543454,
313,Anomoporia vesiculosa,,86,2543114,
314,Plicaturopsis crispa,チヂレタケ,87,2526725,
315,Conidiobolus coronatus,,88,2559647,
316,Anthracoidea atratae,,89,2557023,
317,Anthracoidea caricis,,89,2556964,
318,Anthracoidea caricis-grallatoriae,,89,7924834,
319,Anthracoidea heterospora,,89,2557016,
320,Anthracoidea japonica,,89,7604119,
321,Anthracoidea microsora,,89,3368810,
322,Anthracoidea obovoidea,,89,3368823,
323,Anthracoidea siderostictae,,89,3368843,
324,Anthracoidea subinclusa,,89,2556952,
325,Anthracoidea suedae,,89,3368835,
326,Anthracoidea variabilis,,89,3368809,
327,Cintractia axicola,,90,2557086,
328,Cintractia fimbristylidis-miliaceae,,90,7437836,
329,Leucocintractia leucoderma,,91,2557123,
330,Moreaua aterrima,,92,2557232,
331,Pilocintractia fimbristylidicola,,93,2557108,
332,Tolyposporium kuwanoanum,,94,7850068,
333,Ustanciosporium majus,,95,2557160,
334,Ustanciosporium montagnei,,95,2557181,
335,Ustanciosporium taubertianum,,95,2557152,
336,Apiospora arundinis,,96,12228442,
337,Apiospora esporlensis,,96,11728327,
338,Apiospora hyphopodii,,96,11958991,
339,Apiospora hysterina,,96,12251390,
340,Apiospora jiangxiensis,,96,12193085,
341,Apiospora montagnei,,96,2569390,
342,Apiospora punctum,,96,3464737,
343,Apiospora sacchari,,96,12005997,
344,Apiospora serenensis,,96,11927159,
345,Apiospora shiraiana,,96,8582662,
346,Apiospora sphaerosperma,,96,12146299,
347,Arthrinium japonicum,,97,3464685,
348,Cordella fasciculata,,98,3464701,
349,Spegazzinia deightonii,,99,5469974,
350,Spegazzinia tessarthra,,99,5258294,
351,Aplosporella demersa,,100,7255073,
352,Aporpium strigosum,,101,7820052,
353,Aquasubmersa japonica,,102,8385282,
354,Arachnopeziza aurata,,103,2585521,
355,Arachnopeziza aurelia,クモノスアカゲヒナチャワン,103,2585535,
356,Arachnopeziza candidofulva,,103,2585546,
357,Arachnopeziza cornuta,,103,2585559,
358,Arachnopeziza fitzpatrickii,,103,3488521,
359,Arachnopeziza japonica,,103,3488499,
360,Arachnopeziza leonina,クモノスヒメチャワンタケ,103,3488518,
361,Arachnopeziza nuda,,103,3488500,
362,Arachnopeziza obtusipila,,103,2585549,
363,Parachnopeziza miniopsis,,104,2585819,
364,Archaeorhizomyces finlayi,,105,7870834,
365,Archaeospora trappei,,106,2560212,
366,Arctomia fascicularis,,107,8560983,
367,Armatella litseae,,108,3523673,
368,Arthonia accolens,,109,2607747,
369,Arthonia cyanea,,109,3548598,
370,Arthonia incarnata,,109,3549461,
371,Arthonia rufidula,,109,8471558,
372,Arthonia sanguinaria,,109,12211571,
373,Arthonia trilocularis,,109,3548673,
374,Arthonia varia,,109,3549396,
375,Arthonia vinosa,,109,2592729,
376,Arthothelium spectabile,,110,7255839,
377,Bryostigma phaeophysciae,,111,12225423,
378,Coniarthonia eos,,112,10797658,
379,Coniocarpon cinnabarinum,,113,2592737,
380,Eremothecella calamicola,,114,3548519,
381,Eremothecella macrosperma,,114,8658392,
382,Herpothallon japonicum,,115,7507851,
383,Inoderma byssaceum,,116,7846196,
384,Inoderma nipponicum,,116,10757212,
385,Sporodophoron gossypinum,,117,10755020,
386,Sporodophoron primorskiense,,117,10760400,
387,Synarthonia lopingensis,,118,10729062,
388,Arthroderma crocatum,,119,3468734,
389,Arthroderma curreyi,,119,2596069,
390,Arthroderma gypseum,,119,2596086,
391,Arthroderma multifidum,,119,2596094,
392,Arthroderma simii,,119,2596077,
393,Arthroderma vanbreuseghemii,,119,2596073,
394,Epidermophyton floccosum,,120,7252831,
395,Microsporum canis,,121,8499003,
397,Microsporum ferrugineum,,121,2596056,
398,Microsporum gallinae,,121,2596037,
399,Microsporum gypseum,,121,3468777,
400,Microsporum incurvatum,,121,7379643,
401,Microsporum nanum,,121,2596032,
402,Nannizzia otae,,122,2596020,
403,Paraphyton cookei,,123,10683600,
404,Trichophyton ajelloi,,124,2596079,
405,Trichophyton benhamiae,,124,10775388,
406,Trichophyton bullosum,,124,2596222,
407,Trichophyton equinum,,124,2596127,
408,Trichophyton mentagrophytes,,124,2596108,
409,Trichophyton rubrum,,124,2596156,
410,Trichophyton schoenleinii,,124,2596102,
411,Trichophyton simii,,124,2596137,
412,Trichophyton tonsurans,,124,2596223,
413,Trichophyton verrucosum,,124,7252801,
414,Trichophyton violaceum,,124,2596151,
415,Arthrorhaphis alpina,,125,2610243,
416,Ascobolus carbonarius,,126,2595613,
417,Ascobolus crenulatus,,126,2595593,
418,Ascobolus denudatus,イバリスイライカビ,126,2595572,
419,Ascobolus elegans,,126,2595569,
420,Ascobolus furfuraceus,スイライカビ,126,8732823,
421,Ascobolus hansenii,ホソミノイバリスイライカビ,126,2595651,
422,Ascobolus immersus,,126,2595555,
423,Ascobolus minutus,,126,2595573,
424,Ascobolus scatigenus,,126,2569610,
425,Saccobolus beckii,,127,2595492,
426,Saccobolus depauperatus,,127,7977983,
427,Saccobolus glaber,,127,2595499,
428,Saccobolus minimus,,127,2595493,
429,Saccobolus obscurus,,127,7358476,
430,Saccobolus thaxteri,,127,2595491,
431,Saccobolus truncatus,,127,2595483,
432,Thecotheus crustaceus,,128,2595517,
433,Thecotheus pelletieri,,128,2595525,
434,Ascocorticium anomalum,,129,2582962,
435,Ascodesmis porcina,,130,2594855,
436,Cephaliophora irregularis,,131,2593205,
437,Cephaliophora tropica,,131,2593210,
438,Eleutherascus peruvianus,,132,2594873,
439,Lasiobolus papillatus,ハリケシロヒメフンタケ,133,8943586,
440,Pulchromyces fimicola,,134,2590113,
441,Ascosphaera celerrima,,135,2595775,
442,Ascosphaera cinnamomea,,135,2595783,
443,Ascosphaera fusiformis,,135,2595776,
444,Ascosphaera naganensis,,135,2595784,
445,Ascosphaera parasitica,,135,3468447,
446,Ascosphaera verrucosa,,135,3468442,
447,Ascosphaera xerophila,,135,2595791,
448,Bettsia alvei,,136,10790331,
449,Aspergillus acidus,,137,5488761,
450,Aspergillus aculeatinus,,137,5488784,
451,Aspergillus aculeatus,,137,5259902,
452,Aspergillus amstelodami,,137,5260103,
453,Aspergillus awamori,アワモリコウジカビ,137,5259798,
454,Aspergillus baarnensis,,137,8208105,
455,Aspergillus bombycis,,137,5488687,
456,Aspergillus caelatus,,137,5260019,
457,Aspergillus caesiellus,,137,5259896,
458,Aspergillus candidus,,137,5260032,
459,Aspergillus caninus,,137,7823676,
460,Aspergillus cejpii,,137,7520378,
461,Aspergillus cervinus,,137,5259893,
462,Aspergillus chevalieri,,137,5260101,
463,Aspergillus citrisporus,,137,5260045,
464,Aspergillus clavatus,,137,9339890,
465,Aspergillus conicus,,137,5259953,
466,Aspergillus corrugatus,,137,5259891,
467,Aspergillus costiformis,,137,5260105,
468,Aspergillus cristatus,,137,5259837,
469,Aspergillus elegans,,137,5259776,
470,Aspergillus felis,,137,9082758,
471,Aspergillus fischeri,,137,5259791,
472,Aspergillus flavipes,,137,5259935,
473,Aspergillus flavus,フラブスコウジカビ,137,5259820,
474,Aspergillus floccosus,,137,7992295,
475,Aspergillus foeniculicola,,137,5488785,
476,Aspergillus foetidus,,137,5259810,
477,Aspergillus foveolatus,,137,5259819,
478,Aspergillus fumigatus,アスペルギルス・フミガツス,137,5260010,
479,Aspergillus giganteus,,137,5259848,
480,Aspergillus glaucus,カツオブシカビ,137,8629532,
481,Aspergillus gymnosardae,,137,5259856,
482,Aspergillus hiratsukae,,137,5259762,
483,Aspergillus iizukae,,137,5259946,
484,Aspergillus insolitus,,137,8192630,
485,Aspergillus inuii,,137,5259775,
486,Aspergillus itaconicus,ウメズカビ,137,5259961,
487,Aspergillus japonicus,,137,5259787,
488,Aspergillus kambarensis,,137,5259927,
489,Aspergillus kanagawaensis,,137,5259986,
490,Aspergillus leporis,,137,5259911,
491,Aspergillus montevidensis,,137,5260018,
492,Aspergillus neoflavipes,,137,7438099,
493,Aspergillus neoniveus,,137,7984018,
494,Aspergillus nidulans,,137,5260160,
495,Aspergillus niger,クロカビ,137,3465658,
496,Aspergillus nomiae,,137,10829691,
497,Aspergillus ochraceus,,137,5259807,
498,Aspergillus pallidofulvus,,137,7613989,
499,Aspergillus parasiticus,,137,5259869,
500,Aspergillus penicillioides,,137,5259984,
501,Aspergillus petrakii,,137,5259933,
502,Aspergillus primulinus,,137,5259768,
503,Aspergillus protuberus,,137,5259802,
504,Aspergillus pseudonomiae,,137,10687827,
505,Aspergillus pseudotamarii,,137,5488682,
506,Aspergillus pseudoviridinutans,,137,7973077,
507,Aspergillus puulaauensis,,137,7872074,
508,Aspergillus repens,,137,5259907,
509,Aspergillus restrictus,,137,5259866,
510,Aspergillus ruber,,137,5259965,
511,Aspergillus salviicola,,137,5259797,
512,Aspergillus sclerotiorum,,137,5259970,
513,Aspergillus sojae,,137,5259880,
514,Aspergillus spinulosus,,137,5260024,
515,Aspergillus sublatus,,137,5260169,
516,Aspergillus sublevisporus,,137,5259771,
517,Aspergillus tamarii,,137,5260043,
518,Aspergillus terreus,,137,5259838,
519,Aspergillus tonophilus,,137,5259964,
520,Aspergillus tubingensis,,137,5259931,
521,Aspergillus udagawae,,137,5259763,
522,Aspergillus viridinutans,,137,5259816,
523,Aspergillus welwitschiae,,137,9451041,
524,Aspergillus wentii,,137,5259918,
525,Aspergillus westerdijkiae,,137,5488970,
526,Chromocleista cinnabarina,,138,2597574,
527,Dendrosphaera eberhardtii,エダウチホコリタケモドキ,139,2597161,
528,Emericella sydowii,,140,12249721,
529,Emericella usta,,140,12182506,
530,Emericella versicolor,,140,12221741,
531,Eurotium herbariorum,カワキコウジカビ,141,2598066,
532,Hamigera avellanea,,142,5260113,
533,Leiothecium ellipsoideum,,143,2598350,
534,Neocarpenteles acanthosporum,,144,2564775,
535,Neosartorya clavata,,145,12262967,
536,Neosartorya fennelliae,,145,2597131,
537,Paecilomyces brunneolus,,146,3466733,
538,Paecilomyces dactylethromorphus,,146,2598196,
539,Paecilomyces formosus,,146,8004233,
540,Paecilomyces lagunculariae,,146,12003120,
541,Paecilomyces niveus,,146,2598334,
542,Paecilomyces penicillatus,,146,2598166,
543,Paecilomyces puntonii,,146,2598194,
544,Paecilomyces subglobosus,,146,3466759,
545,Paecilomyces variotii,,146,2598185,
546,Penicilliopsis clavariiformis,,147,2597156,
547,Penicilliopsis zonata,,147,9687450,
548,Penicillium abidjanum,,148,2597970,
549,Penicillium adametzii,,148,10749288,
550,Penicillium adametzioides,,148,2597907,
551,Penicillium aeneum,,148,5489040,
552,Penicillium allii-sativi,,148,8146576,
553,Penicillium aurantiogriseum,,148,2597954,
554,Penicillium bilaiae,,148,2597817,
555,Penicillium brasilianum,,148,5260060,
556,Penicillium brevicompactum,,148,2597936,
557,Penicillium cairnsense,,148,7841005,
558,Penicillium camemberti,,148,2597624,
559,Penicillium canescens,,148,2597714,
560,Penicillium capsulatum,,148,2597767,
561,Penicillium cavernicola,,148,5489143,
562,Penicillium chrysogenum,,148,3466349,
563,Penicillium citreonigrum,,148,2597594,
564,Penicillium citreovirens,,148,8291848,
565,Penicillium citrinum,,148,2597681,
566,Penicillium commune,,148,2597910,
567,Penicillium concentricum,,148,2597668,
568,Penicillium corylophilum,,148,2597689,
569,Penicillium crocicola,,148,5489611,
570,Penicillium cyaneum,,148,2597903,
571,Penicillium daleae,,148,10772256,
572,Penicillium decumbens,,148,2597979,
573,Penicillium derxii,,148,5489486,
574,Penicillium dierckxii,,148,2597723,
575,Penicillium digitatum,,148,2597892,
576,Penicillium discolor,,148,2597618,
577,Penicillium echinulatum,,148,4911012,
578,Penicillium expansum,,148,2597789,
579,Penicillium flavigenum,,148,2597615,
580,Penicillium fractum,,148,2597577,
581,Penicillium glabrum,,148,2597849,
582,Penicillium glandicola,,148,3465975,
583,Penicillium glaucoalbidum,,148,7864224,
584,Penicillium hennebertii,,148,8275646,
585,Penicillium herquei,,148,5820576,
586,Penicillium hirsutum,,148,6548601,
587,Penicillium indigoticum,,148,5489508,
588,Penicillium inusitatum,,148,2597880,
589,Penicillium italicum,,148,2597864,
590,Penicillium janczewskii,,148,10737715,
591,Penicillium javanicum,,148,2597797,
592,Penicillium jensenii,,148,10752040,
594,Penicillium lagena,,148,2597882,
595,Penicillium lapidosum,,148,2597661,
596,Penicillium lenticrescens,,148,8226288,
597,Penicillium limosum,,148,5489518,
598,Penicillium longisporum,,148,7818566,
599,Penicillium ludwigii,,148,2597821,
600,Penicillium magnielliptisporum,,148,7991354,
601,Penicillium malachiteum,,148,8246945,
602,Penicillium marinum,,148,5489150,
603,Penicillium melinii,,148,2597698,
604,Penicillium mimosinum,,148,2597721,
605,Penicillium nalgiovense,,148,2597693,
606,Penicillium nordicum,,148,5489141,
607,Penicillium ochrochloron,,148,2597616,
608,Penicillium ochrosalmoneum,,148,2597988,
609,Penicillium odoratum,,148,2597798,
610,Penicillium olivicolor,,148,2597636,
611,Penicillium ornatum,,148,2597628,
612,Penicillium oxalicum,,148,2597950,
613,Penicillium palitans,,148,2597993,
614,Penicillium paneum,,148,2597915,
615,Penicillium parvum,,148,5260115,
616,Penicillium paxilli,,148,2597848,
617,Penicillium phoeniceum,,148,2598035,
618,Penicillium pinophilum,,148,8270454,
619,Penicillium purpurogenum,,148,2597585,
620,Penicillium resticulosum,,148,2597580,
621,Penicillium reticulisporum,,148,2598013,
622,Penicillium roqueforti,,148,2597774,
623,Penicillium rubens,,148,5489392,
624,Penicillium sanshaense,,148,10694402,
625,Penicillium saturniforme,,148,8055805,
626,Penicillium scabrosum,,148,2598033,
627,Penicillium sclerotigenum,,148,2597720,
628,Penicillium sclerotiorum,,148,2597858,
629,Penicillium simplicissimum,,148,2597804,
630,Penicillium solitum,,148,4911073,
631,Penicillium soppii,,148,4910959,
632,Penicillium spinulosum,,148,2597887,
633,Penicillium subinflatum,,148,5489465,
634,Penicillium sublateritium,,148,2597677,
635,Penicillium sumatraense,,148,5489089,
636,Penicillium swiecickii,,148,9773689,
637,Penicillium taxi,,148,5260179,
638,Penicillium thomii,,148,2597761,
639,Penicillium trzebinskianum,,148,5489333,
640,Penicillium turbatum,,148,2597994,
641,Penicillium ulaiense,,148,2597835,
642,Penicillium vanbeymae,,148,2597582,
643,Penicillium velutinum,,148,2597670,
644,Penicillium verrucosum,,148,2597777,
645,Penicillium vinaceum,,148,2597863,
646,Penicillium viticola,,148,7805178,
647,Penicillium vulpinum,,148,2598018,
648,Penicillium waksmanii,,148,2597604,
650,Penicillium yezoense,,148,7887017,
651,Phialomyces macrosporus,,149,2589126,
652,Pseudopenicillium megasporum,,150,10714737,
653,Rasamsonia byssochlamydoides,,151,7392875,
654,Rasamsonia emersonii,,151,7384895,
655,Sagenomella griseoviridis,,152,2597537,
656,Sagenomella striatispora,,152,2597542,
657,Talaromyces amestolkiae,,153,7977836,
658,Talaromyces bacillisporus,,153,2598239,
659,Talaromyces boninensis,,153,7429808,
660,Talaromyces cecidicola,,153,7442900,
661,Talaromyces cellulolyticus,,153,8051588,
662,Talaromyces cinnabarinus,,153,7711723,
663,Talaromyces flavus,,153,2597897,
664,Talaromyces helicus,,153,2597943,
665,Talaromyces islandicus,,153,7747523,
666,Talaromyces kendrickii,,153,7478295,
667,Talaromyces macrosporus,,153,2598243,
668,Talaromyces marneffei,,153,8067271,
669,Talaromyces minioluteus,,153,8264013,
670,Talaromyces phialosporus,,153,7927586,
671,Talaromyces pinophilus,,153,8079970,
672,Talaromyces pseudostromaticus,,153,7677109,
673,Talaromyces ruber,,153,7762796,
674,Talaromyces rugulosus,,153,7642580,
675,Talaromyces ryukyuensis,,153,2597529,
676,Talaromyces stipitatus,,153,2597843,
677,Talaromyces stollii,,153,7559434,
678,Talaromyces trachyspermus,,153,2598227,
679,Talaromyces ucrainicus,,153,2598219,
680,Talaromyces udagawae,,153,2598217,
681,Talaromyces verruculosus,,153,8155988,
682,Talaromyces wortmannii,,153,8352810,
683,Asterina alpina,,154,5501570,
684,Asterina aspidii,,154,5263331,
685,Asterina aucubae,,154,5501295,
686,Asterina contigua,,154,5501050,
687,Asterina daphniphylli,,154,5501573,
688,Asterina elaeocarpi,,154,6019731,
689,Asterina fimbriata,,154,2620198,
690,Asterina japonica,,154,5501797,
691,Asterina ligustrinae,,154,5501528,
692,Asterina orbicularis,,154,5263345,
693,Asterina pasaniae,,154,5501132,
694,Asterina violae,,154,5501231,
695,Asterina yoshinagae,,154,7624695,
696,Dothidasteromella sepulta,,155,3501027,
697,Echidnodella rapaneae,,156,3499834,
698,Englera continuus,,157,3274755,
699,Halbania cryptomeriae,,158,3501442,
700,Halbania juniperi,,158,3501444,
701,Lembosia polystichicola,,159,3501290,
702,Lembosia quercicola,,159,3501318,
703,Morenoina calamicola,,160,9774645,
704,Asterosporium asterospermum,,161,2591159,
705,Astrosphaeriella aosimensis,,162,3536976,
706,Astrosphaeriella fuscomaculans,,162,3536969,
707,Astrosphaeriella fusispora,,162,3536983,
708,Astrosphaeriella minoensis,,162,3536978,
709,Astrosphaeriella stellata,,162,3536999,
710,Astrosphaeriella trochus,,162,2619683,
711,Pithomyces graminicola,,163,2616917,
712,Amphinema byssoides,キワタゲカワタケ,164,5249374,
713,Athelia decipiens,,165,2554073,
714,Athelia epiphylla,,165,2554122,
715,Athelia neuhoffii,,165,2554097,
716,Athelia rolfsii,,165,2554082,
717,Athelia scutellaris,チャイロオオコウヤクタケ,165,2541445,
718,Athelia sibirica,,165,2554103,
719,Athelia termitophila,,165,12190707,
720,Athelopsis lembospora,,166,2554251,
721,Byssocorticium efibulatum,,167,2554150,
722,Byssocorticium pulchrum,,167,2554151,
723,Fibulomyces mutabilis,,168,2554170,
724,Leptosporomyces septentrionalis,,169,2554218,
725,Lyoathelia laxa,シロヒモカワタケ,170,2554313,
726,Melzericium rimosum,,171,2554161,
727,Piloderma lanatum,,172,2554296,
728,Tylospora asterophora,,173,2554306,
729,Tylospora fibrillosa,,173,2554301,
730,Atractospora reticulata,,174,9783035,
731,Amphistereum leveilleanum,,175,9780857,
732,Auricularia americana,,176,5249296,
733,Auricularia auricula-judae,,176,5249271,
734,Auricularia cornea,,176,5249287,
735,Auricularia delicata,アミキクラゲ,176,5245860,
736,Auricularia fuscosuccinea,キクラゲモドキ,176,5249290,
737,Auricularia levis,,176,5445644,
738,Auricularia mesenterica,ヒダキクラゲ,176,5249297,
739,Auricularia minor,コクロキクラゲ,176,5445654,
740,Auricularia minutissima,,176,9711258,
741,Auricularia nigricans,,176,7351381,
742,Auricularia rosea,,176,5445652,
743,Auricularia villosula,,176,7842596,
744,Eichleriella tenuicula,,177,9801930,
745,Elmerina caryae,,178,2553747,
746,Elmerina hispida,,178,7802143,
747,Elmerina holophaea,ムカシオオミダレタケ,178,2553735,
748,Exidia glandulosa,クロキクラゲ,179,2553607,
749,Exidia recisa,サカズキキクラゲ,179,2553588,
750,Exidia repanda,,179,2553591,
751,Exidia thuretiana,,179,2553600,
752,Exidia uvapassa,タマキクラゲ,179,3314444,
753,Exidiopsis leucophaea,,180,3314333,
754,Exidiopsis punicea,,180,3314366,
755,Grammatus semis,,181,10284548,
756,Heterochaete delicata,オロシタケ,182,2553685,
757,Protodaedalea foliacea,,183,8428457,
758,Tremellochaete japonica,ツブキクラゲ,184,3291628,
759,Artomyces colensoi,,185,2550457,
760,Artomyces microsporus,,185,2550481,
761,Artomyces pyxidatus,,185,2550493,
762,Auriscalpium orientale,,186,10805376,
763,Auriscalpium vulgare,マツカサタケ,186,5248458,
764,Lentinellus castoreus,,187,2550447,
765,Lentinellus cochleatus,ヒメオウギナミハタケ,187,2550371,
766,Lentinellus flabelliformis,,187,2550348,
767,Lentinellus pilatii,シロナミハタケ,187,3356983,
768,Lentinellus pulvinulus,,187,2550417,
769,Lentinellus ursinus,イタチナミハタケ,187,9044184,
770,Lentinellus vulpinus,キツネナミハタケ,187,2550433,
771,Monilochaetes infuscans,,188,2590382,
772,Backusella circina,,189,2558916,
773,Backusella oblongielliptica,,189,8171771,
774,Backusella oblongispora,,189,8235424,
775,Backusella tuberculispora,,189,8084543,
776,Ainoa mooreana,,190,5260387,
777,Baeomyces aggregatus,,191,3439456,
778,Baeomyces botryophorus,,191,3439436,
779,Baeomyces carneus,,191,7910620,
780,Baeomyces placophyllus,,191,2599870,
781,Baeomyces rufus,,191,2599864,
782,Baeomyces sanguineus,,191,7249094,
783,Balladyna velutina,,192,5515156,
784,Magnicamarosporium iriomotense,,193,9671781,
785,Boletopsis grisea,Kurokawa,194,5238904,
786,Boletopsis leucomelaena,クロカワ,194,5238896,
787,Calodon olidus,,195,3310194,
788,Hydnellum aurantiacum,キハリタケ,196,2522291,
789,Hydnellum caeruleum,ニオイハリタケモドキ,196,2522245,
790,Hydnellum concrescens,オオチャハリタケ,196,2522259,
791,Hydnellum conigenum,,196,5460464,
792,Hydnellum ferrugineum,アカノシズクハリタケ,196,2522229,
793,Hydnellum fuligineoviolaceum,,196,10434876,
794,Hydnellum scabrosum,,196,9854176,
795,Hydnellum scrobiculatum,,196,2522326,
796,Hydnellum spongiosipes,,196,2522335,
797,Hydnellum suaveolens,ニオイハリタケ,196,2522203,
798,Sarcodon amarescens,ニガシシタケ,197,5460443,
799,Sarcodon atroviridis,オリーブハリタケ,197,5238866,
800,Sarcodon imbricatus,カノハナ,197,5238865,
801,Sarcodon wrightii,,197,5238875,
802,Bartalinia pondoensis,,198,7752028,
803,Bartalinia robillardoides,,198,2574627,
804,Bartheletia paradoxa,,199,7968309,
805,Basidiobolus magnus,,200,2558173,
806,Basidiobolus ranarum,,200,2558165,
807,Beltrania pseudorhombica,,201,8006261,
808,Beltrania rhombica,,201,5258196,
809,Bertia moriformis,,202,9203726,
810,Catathelasma imperiale,オオモミタケ,203,2531729,
811,Catathelasma ventricosum,モミタケ,203,2531724,
812,Acremonium borodinense,,204,2562360,
813,Acremonium cavaraeanum,,204,2562395,
814,Acremonium charticola,,204,2562353,
815,Acremonium fusidioides,,204,2562315,
816,Acremonium guillematii,,204,2562449,
817,Acremonium macroclavatum,,204,3451141,
818,Acremonium masseei,,204,2562388,
819,Acremonium minutisporum,,204,2562375,
820,Acremonium murorum,,204,3450284,
821,Acremonium obclavatum,,204,2560512,
822,Acremonium persicinum,,204,2562443,
823,Acremonium polychromum,,204,2562401,
824,Acremonium roseolum,,204,2562451,
825,Acremonium sclerotigenum,,204,2562382,
826,Acremonium tubakii,,204,2562436,
827,Acremonium zonatum,,204,2562337,
828,Bionectria aureofulva,,205,2561002,
829,Bionectria byssicola,,205,2561020,
830,Bionectria capitata,,205,2561054,
831,Bionectria compactiuscula,,205,2561028,
832,Bionectria epichloe,,205,2561029,
833,Bionectria grammicospora,,205,2561016,
834,Bionectria oblongispora,,205,3450704,
835,Bionectria ochroleuca,,205,2561040,
836,Bionectria pseudostriata,,205,3450718,
837,Bionectria pseudostriatopsis,,205,3450724,
838,Bionectria sporodochialis,,205,3450703,
839,Caespitomonium hyalinulum,,206,12184684,
840,Clonostachys candelabrum,,207,2560864,
841,Clonostachys compactiuscula,,207,2560877,
842,Clonostachys intermedia,,207,3450779,
843,Clonostachys pseudosetosa,,207,2560862,
844,Clonostachys rogersoniana,,207,3450738,
845,Clonostachys rosea,,207,7472266,
846,Didymostilbe aurantiospora,,208,5251220,
847,Didymostilbe matsushimae,,208,5251217,
848,Geosmithia swiftii,,209,2562501,
849,Gliomastix tumulicola,,210,7409445,
850,Heleococcum japonense,,211,2561171,
851,Ijuhya aquifolii,,212,3450500,
852,Ijuhya paraparilis,,212,3450499,
853,Kallichroma tethys,,213,2561221,
854,Lasionectria mantuana,,214,3450700,
855,Mycocitrus phyllostachydis,,215,2561182,
856,Nectriopsis albofulta,,216,2561162,
857,Nectriopsis candicans,,216,2561107,
858,Nectriopsis exigua,,216,2561128,
859,Nectriopsis infusaria,,216,3450518,
860,Nectriopsis lecanodes,,216,2561152,
861,Nectriopsis oropensoides,,216,2561164,
862,Nectriopsis sasae,,216,2561362,
863,Nectriopsis septofusidiae,,216,2561137,
864,Nectriopsis tremellicola,,216,2561101,
865,Ovicillium oosporum,,217,9763918,
866,Peristomialis dentifera,,218,2560973,
867,Stephanonectria keithii,,219,2561200,
868,Valsonectria pulchella,,220,3450299,
869,Verrucostoma freycinetiae,,221,8116171,
870,Bolbitius coprophilus,オキナタケ,222,2529632,
871,Bolbitius demangei,トキイロオキナタケ,222,3323419,
872,Bolbitius incarnatus,,222,3323406,
873,Bolbitius reticulatus,クロシワオキナタケ,222,8923027,
874,Bolbitius titubans,キオキナタケ,222,9127230,
875,Conocybe antipus,ネナガコガサタケ,223,7632388,
876,Conocybe apala,,223,2529827,
877,Conocybe arrhenii,ツチイチメガサ,223,2529810,
878,Conocybe fragilis,ハタケコガサ,223,2529781,
879,Conocybe intermedia,ミヤマイチメガサ,223,7648745,
880,Conocybe nodulosospora,コブミノコガサタケ,223,3323294,
881,Conocybe rostellata,,223,2529747,
882,Conocybe subovalis,ヒロハコガサ,223,2529917,
883,Conocybe tenera,コガサタケ,223,7391760,
884,Descolea flavoannulata,キショウゲンジ,224,3351342,
885,Descolea quercina,,224,9272704,
886,Panaeolina foenisecii,ヒメシバフタケ,225,2526698,
887,Panaeolina sagarae,コブミノシバフタケ,225,3316019,
888,Panaeolus antillarum,ジンガサタケモドキ,226,3317043,
889,Panaeolus cinctulus,,226,2526754,
890,Panaeolus fimicola,マグソタケ,226,9110685,
891,Panaeolus papilionaceus,チョウタケ,226,3317061,
892,Panaeolus semiovatus,ジンガサタケ,226,3317006,
893,Panaeolus sepulchralis,,226,3317023,
894,Panaeolus subbalteatus,センボンサイギョウガサ,226,2526740,
895,Amoenoboletus granulopunctatus,,227,12179574,
896,Anthracoporus nigropurpureus,,228,12256537,
897,Aureoboletus auriflammeus,,229,9808003,
898,Aureoboletus auriporus,,229,2524369,
899,Aureoboletus betula,,229,12219829,
900,Aureoboletus liquidus,,229,9763213,
901,Aureoboletus longicollis,,229,8126943,
902,Aureoboletus mirabilis,,229,7572074,
903,Aureoboletus russellii,,229,9662175,
904,Aureoboletus shichianus,,229,9775504,
905,Aureoboletus thibetanus,ヌメリコウジタケ,229,2524386,
906,Aureoboletus viscidipes,,229,9741450,
907,Austroboletus fusisporus,ヤシャイグチ,230,3354497,
908,Austroboletus gracilis,クリカワヤシャイグチ,230,7240561,
909,Austroboletus subvirens,オオヤシャイグチ,230,3354490,
910,Baorangia pseudocalopus,,231,8275389,
911,Boletellus areolatus,,232,10698517,
912,Boletellus aurocontextus,,232,10692695,
913,Boletellus badiovinosus,マルミノアヤメイグチ,232,3354087,
914,Boletellus chrysenteroides,アヤメイグチ,232,3354152,
915,Boletellus elatus,アシナガイグチ,232,3354116,
916,Boletellus emodensis,キクバナイグチ,232,2524863,
917,Boletellus floriformis,,232,2524864,
918,Boletellus obscurecoccineus,ミヤマベニイグチ,232,5898240,
919,Boletus aereus,ススケイグチ,233,8733688,
920,Boletus alutaceus,ニセアワタケ,233,7240520,
921,Boletus aurantiosplendens,,233,6015702,
922,Boletus auripes,コガネヤマドリ,233,7240413,
923,Boletus bannaensis,ナンヨウウラベニイグチ,233,6016287,
924,Boletus cavipes,,233,7721801,
925,Boletus edulis,ナツヤマドリ,233,5954958,
926,Boletus erythropus,,233,7601434,
927,Boletus fuscopunctatus,クラヤミイグチ,233,6015299,
928,Boletus generosus,ヒイロウラベニイロガワリ,233,6015922,
929,Boletus hiratsukae,ススケヤマドリタケ,233,6015983,
930,Boletus hongoi,,233,6016022,
931,Boletus kermesinus,アカネアミアシイグチ,233,7828413,
932,Boletus nigromaculatus,クロアザアワタケ,233,6016159,
933,Boletus odaiensis,オオダイアシベニイグチ,233,6016167,
934,Boletus paluster,,233,5954880,
935,Boletus pseudoluridus,アカアミアシイグチ,233,6016097,
936,Boletus reayi,,233,6015377,
937,Boletus reticulatus,ヤマドリタケモドキ,233,5954691,
938,Boletus reticuloceps,,233,5954982,
939,Boletus rhodocarpus,バライロウラベニイロガワリ,233,6016077,
940,Boletus sensibilis,ミヤマイロガワリ,233,6016049,
941,Boletus speciosus,アカジコウ,233,5954908,
942,Boletus subcinnamomeus,サザナミイグチ,233,6016345,
943,Boletus subfuscus,ススケアワタケ,233,6015622,
944,Boletus subvelutipes,アメリカウラベニイロガワリ,233,6015520,
945,Boletus umbriniporus,,233,6015923,
946,Boletus violaceofuscus,ムラサキヤマドリタケ,233,6016645,
947,Boletus viridis,,233,6016266,
948,Buchwaldoboletus lignicola,,234,2524840,
949,Buchwaldoboletus pseudolignicola,,234,7787831,
950,Butyriboletus appendiculatus,,235,8250249,
951,Butyriboletus cepaeodoratus,,235,8317540,
952,Butyriboletus peckii,,235,7572444,
953,Butyriboletus regius,,235,7617313,
954,Butyriboletus ventricosus,,235,7393584,
955,Caloboletus calopus,,236,8203051,
956,Caloboletus guanyui,,236,9883309,
957,Caloboletus inedulis,,236,7717321,
958,Caloboletus panniformis,,236,7976327,
959,Chalciporus piperatus,カラアミタケ,237,9156243,
960,Chamonixia caespitosa,,238,2524302,
961,Chiua virens,,239,9654671,
962,Crocinoboletus laetissimus,,240,8268479,
963,Cyanoboletus pulverulentus,,241,8140531,
964,Exsudoporus ruber,,242,11479740,
965,Fistulinella viscida,,243,2524772,
966,Harrya chromapes,,244,7432499,
967,Harrya chromipes,,244,9744683,
968,Heimioporus japonicus,ベニイグチ,245,2524662,
969,Heimioporus retisporus,,245,2524668,
970,Heliogaster columellifer,ジャガイモタケ,246,7584614,
971,Hemileccinum hortonii,,247,12123495,
972,Hemileccinum subglabripes,,247,8140114,
973,Hortiboletus rubellus,,248,8060178,
974,Imleria badia,,249,7832732,
975,Imleria obscurebrunnea,,249,8151757,
976,Lanmaoa angustispora,,250,7987481,
977,Leccinellum crocipodium,,251,7638487,
978,Leccinellum griseum,,251,3354045,
979,Leccinellum luteoporum,,251,10872466,
980,Leccinellum pseudoscabrum,,251,9712569,
981,Leccinellum rhodoporosum,,251,9776075,
982,Leccinellum rugosiceps,,251,12235011,
983,Leccinum duriusculum,シリボソヤマイグチ,252,8562027,
984,Leccinum holopus,シロヤマイグチ,252,2524503,
985,Leccinum intusrubens,イロガワリヤマイグチ,252,7532385,
986,Leccinum scabrum,ヤマイグチ,252,9141390,
987,Leccinum schistophilum,,252,2524564,
988,Leccinum subleucophaeum,シブチャヤマイグチ,252,6015232,
989,Leccinum subradicatum,ネナガシロヤマイグチ,252,3354430,
990,Leccinum variicolor,アオネノヤマイグチ,252,2524553,
991,Leccinum versipelle,キンチャヤマイグチ,252,2524490,
992,Mucilopilus castaneiceps,,253,3271349,
993,Neoboletus erythropus,,254,9723190,
994,Neoboletus luridiformis,,254,8208185,
995,Neoboletus obscureumbrinus,,254,10010324,
996,Octaviania asahimontana,,255,7911622,
997,Octaviania asterosperma,,255,2524712,
998,Octaviania celatifilia,,255,8044110,
999,Octaviania decimae,,255,8302596,
1000,Octaviania durianelloides,,255,8029405,
1001,Octaviania etchuensis,,255,7954150,
1002,Octaviania hesperi,,255,8098086,
1003,Octaviania japonimontana,,255,7965174,
1004,Octaviania kobayasii,,255,7476187,
1005,Octaviania mortae,,255,7929743,
1006,Octaviania nonae,,255,8108915,
1007,Octaviania potteri,,255,12262855,
1008,Octaviania tenuipes,,255,11890467,
1009,Octaviania tomentosa,,255,11607912,
1010,Octaviania tuberculata,,255,7578355,
1011,Octaviania yaeyamaensis,,255,8163459,
1012,Parvixerocomus aokii,,256,9663360,
1013,Phylloporus bellus,イロガワリキヒダタケ,257,7240464,
1014,Phylloporus cyanescens,イロガワリキヒダタケ,257,7718063,
1015,Phylloporus orientalis,,257,7240466,
1016,Phylloporus pelletieri,オオミノミヤマキヒダタケ,257,2524468,
1017,Phylloporus rhodoxanthus,アカキヒダタケ,257,2524464,
1018,Porphyrellus fumosipes,,258,3556695,
1019,Porphyrellus pacificus,アシナガクロイグチ,258,3295573,
1020,Porphyrellus porphyrosporus,クロイグチ,258,2524797,
1021,Pseudoaustroboletus valens,ホオベニシロアシイグチ,259,8026958,
1022,Pseudoboletus astraeicola,,260,2524808,
1023,Pulveroboletus brunneoscabrosus,ウロコキイロイグチ,261,3354474,
1024,Pulveroboletus ravenelii,キイロイグチ,261,2524693,
1025,Retiboletus griseus,,262,2524457,
1026,Retiboletus nigerrimus,,262,2524445,
1027,Retiboletus ornatipes,,262,2524455,
1028,Retiboletus retipes,,262,2524450,
1029,Rossbeevera cryptocyanea,,263,9692672,
1030,Rossbeevera eucyanea,,263,8297935,
1031,Rossbeevera griseovelutina,,263,8097271,
1032,Rossbeevera mucosa,,263,7912433,
1033,Rossbeevera paracyanea,,263,9708415,
1034,Rossbeevera yunnanensis,,263,8221067,
1035,Rubinoboletus monstrosus,ダルマイグチ,264,3354053,
1036,Rugiboletus extremiorientalis,,265,7430772,
1037,Strobilomyces confusus,オニイグチモドキ,266,3356259,
1038,Strobilomyces echinocephalus,,266,7660388,
1039,Strobilomyces hongoi,,266,7498366,
1040,Strobilomyces mirandus,トライグチ,266,3356248,
1041,Strobilomyces mollis,,266,3356240,
1042,Strobilomyces nigricans,,266,3356261,
1043,Strobilomyces seminudus,コオニイグチ,266,3356222,
1044,Strobilomyces strobilaceus,オニイグチ,266,9225326,
1045,Strobilomyces verruculosus,ツブカサオニイグチ,266,8329725,
1046,Suillellus luridus,,267,3355021,
1047,Suillellus pictiformis,,267,3563005,
1048,Sutorius brunneissimus,,268,9689383,
1049,Sutorius eximius,,268,7358611,
1050,Sutorius venenatus,,268,9657522,
1051,Turmalinea mesomorpha,,269,9802440,
1052,Turmalinea persicina,,269,9784805,
1053,Turmalinea yuwanensis,,269,9668594,
1054,Tylopilus alboater,オオクロニガイグチ,270,3354662,
1055,Tylopilus alkalixanthus,ウスキニガイグチ,270,7550560,
1056,Tylopilus alutaceoumbrinus,フモトニガイグチ,270,3354537,
1057,Tylopilus argillaceus,アシボソニガイグチ,270,3354572,
1058,Tylopilus balloui,,270,7803533,
1059,Tylopilus castanoides,クリイロニガイグチ,270,3354536,
1060,Tylopilus exiguus,,270,3354613,
1061,Tylopilus felleus,ニガイグチ,270,2524910,
1062,Tylopilus ferrugineus,チャニガイグチ,270,8131567,
1063,Tylopilus fuligineoviolaceus,,270,3354650,
1064,Tylopilus hongoi,,270,3354609,
1065,Tylopilus neofelleus,オリーブニガイグチ,270,6015239,
1066,Tylopilus otsuensis,コビチャニガイグチ,270,3354654,
1067,Tylopilus plumbeoviolaceus,ムラサキニガイグチ,270,3354645,
1068,Tylopilus pseudoscaber,,270,3354652,
1069,Tylopilus rigens,オクヤマニガイグチ,270,3354640,
1070,Tylopilus rugulosoreticulatus,コニガイグチ,270,3354629,
1071,Tylopilus vinosobrunneus,ブドウニガイグチ,270,3354594,
1072,Xanthoconium affine,ウツロイイグチ,271,2524726,
1073,Xerocomellus chrysenteron,,272,2519413,
1074,Xerocomellus zelleri,,272,7691787,
1075,Xerocomus parvulus,,273,3304987,
1076,Xerocomus subtomentosus,,273,2519457,
1077,Boletinellus merulioides,ミダレアミイグチ,274,2525079,
1078,Camarops petersii,ヘタタケ,275,2572416,
1079,Camarops polysperma,クロコバンタケ,275,2572412,
1080,Camarops tubulina,,275,2572421,
1081,Bombardia arachnoidea,,276,3456146,
1082,Bombardia fasciculata,,276,2573162,
1083,Ramophialophora globispora,,277,10843863,
1084,Bondarzewia berkeleyi,オオミヤマトンビマイ,278,2552027,
1085,Bondarzewia dickinsii,,278,9647519,
1086,Bondarzewia mesenterica,ミヤマトンビマイ,278,2552020,
1087,Bondarzewia tibetica,,278,9728197,
1088,Gloiodon strigosus,,279,2552039,
1089,Heterobasidion annosum,マツノネクチタケ,280,2551968,
1090,Heterobasidion ecrustosum,,280,8074043,
1091,Heterobasidion insulare,レンガタケ,280,2552010,
1092,Heterobasidion irregulare,,280,7372572,
1093,Heterobasidion orientale,,280,7935605,
1094,Heterobasidion parviporum,,280,2552009,
1095,Laurilia sulcata,カサウロコタケモドキ,281,2552551,
1096,Lauriliella taxodii,,282,10711654,
1097,Stecchericium acanthophysium,,283,2551870,
1098,Wrightoporia cinnamomea,,284,2551907,
1099,Wrightoporia iobapha,,284,2551942,
1100,Wrightoporia ochrocrocea,,284,2551914,
1101,Botryobasidium conspersum,,285,2554937,
1102,Botryobasidium isabellinum,,285,2554886,
1103,Botryobasidium medium,,285,2554960,
1104,Botryobasidium obtusisporum,,285,2555044,
1105,Botryobasidium ramosissimum,,285,12261937,
1106,Botryobasidium rubiginosum,,285,9753265,
1107,Botryobasidium simile,,285,3367506,
1108,Botryobasidium subcoronatum,,285,2554974,
1109,Botryobasidium vagum,,285,2554950,
1110,Haplotrichum croceum,,286,6327268,
1111,Auerswaldiella puccinioides,,287,2612356,
1112,Botryosphaeria berengeriana,,288,2611558,
1113,Botryosphaeria dothidea,,288,2611548,
1114,Botryosphaeria kuwatsukai,,288,7848430,
1115,Botryosphaeria qingyuanensis,,288,10810327,
1116,Botryosphaeria ramosa,,288,7824385,
1117,Botryosphaeria sinensis,,288,10717607,
1118,Botryosphaeria stevensii,,288,2611631,
1119,Botryosphaeria tenuispora,,288,12221348,
1120,Diplodia chrysanthemella,,289,3518625,
1121,Diplodia maculans,,289,3518102,
1122,Diplodia magnoliae,,289,2612263,
1123,Diplodia oryzae,,289,3518209,
1124,Diplodia seriata,,289,3517956,
1125,Diplodia taxi,,289,2612312,
1126,Dothiora prunorum,,290,9754720,
1127,Dothiorella dasycarpi,,291,3519000,
1128,Dothiorella paulowniae,,291,3519145,
1129,Fusicoccum phomiformis,,292,3517490,
1130,Fusicoccum quercus,,292,2611679,
1131,Lasiodiplodia theobromae,,293,2611222,
1132,Macrophoma castaneicola,,294,3287496,
1133,Macrophoma commelinae,,294,3567210,
1134,Macrophoma haraeana,,294,3554833,
1135,Macrophoma japonica,,294,3552847,
1136,Macrophoma juglandis,,294,9525733,
1137,Macrophoma lilii,,294,3273249,
1138,Macrophoma mexicana,,294,3305552,
1139,Macrophoma polygonati,,294,3277967,
1140,Macrophoma quercicola,,294,3294936,
1141,Macrophomina phaseolina,,295,2611508,
1142,Microdiplodia wistariae,,296,5509038,
1143,Neofusicoccum laricinum,,297,12184981,
1144,Neofusicoccum mangiferae,,297,2611784,
1145,Neofusicoccum parvum,,297,2611893,
1146,Neofusicoccum ribis,,297,2611911,
1147,Neoscytalidium dimidiatum,,298,2611786,
1148,Septorioides pini-thunbergii,,299,7444367,
1149,Sphaeropsis cryptomeriae,,300,7532231,
1150,Sphaeropsis sapinea,,300,2591884,
1151,Sphaeropsis spinulosa,,300,8249307,
1152,Dicellomyces gloeosporus,ササノヒメサラタケ,301,2513307,
1153,Kordyana commelinae,,302,2513300,
1154,Kordyana tradescantiae,,302,2513304,
1155,Meira argovae,,303,12132456,
1156,Meira nashicola,,303,11945449,
1157,Brigantiaea crystallina,,304,11859487,
1158,Brigantiaea ferruginea,,304,3393305,
1159,Brigantiaea fuscolutea,,304,3393319,
1160,Brigantiaea leucoxantha,,304,3393332,
1161,Brigantiaea nipponica,,304,3393330,
1162,Brigantiaea sorediata,,304,8615232,
1163,Bryoglossum gracile,,305,2586705,
1164,Neocudoniella albiceps,ニセズキンタケ,306,3486736,
1165,Neocudoniella jezoensis,,306,5952993,
1166,Buckleyzyma aurantiaca,,307,9652462,
1167,Buckleyzyma phyllomatis,,307,10661562,
1168,Buckleyzyma salicina,,307,9656773,
1169,Bulgaria inquinans,クロキクラゲ,308,2577614,
1170,Holwaya mucida,ナガミノクロサラタケ,309,3481158,
1171,Bullera alba,,310,2518293,
1172,Bullera armeniaca,,310,2518405,
1173,Bullera hannae,,310,2518407,
1174,Bullera miyagiana,,310,3370747,
1175,Bullera penniseticola,,310,3370710,
1176,Bullera unica,,310,2518403,
1177,Pseudotremella lacticolor,,311,9687484,
1178,Bulleribasidium variabile,,312,9802453,
1179,Derxomyces boninensis,,313,3371566,
1180,Derxomyces huiaensis,,313,3371554,
1181,Derxomyces komagatae,,313,3371561,
1182,Derxomyces mrakii,,313,3371555,
1183,Derxomyces pseudohuiaensis,,313,3371556,
1184,Derxomyces qinlingensis,,313,3371571,
1185,Derxomyces schimicola,,313,3371557,
1186,Derxomyces waltii,,313,3371572,
1187,Hannaella luteola,,314,3371585,
1188,Hannaella oryzae,,314,3371584,
1189,Hannaella sinensis,,314,6016945,
1190,Hannaella surugaensis,,314,3371576,
1191,Vishniacozyma victoriae,,315,9757814,
1192,Barubria fuscorubra,,316,3393757,
1193,Byssolecania hymenocarpa,,317,3402764,
1194,Byssolecania variabilis,,317,3402765,
1195,Byssoloma annuum,,318,3402247,
1196,Byssoloma chlorinum,,318,3402252,
1197,Byssoloma leucoblepharum,,318,2607443,
1198,Byssoloma minutissimum,,318,3402300,
1199,Byssoloma subdiscordans,,318,2607441,
1200,Byssoloma subleucoblepharum,,318,3402322,
1201,Byssoloma vanderystii,,318,3402312,
1202,Calopadia puiggarii,,319,2608688,
1203,Calopadia subcoerulescens,,319,2608695,
1204,Eugeniella leucocheila,,320,6755232,
1205,Eugeniella micrommata,,320,9167370,
1206,Fellhanera bouteillei,,321,2607315,
1207,Fellhanera microdiscus,,321,3402668,
1208,Fellhanera subtilis,,321,2607305,
1209,Fellhaneropsis kurokawana,,322,3402351,
1210,Lasioloma arachnoideum,,323,2608714,
1211,Leimonis erratica,,324,2607298,
1212,Micarea adnata,,325,2607431,
1213,Micarea botryoides,,325,2607392,
1214,Micarea byssacea,,325,7186965,
1215,Micarea deminuta,,325,3402596,
1216,Micarea denigrata,,325,2607412,
1217,Micarea globulosella,,325,2607425,
1218,Micarea hedlundii,,325,2607432,
1219,Micarea inopinula,,325,11642263,
1220,Micarea inquinans,,325,2607436,
1221,Micarea lignaria,,325,11070308,
1222,Micarea lithinella,,325,2607319,
1223,Micarea melaena,,325,2607325,
1224,Micarea micrococca,,325,3402543,
1225,Micarea misella,,325,2607362,
1226,Micarea peliocarpa,,325,2607367,
1227,Micarea prasina,,325,2607377,
1228,Micarea rubioides,,325,12185855,
1229,Micarea synotheoides,,325,2607353,
1230,Sporopodium flavescens,,326,2608753,
1231,Sporopodium leprieurii,,326,2608737,
1232,Sporopodium phyllocharis,,326,2608739,
1233,Tapellaria nigrata,,327,3393925,
1234,Arecophila muroiana,,328,3464181,
1235,Endocalyx cinctus,,329,2590887,
1236,Endocalyx grossus,,329,12232401,
1237,Endocalyx indumentum,,329,2590888,
1238,Endocalyx melanoxanthus,ネンキンモドキ,329,3477753,
1239,Calcarisporium arbuscula,,330,2562100,
1240,Calcarisporiella thermophila,,331,2589260,
1241,Acroscyphus sphaerophoroides,,332,5478804,
1242,Amandinea extenuata,,333,5261488,
1243,Amandinea punctata,,333,5261442,
1244,Amandinea xylographella,,333,5478822,
1245,Buellia crocata,,334,3432444,
1246,Buellia dialyta,,334,2609799,
1247,Buellia disciformis,,334,11070806,
1248,Buellia erubescens,,334,2609502,
1249,Buellia numerosa,,334,9801228,
1250,Buellia parasema,,334,3431921,
1251,Buellia spuria,,334,2609433,
1252,Buellia stellulata,,334,2609452,
1253,Buellia subnexa,,334,3432404,
1254,Buellia subnumerosa,,334,9756609,
1255,Buellia vernicoma,,334,3432002,
1256,Buellia yoshimurae,,334,10676227,
1257,Calicium abietinum,,335,2609263,
1258,Calicium chlorosporum,,335,2609269,
1259,Calicium glaucellum,,335,2609247,
1260,Calicium hyperelloides,,335,2609879,
1261,Calicium lenticulare,,335,2609250,
1262,Calicium muriformis,,335,3433116,
1263,Calicium salicinum,,335,2609276,
1264,Calicium trabinellum,,335,2609253,
1265,Calicium viride,,335,2609261,
1266,Cratiria lauri-cassiae,,336,2609796,
1267,Diploicia canescens,,337,10956142,
1268,Diplotomma pharcidium,,338,5261496,
1269,Dirinaria aegialita,,339,9191809,
1270,Dirinaria applanata,,339,2609212,
1271,Dirinaria aspera,,339,2609206,
1272,Dirinaria consimilis,,339,2609718,
1273,Dirinaria picta,,339,2609710,
1274,Pyxine berteriana,,340,8142871,
1275,Pyxine cocoes,,340,4281360,
1276,Pyxine endochrysina,,340,2609671,
1277,Pyxine glaucovirescens,,340,2609315,
1278,Pyxine limbulata,,340,3432986,
1279,Pyxine retirugella,,340,2609659,
1280,Pyxine sorediata,,340,2609314,
1281,Pyxine subcinerea,,340,2609306,
1282,Sculptolumina japonica,,341,2609604,
1283,Callistosporium luteo-olivaceum,ヒメキシメジ,342,2532068,
1284,Macrocybe crassa,,343,2531670,
1285,Macrocybe gigantea,,343,2531680,
1286,Macrocybe spectabilis,ニオウシメジ,343,2531673,
1287,Hyalacrotes pseudopani,,344,3488421,
1288,Leohumicola incrustata,,345,3484220,
1289,Leohumicola minima,,345,2577745,
1290,Caloscypha fulgens,キチャワンタケ,346,2593405,
1291,Jattaea mookgoponga,,347,3458710,
1292,Natantiella ligneola,,348,5895429,
1293,Calostoma japonicum,クチベニタケ,349,5898261,
1294,Calostoma junghuhnii,ナンカイクチベニタケ,349,5898257,
1295,Calostoma ravenelii,ツチイチジク,349,6016655,
1296,Calostoma variispora,,349,3356654,
1297,Camarosporium phyllostachydis,,350,8220505,
1298,Camarosporidiella elongata,,351,9699540,
1299,Glaciozyma antarctica,,352,11603237,
1300,Cancellidium applanatum,,353,2562216,
1301,Candelaria asiatica,,354,10789912,
1302,Candelaria concolor,,354,8732724,
1303,Candelaria fibrosa,,354,5260444,
1304,Candelariella vitellina,,355,7086670,
1305,Aithaloderma camelliae,,356,3499461,
1306,Apiosporium pinophilum,,357,2620005,
1307,Astragoxyphium catalpae,,358,7254273,
1308,Capnodium citri,,359,2619967,
1309,Capnodium elongatum,,359,2619988,
1310,Capnophaeum citricola,,360,3499417,
1311,Hypocapnodium japonicum,,361,3308085,
1312,Leptoxyphium axillatum,,362,2619998,
1313,Leptoxyphium fumago,,362,12188179,
1314,Phaeocryptopus nudus,,363,2612586,
1315,Phaeocryptopus podocarpi,,363,3523851,
1316,Tripospermum acerinum,,364,3499499,
1317,Tripospermum chiayiense,,364,3499496,
1318,Tripospermum infalcatum,,364,3499507,
1319,Tripospermum myrti,,364,2620016,
1320,Carbonicola anthracophila,,365,7759981,
1321,Caryospora langloisii,,366,5513942,
1322,Caryospora putaminum,,366,10776007,
1323,Castanediella communis,,367,9671925,
1324,Castanediella couratarii,,367,8182811,
1325,Castanediella eucalypti,,367,7669847,
1326,Castanediella hyalopenicillata,,367,9721987,
1327,Castanediella malaysiana,,367,9801370,
1328,Catenomyces persicinus,,368,2626850,
1329,Catillaria japonica,,369,12251072,
1330,Cenangium ferruginosum,,370,2582754,
1331,Cenangium japonicum,,370,3487281,
1332,Chlorencoelia torta,,371,2580537,
1333,Chlorencoelia versiformis,コケイロサラタケ,371,2580540,
1334,Encoelia cubensis,,372,5495663,
1335,Encoelia furfuracea,,372,9020044,
1336,Heyderia abietis,マツバヒメカンムリタケ,373,5255919,
1337,Mitrula paludosa,カムリタケ,374,5256775,
1338,Trochila symploci,,375,5497187,
1339,Cephaloascus fragrans,,376,2599659,
1340,Albertiniella polyporicola,,377,2573828,
1341,Phialemonium inflatum,,378,7939306,
1342,Ceratobasidium cereale,,379,2555144,
1343,Ceratobasidium cornigerum,,379,2555120,
1344,Ceratobasidium setariae,,379,2555141,
1345,Ceratorhiza hydrophila,,380,7559942,
1346,Rhizoctonia floccosa,,381,2555083,
1347,Rhizoctonia fumigata,,381,2555087,
1348,Rhizoctonia oryzae-sativae,,381,2555100,
1349,Rhizoctonia solani,,381,2555201,
1350,Thanatephorus microsclerotium,,382,3368670,
1351,Ambrosiella hartigii,,383,5252280,
1352,Berkeleyomyces basicola,,384,9857775,
1353,Berkeleyomyces rouxiae,,384,10828719,
1354,Catunica adiposa,,385,10745756,
1355,Ceratocystis fagacearum,,386,5252299,
1356,Ceratocystis ficicola,,386,7727774,
1357,Ceratocystis fimbriata,,386,5252354,
1358,Ceratocystis ips,,386,5252311,
1359,Ceratocystis minor,マツノクワイカビ,386,5252301,
1360,Ceratocystis paradoxa,,386,5252313,
1361,Ceratocystis piceae,,386,5254277,
1362,Ceratocystis pilifera,,386,5252322,
1363,Ceratocystis variospora,,386,5252362,
1364,Endoconidiophora coerulescens,,387,2564805,
1365,Endoconidiophora fujiensis,,387,8174825,
1366,Endoconidiophora laricicola,,387,7662225,
1367,Endoconidiophora polonica,,387,7472926,
1368,Grosmannia aenigmatica,,388,2573913,
1369,Grosmannia bistata,,388,12210463,
1370,Grosmannia davidsonii,,388,2573895,
1371,Grosmannia laricis,,388,2573901,
1372,Grosmannia pruni,,388,12206389,
1373,Grosmannia yunnanensis,,388,3458450,
1374,Ophiostoma breviusculum,,389,5486710,
1375,Ophiostoma japonicum,,389,5486721,
1376,Ophiostoma koreanum,,389,5486720,
1377,Ophiostoma longicollum,,389,5486677,
1378,Ophiostoma nigrogranum,,389,5486687,
1379,Ophiostoma novo-ulmi,,389,5254231,
1380,Ophiostoma ssiori,,389,5486674,
1381,Ophiostoma subalpinum,,389,5486708,
1382,Ophiostoma ulmi,,389,5254314,
1383,Thielavia aurantiaca,,390,3455360,
1384,Toshionella nipponensis,,391,10820325,
1385,Toshionella transmara,,391,10870680,
1386,Autoicomyces falcifer,,392,3441982,
1387,Autoicomyces japonicus,,392,3441965,
1388,Ceratosphaeria ervatamiicola,,393,3456424,
1389,Ceratosphaeria grandis,,393,3456472,
1390,Ceratosphaeria philippinarum,,393,3456462,
1391,Ceratosphaeria pusilla,,393,3456439,
1392,Ceratosphaeria silva-nigra,,393,3456464,
1393,Acrospeira mirabilis,,394,2589248,
1394,Arxiomyces campanulatus,,395,2565711,
1395,Harzia acremonioides,,396,2565832,
1396,Harzia sphaerospora,,396,9812977,
1397,Harzia verrucosa,,396,2565835,
1398,Melanospora mycoparasitica,,397,10047535,
1399,Melanospora zamiae,,397,5252559,
1400,Microthecium inferius,,398,12214165,
1401,Microthecium japonicum,,398,10240434,
1402,Microthecium lenticulare,,398,9939153,
1403,Microthecium levitum,,398,2565731,
1404,Microthecium micropertusum,,398,10255942,
1405,Papulaspora nishigaharana,,399,3456997,
1406,Papulaspora spinulosa,,399,3456990,
1407,Pteridiosperma ciliatum,,400,2565752,
1408,Pteridiosperma foveolatum,,400,3455108,
1409,Sphaerodes compressa,,401,5252537,
1410,Sphaerodes retispora,,401,3455149,
1411,Cerinomyces aculeatus,,402,2512837,
1412,Cerinomyces albosporus,,402,2512838,
1413,Cerinomyces canadensis,,402,2512843,
1414,Cerinomyces pallidus,,402,2512845,
1415,Cerinomyces tortus,,402,12053263,
1416,Cerrena albocinnamomea,,403,7994886,
1417,Cerrena caperata,,403,2546524,
1418,Cerrena cystidiata,,403,2545980,
1419,Cerrena hydnoides,,403,9012872,
1420,Cerrena unicolor,ミダレアミタケ,403,9070104,
1421,Cerrena zonata,,403,7685922,
1422,Pseudospongipellis delectans,,404,12186480,
1423,Raduliporus aneirinus,,405,2544356,
1424,Aplopsora dicentrae,,406,2517422,
1425,Aplopsora tanakae,,406,2517426,
1426,Ceraceopsora elaeagni,,407,2517431,
1427,Maravalia achroa,,408,3373344,
1428,Chaetomella raphigera,,409,2577798,
1429,Discohainesia oenotherae,,410,2577749,
1430,Pilidium acerinum,,411,2584423,
1431,Pilidium concavum,,411,2584418,
1432,Pilidium lythri,,411,8124234,
1433,Sclerotiopsis testudinea,,412,3566283,
1434,Sphaerographium induratum,,413,3488337,
1435,Achaetomiella gracilis,,414,12183709,
1436,Achaetomium macrosporum,,415,2573479,
1437,Acrophialophora fusispora,,416,2592090,
1438,Acrophialophora jodhpurensis,,416,10704671,
1439,Acrophialophora levis,,416,2592094,
1440,Amesia atrobrunnea,,417,9768935,
1441,Arcopilus cupreus,,418,9693852,
1442,Arcopilus fusiformis,,418,9776570,
1443,Arcopilus megasporus,,418,12193110,
1444,Arxotrichum piluliferoides,,419,12232542,
1445,Botryotrichum inquinatum,,420,12242436,
1446,Botryotrichum murorum,,420,9685875,
1447,Chaetomidium fimeti,,421,2573795,
1448,Chaetomium africanum,,422,3455430,
1449,Chaetomium afropilosum,,422,9801860,
1450,Chaetomium citrinum,,422,2573632,
1451,Chaetomium elatum,,422,2573666,
1452,Chaetomium globosum,,422,2573741,
1453,Chaetomium piluliferum,,422,2573637,
1454,Chaetomium torulosum,,422,2573740,
1455,Chaetomium trigonosporum,,422,2573648,
1456,Chaetomium umbratile,,422,3455604,
1457,Chaetomium uniapiculatum,,422,2573657,
1458,Collariella robusta,,423,10774627,
1459,Dichotomopilus erectus,,424,9763920,
1460,Dichotomopilus funicola,,424,9686952,
1461,Dichotomopilus fusus,,424,10741127,
1462,Dichotomopilus indicus,,424,9765370,
1463,Dichotomopilus reflexus,,424,9688404,
1464,Dichotomopilus subfunicola,,424,9718016,
1465,Humicola alopallonella,,425,2573545,
1466,Humicola fuscoatra,,425,2573547,
1467,Humicola homopilata,,425,10293484,
1468,Humicola malaysiensis,,425,10699814,
1469,Humicola nigrescens,,425,2573550,
1470,Humicola olivacea,,425,9817289,
1471,Humicola udagawae,,425,10766812,
1472,Ovatospora senegalensis,,426,10328912,
1473,Parachaetomium carinthiacum,,427,12196415,
1474,Parachaetomium subspirilliferum,,427,12246639,
1475,Pseudohumicola semispiralis,,428,12197924,
1476,Pseudohumicola subspiralis,,428,12215320,
1477,Pseudothielavia hamadae,,429,10721047,
1478,Pseudothielavia terricola,,429,10679683,
1479,Retroconis fusiformis,,430,2589901,
1480,Staphylotrichum boninense,,431,7559672,
1481,Staphylotrichum coccosporum,,431,2591002,
1482,Stellatospora terricola,,432,2573578,
1483,Thermothelomyces hinnuleus,,433,9780653,
1484,Thermothielavioides terrestris,,434,10892796,
1485,Trichocladium achrasporum,,435,8086554,
1486,Trichocladium griseum,,435,9994751,
1487,Trichocladium nigrospermum,,435,10843122,
1488,Trichocladium pyriforme,,435,2573497,
1489,Xanthiomyces spinosus,,436,12216315,
1490,Chaetosphaerella phaeostroma,クロビロードカビ,437,2577462,
1491,Diplosporium codonopsidis,,438,3280411,
1492,Diplosporium flavum,,438,2577502,
1493,Arcuatospora novae-zelandiae,,439,12176842,
1494,Chaetosphaeria dilabens,,440,3464368,
1495,Chaetosphaeria fusispora,,440,8274840,
1496,Chaetosphaeria hiugensis,,440,3464375,
1497,Chaetosphaeria nagatensis,,440,3464396,
1498,Chaetosphaeria yosie-hidakae,,440,3464415,
1499,Chloridium aseptatum,,441,10673716,
1500,Chloridium chloroconium,,441,9742747,
1501,Chloridium gonytrichii,,441,9699364,
1502,Chloridium humicola,,441,12110057,
1503,Codinaeella lambertiae,,442,12227726,
1504,Codinaeella minuta,,442,12239235,
1505,Conicomyces pseudotransvaalensis,,443,7561627,
1506,Cryptophiale udagawae,,444,2588107,
1507,Cylindrotrichum aquaticum,,445,10764019,
1508,Cylindrotrichum zignoellae,,445,2565534,
1509,Dendrophoma iridis,,446,3304301,
1510,Dictyochaeta callimorpha,,447,12207038,
1511,Dictyochaetopsis gonytrichodes,,448,7941932,
1512,Ellisembia minigelatinosa,,449,3458685,
1513,Exserticlava triseptata,,450,3551470,
1514,Exserticlava vasiformis,,450,2589683,
1515,Menisporopsis theobromae,,451,2565210,
1516,Miyoshiella fusispora,,452,3307238,
1517,Multiguttulispora dimorpha,,453,12228184,
1518,Neopseudolachnella acutispora,,454,7822815,
1519,Neopseudolachnella magnispora,,454,8189249,
1520,Neopseudolachnella uniseptata,,454,7370341,
1521,Paragaeumannomyces raciborskii,,455,11961347,
1522,Phialosporostilbe gregariclava,,456,3389142,
1523,Pseudodinemasporium fabiforme,,457,7395494,
1524,Pseudolachnea fraxini,,458,7849537,
1525,Pseudolachnea hispidula,,458,5258019,
1526,Pseudolachnella asymmetrica,,459,7883870,
1527,Pseudolachnella botulispora,,459,7690312,
1528,Pseudolachnella brevicoronata,,459,8157041,
1529,Pseudolachnella brevifusiformis,,459,9788584,
1530,Pseudolachnella campylospora,,459,7384327,
1531,Pseudolachnella complanata,,459,8204185,
1532,Pseudolachnella coronata,,459,3288730,
1533,Pseudolachnella falcatispora,,459,7355942,
1534,Pseudolachnella fusiformis,,459,8126465,
1535,Pseudolachnella longiciliata,,459,3288703,
1536,Pseudolachnella pachyderma,,459,8173543,
1537,Pseudolachnella ryukyuensis,,459,3288693,
1538,Pseudolachnella scolecospora,,459,3554441,
1539,Pseudolachnella setulosa,,459,3288681,
1540,Pseudolachnella yakushimensis,,459,7808310,
1541,Sporoschisma hemipsilum,,460,7873831,
1542,Tainosphaeria parva,,461,12251621,
1543,Tainosphaeria siamensis,,461,9700681,
1544,Tainosphaeria simplex,,461,12254003,
1545,Thozetella lithocarpi,,462,10774348,
1546,Ballistosporomyces sasicola,,463,9700325,
1547,Ballistosporomyces taupoensis,,463,9771441,
1548,Ballistosporomyces xanthus,,463,2556441,
1549,Cystobasidiopsis lactophila,,464,9722041,
1550,Kurtzmanomyces nectairei,,465,2556529,
1551,Mycogloea nipponica,,466,2556548,
1552,Mycogloea tahitiensis,,466,2556538,
1553,Chlorociboria aeruginascens,ロクショウグサレキンモドキ,467,8411734,
1554,Chlorociboria aeruginella,,467,7884878,
1555,Chlorociboria aeruginosa,ロクショウグサレキン,467,8618255,
1556,Chlorociboria argentinensis,,467,5256942,
1557,Chlorociboria macrospora,,467,5256929,
1558,Chlorociboria omnivirens,ヒメロクショウグサレキン,467,5256938,
1559,Chlorosplenium cenangium,,468,2580640,
1560,Chlorosplenium chlora,,468,2580643,
1561,Chlorosplenium rugipes,,468,3490553,
1562,Choanephora cucurbitarum,,469,2558410,
1563,Choanephora infundibulifera,,469,2558422,
1564,Gilbertella persicaria,,470,5250355,
1565,Poitrasia circinans,,471,2558439,
1566,Chorioactis geaster,キリノミタケ,472,7761763,
1567,Desmazierella acicola,マツバノヒゲワンタケ,473,5259114,
1568,Phaeosolenia inconspicua,,474,2527799,
1569,Chrysothrix candelaris,,475,5258337,
1570,Chrysothrix flavovirens,,475,8411046,
1571,Chrysothrix occidentalis,,475,5258343,
1572,Galbinothrix caesiopruinosa,,476,10699825,
1573,Melarthonis piceae,,477,10748625,
1574,Bannozyma yamatoana,,478,9654581,
1575,Chrysozyma griseoflava,,479,9812317,
1576,Fellozyma inositophila,,480,9774972,
1577,Oberwinklerozyma yarrowii,,481,9752331,
1578,Sampaiozyma ingeniosa,,482,9755275,
1579,Slooffia tsugae,,483,9699732,
1580,Spencerozyma crocea,,484,9651811,
1581,Yunzhangia auriculariae,,485,9775040,
1582,Algochytrops polysiphoniae,,486,7538396,
1583,Zygorhizidium planktonicum,,487,2627019,
1584,Zygorhizidium willei,,487,3384667,
1585,Chytriomyces hyalinus,,488,3384727,
1586,Pendulichytrium sphaericum,,489,10828849,
1587,Rhizoclosmatium globosum,,490,2627030,
1588,Cladochytrium menyanthis,,491,10753920,
1589,Cladochytrium tenue,,491,2627343,
1590,Cladia aggregata,,492,3391824,
1591,Cladia terebrata,,492,9783656,
1592,Cladonia adspersa,,493,3391678,
1593,Cladonia albonigra,,493,3390859,
1594,Cladonia alpina,,493,3390733,
1595,Cladonia amaurocraea,,493,7246667,
1596,Cladonia angustata,,493,2607607,
1597,Cladonia arbuscula,,493,10950385,
1598,Cladonia asahinae,,493,2607602,
1599,Cladonia bacillaris,,493,10485406,
1600,Cladonia bellidiflora,,493,2607724,
1601,Cladonia borealis,,493,2607717,
1602,Cladonia boryi,,493,7246785,
1603,Cladonia botrytes,,493,2607624,
1604,Cladonia brevis,,493,3391352,
1605,Cladonia caespiticia,,493,8410694,
1606,Cladonia calycantha,,493,3390177,
1608,Cladonia capitellata,,493,8675049,
1609,Cladonia cariosa,,493,2607655,
1610,Cladonia cenotea,,493,2607716,
1611,Cladonia ceratophylla,,493,3390259,
1612,Cladonia ceratophyllina,,493,7246821,
1613,Cladonia cervicornis,,493,10955802,
1614,Cladonia chlorophaea,,493,2607697,
1615,Cladonia coccifera,,493,7246653,
1616,Cladonia coniocraea,,493,2607534,
1617,Cladonia conista,,493,8379248,
1618,Cladonia corniculata,,493,2607573,
1619,Cladonia cornuta,,493,12220710,
1620,Cladonia crispata,,493,11022613,
1621,Cladonia cryptochlorophaea,,493,3390095,
1622,Cladonia cyanipes,,493,7246865,
1623,Cladonia deformis,,493,9075436,
1624,Cladonia didyma,,493,2607540,
1625,Cladonia digitata,,493,12242676,
1626,Cladonia dissimilis,,493,3390288,
1627,Cladonia ecmocyna,,493,2607643,
1628,Cladonia fenestralis,,493,3391139,
1629,Cladonia fimbriata,,493,2607701,
1630,Cladonia floerkeana,,493,7453254,
1631,Cladonia foliacea,,493,2607590,
1632,Cladonia fragosa,,493,10804130,
1633,Cladonia fruticulosa,,493,2607604,
1634,Cladonia furcata,,493,7246646,
1635,Cladonia glauca,,493,8658446,
1636,Cladonia gracilis,,493,2607596,
1637,Cladonia granulans,,493,7246854,
1638,Cladonia grayi,,493,3390106,
1639,Cladonia homosekikaica,,493,2607556,
1640,Cladonia hondensis,,493,8490942,
1641,Cladonia humilis,,493,2607526,
1642,Cladonia incrassata,,493,7984707,
1643,Cladonia koyaensis,,493,3390393,
1644,Cladonia krempelhuberi,,493,2607569,
1645,Cladonia kurokawae,,493,3390946,
1646,Cladonia libifera,,493,3391747,
1647,Cladonia macilenta,,493,7246716,
1648,Cladonia macrophylla,,493,2607629,
1649,Cladonia macrophyllodes,,493,2607617,
1650,Cladonia macroptera,,493,7246907,
1651,Cladonia maxima,,493,2607533,
1652,Cladonia merochlorophaea,,493,2607656,
1653,Cladonia mitis,,493,2607650,
1654,Cladonia nipponica,,493,3390099,
1655,Cladonia norvegica,,493,3390102,
1656,Cladonia novochlorophaea,,493,3390714,
1657,Cladonia oceanica,,493,3391485,
1658,Cladonia ochrochlora,,493,7800386,
1659,Cladonia parasitica,,493,2607631,
1660,Cladonia peziziformis,,493,2607635,
1661,Cladonia phyllophora,,493,2607575,
1662,Cladonia pleurota,,493,2607718,
1663,Cladonia polydactyla,,493,10907622,
1664,Cladonia portentosa,,493,3390030,
1665,Cladonia pseudevansii,,493,8445960,
1666,Cladonia pseudodidyma,,493,7246629,
1667,Cladonia pseudoevansii,,493,3390563,
1668,Cladonia pseudogymnopoda,,493,7246781,
1669,Cladonia pseudohondoensis,,493,3391035,
1670,Cladonia pseudorangiformis,,493,3390866,
1671,Cladonia pseudostellata,,493,3390833,
1672,Cladonia pycnoclada,,493,8550169,
1673,Cladonia pyxidata,,493,2607695,
1674,Cladonia ramulosa,,493,2607557,
1675,Cladonia rangiferina,,493,8597577,
1676,Cladonia rappii,,493,3390682,
1677,Cladonia rei,,493,2607620,
1678,Cladonia scabriuscula,,493,2607681,
1679,Cladonia sobolescens,,493,3390427,
1680,Cladonia squamosa,,493,7246650,
1681,Cladonia stellaris,,493,2607712,
1682,Cladonia straminea,,493,9746241,
1683,Cladonia strepsilis,,493,12181696,
1684,Cladonia stricta,,493,2607595,
1685,Cladonia subcariosa,,493,7246798,
1686,Cladonia subconistea,,493,3390882,
1687,Cladonia subdecaryana,,493,3390268,
1688,Cladonia subfurcata,,493,3391629,
1689,Cladonia submitis,,493,7246752,
1690,Cladonia submultiformis,,493,3390849,
1691,Cladonia subpityrea,,493,3390364,
1692,Cladonia subradiata,,493,2607606,
1693,Cladonia subsquamosa,,493,2607555,
1694,Cladonia subsubulata,,493,3391160,
1695,Cladonia subtenuis,,493,3390341,
1696,Cladonia subulata,,493,2607703,
1697,Cladonia sulphurina,,493,2607566,
1698,Cladonia tessellata,,493,2607670,
1699,Cladonia trassii,,493,3391709,
1700,Cladonia turgida,,493,7246760,
1701,Cladonia uncialis,,493,6606867,
1702,Cladonia valida,,493,3391329,
1703,Cladonia vulcani,,493,3390324,
1704,Cladonia wainioi,,493,3391666,
1705,Cladonia yunnana,,493,3390799,
1706,Cladonia zopfii,,493,2607532,
1707,Gymnoderma coccocarpum,,494,5470393,
1708,Gymnoderma insulare,,494,5470391,
1709,Pilophorus acicularis,,495,5261257,
1710,Pilophorus boninanus,,495,11373826,
1711,Pilophorus clavatus,,495,2607515,
1712,Pilophorus curtulus,,495,7547649,
1713,Pilophorus nigricaulis,,495,5261255,
1714,Thysanothecium casuarinarum,,496,7246731,
1715,Thysanothecium scutellatum,,496,2607731,
1716,Cladosporium allicinum,,497,8276645,
1717,Cladosporium allii,,497,2620347,
1718,Cladosporium allii-cepae,,497,2620352,
1719,Cladosporium anthropophilum,,497,9681830,
1720,Cladosporium cladosporioides,,497,2620657,
1721,Cladosporium colocasiae,,497,2620645,
1722,Cladosporium cucumerinum,,497,2620564,
1723,Cladosporium delicatulum,,497,3502008,
1724,Cladosporium epiphyllum,,497,2620595,
1725,Cladosporium fluvum,,497,6123855,
1726,Cladosporium funiculosum,,497,2620538,
1727,Cladosporium halotolerans,,497,3501864,
1728,Cladosporium herbarum,,497,2620585,
1729,Cladosporium iridis,,497,2620552,
1730,Cladosporium lactucae,,497,3501918,
1731,Cladosporium macrocarpum,,497,2620615,
1732,Cladosporium minourae,,497,2620523,
1733,Cladosporium minusculum,,497,3501850,
1734,Cladosporium oxysporum,,497,2620494,
1735,Cladosporium perangustum,,497,8403664,
1736,Cladosporium phlei,,497,2620521,
1737,Cladosporium pseudocladosporioides,,497,7569668,
1738,Cladosporium rectoides,,497,8101581,
1739,Cladosporium sphaerospermum,,497,2620632,
1740,Cladosporium tenuissimum,,497,2620623,
1741,Cladosporium variabile,,497,2620610,
1742,Cladosporium victorialis,,497,2620591,
1743,Rachicladosporium iridis,,498,11915790,
1744,Toxicocladosporium irritans,,499,2624957,
1745,Camarophyllopsis atrovelutina,,500,2538391,
1746,Camarophyllopsis schulzeri,,500,2538357,
1747,Clavaria acuta,シロヤリタケ,501,5244553,
1748,Clavaria californica,,501,5446728,
1749,Clavaria cristatula,,501,5446575,
1750,Clavaria flavipes,,501,5244536,
1751,Clavaria fragilis,,501,5244501,
1752,Clavaria fumosa,サヤナギナタタケ,501,5244508,
1753,Clavaria fuscata,,501,5446859,
1754,Clavaria globospora,,501,5244566,
1755,Clavaria inaequalis,,501,5244392,
1756,Clavaria martinii,,501,5446704,
1757,Clavaria meakanensis,メアカンナギナタタケ,501,5447208,
1758,Clavaria miyabeana,,501,9532491,
1759,Clavaria murina,,501,5446961,
1760,Clavaria rosea,センコウタケ,501,8241145,
1762,Clavaria subacuta,ムニンヤリノホタケ,501,5244543,
1763,Clavaria subfalcata,,501,5446817,
1764,Clavaria versatilis,,501,5446100,
1765,Clavaria zollingeri,ムラサキホウキタケ,501,5244510,
1766,Clavulinopsis aurantiocinnabarina,ベニナギナタタケ,502,5244405,
1767,Clavulinopsis corniculata,キンホウキタケ,502,5244431,
1768,Clavulinopsis depokensis,,502,5244400,
1769,Clavulinopsis fusiformis,ナギナタタケ,502,5244486,
1770,Clavulinopsis helvola,キソウメンタケ,502,9117445,
1771,Clavulinopsis laeticolor,ヒシミノセンコウタケ,502,5244414,
1772,Clavulinopsis miyabeana,,502,5446508,
1773,Clavulinopsis sulcata,,502,5244420,
1774,Hodophilus hymenocephalus,,503,9744773,
1775,Mucronella calva,コメハリタケ,504,5244323,
1776,Ramariopsis crocea,アカヒメホウキタケ,505,2540197,
1777,Ramariopsis kunzei,シロヒメホウキタケ,505,2540225,
1778,Ramariopsis pulchella,ヒナサンゴタケ,505,2540204,
1779,Ramariopsis subumbrinella,,505,7889029,
1780,Clavariadelphus ligula,コスリコギタケ,506,2521387,
1781,Clavariadelphus pistillaris,スリコギタケ,506,2521391,
1782,Clavariadelphus truncatus,スリコギタケモドキ,506,2521401,
1783,Aciculosporium oplismeni,,507,11797293,
1784,Aciculosporium sasicola,,507,3449881,
1785,Albomyces take,,508,10740989,
1786,Aschersonia aleyrodis,,509,5952442,
1787,Aschersonia placenta,,509,5952440,
1788,Aschersonia suzukii,,509,6018814,
1789,Aschersonia tamurae,,509,7947485,
1790,Atkinsonella hypoxylon,,510,5251497,
1791,Balansia andropogonis,,511,2562728,
1792,Balansia claviceps,,511,2562734,
1793,Claviceps bothriochloae,,512,5483358,
1794,Claviceps humidiphila,,512,9673868,
1795,Claviceps imperatae,,512,5483399,
1796,Claviceps litoralis,ハマニンニクバッカクキン,512,5483365,
1797,Claviceps microspora,,512,6018800,
1798,Claviceps miscanthi,,512,5483367,
1799,Claviceps panicoidearum,,512,5251473,
1800,Claviceps paspali,,512,5251477,
1801,Claviceps purpurea,バッカクキン,512,9378152,
1802,Claviceps sorghicola,,512,5483362,
1803,Claviceps yanagawensis,,512,5483395,
1804,Commelinaceomyces aneilematis,,513,12238147,
1805,Conoideocrella luteorostrata,,514,3449783,
1806,Conoideocrella tenuis,,514,3449784,
1807,Drechmeria balanoides,,515,9770417,
1808,Drechmeria rhabdospora,,515,9771960,
1809,Drechmeria sinensis,,515,9816928,
1810,Ephelis japonica,,516,5483412,
1811,Epichloe festucae,,517,4909561,
1812,Epichloe sylvatica,,517,4909560,
1813,Epichloe typhina,,517,10814921,
1814,Harposporium anguillulae,,518,9563253,
1815,Harposporium arcuatum,,518,3450163,
1816,Harposporium cycloides,,518,3450175,
1817,Harposporium janus,,518,3450157,
1818,Harposporium lilliputanum,,518,2562602,
1819,Harposporium subuliforme,,518,3450168,
1820,Heteroepichloe bambusae,,519,2562626,
1821,Heteroepichloe sasae,,519,2562629,
1822,Hypocrella japonica,,520,3449933,
1823,Keithomyces carneus,,521,11954699,
1824,Loculistroma bambusae,,522,3449748,
1825,Marquandomyces marquandii,,523,12073015,
1826,Metacordyceps chlamydosporia,,524,2562709,
1827,Metapochonia bulbillosa,,525,7450052,
1828,Metapochonia microbactrospora,,525,7384813,
1829,Metapochonia rubescens,,525,8050025,
1830,Metarhizium anisopliae,コッキョウビョウキン,526,2562645,
1831,Metarhizium atrovirens,,526,8113168,
1832,Metarhizium brachyspermum,クサイロコメツキムシタケ,526,10880611,
1833,Metarhizium cylindrosporum,,526,3449754,
1834,Metarhizium indigoticum,,526,8200621,
1835,Metarhizium lepidiotae,,526,5896564,
1836,Metarhizium majus,,526,8066396,
1837,Metarhizium owariense,,526,8189489,
1838,Metarhizium pemphigi,,526,7748403,
1839,Metarhizium pseudoatrovirens,,526,8420193,
1840,Metarhizium rileyi,,526,8264943,
1841,Metarhizium robertsii,,526,7370553,
1842,Moelleriella libera,,527,5483522,
1843,Nigelia martialis,,528,12211478,
1844,Nigrocornus scleroticus,カツオブシタケ,529,2562746,
1845,Nomuraea owariensis,,530,3450136,
1846,Ophiodothis arundinellae,,531,3289247,
1847,Ophiodothis vorax,,531,7256374,
1848,Pochonia boninensis,,532,7681687,
1849,Pochonia cordycepisociata,,532,9772658,
1850,Shimizuomyces paradoxus,サンチュウムシタケモドキ,533,3450256,
1851,Sphacelia miscanthi,,534,3450225,
1852,Ustilaginoidea arundinellae,,535,3449600,
1853,Ustilaginoidea virens,,535,2562479,
1854,Yosiokobayasia kusanagiensis,,536,12201407,
1855,Coccocarpia erythroxyli,,537,3424420,
1856,Coccocarpia palmicola,,537,2601127,
1857,Coccocarpia pellita,,537,7250159,
1858,Spilonema japonicum,,538,7419025,
1859,Coccodiscus quercicola,,539,6352914,
1860,Coccoidea quercicola,,540,5953663,
1861,Coccotrema cucurbitula,,541,3412764,
1862,Coccotrema porinopsis,,541,3412756,
1863,Euryancale phallospora,,542,2559217,
1864,Cocoonihabitus sinensis,,543,10838751,
1865,Coelomomyces iliensis,,544,7238808,
1866,Coelomomyces ponticulus,,544,3387119,
1867,Coenogonium flavicans,,545,5474238,
1868,Coenogonium geralense,,545,6755053,
1869,Coenogonium interpositum,,545,5474220,
1870,Coenogonium kawanae,,545,5474265,
1871,Coenogonium leprieurii,,545,6610292,
1872,Coenogonium luteum,,545,5261103,
1873,Coenogonium moniliforme,,545,5474240,
1874,Coenogonium pineti,,545,5434065,
1875,Coenogonium subluteum,,545,5474305,
1876,Coenogonium tanzanicum,,545,5474293,
1877,Coenogonium theae,,545,10782582,
1878,Coenogonium wrightii,,545,5474295,
1879,Dimerella lutea,,546,11207228,
1880,Colacogloea falcata,,547,9749472,
1881,Chrysomyxa abietis,,548,2513941,
1882,Chrysomyxa cassandrae,,548,3372868,
1883,Chrysomyxa deformans,,548,3372858,
1884,Chrysomyxa empetri,,548,7960258,
1885,Chrysomyxa himalensis,,548,2513967,
1886,Chrysomyxa ledi,,548,3372848,
1887,Chrysomyxa ledicola,,548,2513932,
1888,Chrysomyxa menziesiae,,548,3372871,
1889,Chrysomyxa rhododendri,,548,3372864,
1890,Chrysomyxa succinea,,548,2513961,
1891,Chrysomyxa tsugae-yunnanensis,,548,3372879,
1892,Chrysomyxa tsukubaensis,,548,12266892,
1893,Coleosporium actaeae,,549,3372900,
1894,Coleosporium aristolochiae,,549,3372946,
1895,Coleosporium asterum,,549,2513923,
1896,Coleosporium bletiae,,549,2513907,
1897,Coleosporium cacaliae,,549,9475062,
1898,Coleosporium campanulae,,549,2513896,
1899,Coleosporium campanumoeae,,549,6124268,
1900,Coleosporium carpesii,,549,7239808,
1901,Coleosporium cimicifugatum,,549,3372923,
1902,Coleosporium cirsii-japonici,,549,3372962,
1903,Coleosporium clematidis,,549,2513916,
1904,Coleosporium clematidis-apiifoliae,,549,3372952,
1905,Coleosporium clerodendri,,549,2513852,
1906,Coleosporium elongatum,,549,3372909,
1907,Coleosporium euodiae,,549,3373058,
1908,Coleosporium eupaederiae,,549,3372893,
1909,Coleosporium eupatorii,,549,2513922,
1910,Coleosporium euphrasiae,,549,2513894,
1911,Coleosporium fauriae,,549,3372953,
1912,Coleosporium heteropappi,,549,3372999,
1913,Coleosporium horianum,,549,3372928,
1914,Coleosporium ligulariae,,549,2513906,
1915,Coleosporium lycopodis,,549,8225459,
1916,Coleosporium melampyri,,549,8030902,
1917,Coleosporium microrhamni,,549,3372974,
1918,Coleosporium neocacaliae,,549,2513850,
1919,Coleosporium neopetasitis,,549,3372920,
1920,Coleosporium neosenecionis,,549,3372907,
1921,Coleosporium paederiae,,549,3372897,
1922,Coleosporium parvisporum,,549,3373009,
1923,Coleosporium pedunculatum,,549,3372950,
1924,Coleosporium perillae,,549,9565997,
1926,Coleosporium petasitis,,549,7403973,
1928,Coleosporium phellodendri,,549,3372989,
1929,Coleosporium pini-asteris,,549,3373048,
1930,Coleosporium pini-pumilae,,549,3372892,
1931,Coleosporium plectranthi,,549,2513919,
1933,Coleosporium plumeriae,,549,2513846,
1934,Coleosporium pulsatillae,,549,8176686,
1935,Coleosporium salviae,,549,3372965,
1936,Coleosporium saussureae,,549,2513854,
1937,Coleosporium senecionis,,549,2513860,
1938,Coleosporium sonchi,,549,2513862,
1939,Coleosporium telioevodiae,,549,3373053,
1940,Coleosporium tussilaginis,,549,9215031,
1941,Coleosporium yamabense,,549,3374415,
1942,Coleosporium zanthoxyli,,549,2513844,
1943,Hiratsukaia tsugae,,550,2517683,
1944,Rossmanomyces pyrolae,,551,12213341,
1945,Blennothallia furfureola,,552,10679964,
1946,Collema complanatum,,553,5260645,
1947,Collema flaccidum,,553,5260557,
1948,Collema furfuraceum,,553,5260572,
1949,Collema japonicum,,553,5260550,
1950,Collema leptaleum,,553,5260634,
1951,Collema nigrescens,,553,5260630,
1952,Collema pulcellum,,553,5260560,
1953,Collema subconveniens,,553,5260579,
1954,Collema subflaccidum,,553,5478225,
1955,Collema subnigrescens,,553,5260637,
1956,Collema texanum,,553,5260628,
1957,Enchylium conglomeratum,,554,8464776,
1958,Enchylium nipponicum,,554,10716834,
1959,Enchylium tenax,,554,5478056,
1960,Lathagrium cristatum,,555,8621148,
1961,Lathagrium fuscovirens,,555,8541101,
1962,Lathagrium undulatum,,555,8627291,
1963,Leptogium asiaticum,,556,2600955,
1964,Leptogium austroamericanum,,556,2600912,
1965,Leptogium azureum,,556,2601042,
1966,Leptogium burnetiae,,556,2600944,
1967,Leptogium chloromeloides,,556,3422868,
1968,Leptogium cochleatum,,556,2600960,
1969,Leptogium cyanescens,,556,2601012,
1970,Leptogium delavayii,,556,2600988,
1971,Leptogium denticulatum,,556,9550611,
1972,Leptogium hildenbrandii,,556,2601046,
1973,Leptogium hirsutum,,556,2601035,
1974,Leptogium marginellum,,556,2600923,
1975,Leptogium menziesii,,556,2601040,
1976,Leptogium moluccanum,,556,2600991,
1977,Leptogium pedicellatum,,556,2601039,
1978,Leptogium pichneum,,556,8479017,
1979,Leptogium pseudopapillosum,,556,2600920,
1980,Leptogium saturninum,,556,2600939,
1981,Leptogium teretiusculum,,556,3422698,
1982,Leptogium tremelloides,,556,8640124,
1983,Leptogium trichophoroides,,556,2600982,
1984,Leptogium trichophorum,,556,2600954,
1985,Rostania coccophylla,,557,10847605,
1986,Scytinium intermedium,,558,8490273,
1987,Scytinium lichenoides,,558,8532457,
1988,Scytinium palmatum,,558,8457828,
1989,Scytinium teretiusculum,,558,8675828,
1990,Collimyces mutans,,559,10826571,
1991,Coniochaeta arxii,,560,2569589,
1992,Coniochaeta cipronana,,560,10763988,
1993,Coniochaeta cymbiformispora,,560,3457807,
1994,Coniochaeta discoidea,,560,2569551,
1995,Coniochaeta ellipsoidea,,560,2569577,
1996,Coniochaeta fasciculata,,560,7781282,
1997,Coniochaeta hoffmannii,,560,7819054,
1998,Coniochaeta mirabilis,,560,7738296,
1999,Coniochaeta mutabilis,,560,8206918,
2000,Coniochaeta perangusta,,560,2569607,
2001,Coniochaeta polysperma,,560,2569586,
2002,Coniochaeta pulveracea,,560,9069801,
2003,Coniochaeta punctulata,,560,2569574,
2004,Coniochaeta savoryi,,560,2569555,
2005,Coniochaeta tetraspora,,560,2569560,
2006,Lecythophora canina,,561,7544989,
2007,Chaenotheca brunneola,,562,5261506,
2008,Chaenotheca chlorella,,562,8239222,
2009,Chaenotheca chrysocephala,,562,5261507,
2010,Chaenotheca furfuracea,,562,5261526,
2011,Chaenotheca gracilenta,,562,5470072,
2012,Chaenotheca hygrophila,,562,5261527,
2013,Chaenotheca stemonea,,562,5261523,
2014,Chaenotheca trichialis,,562,10756770,
2015,Sclerophora amabilis,,563,2610334,
2016,Sclerophora pallida,,563,3389383,
2017,Coniophora arida,カベタケ,564,5240136,
2018,Coniophora olivacea,イドタケモドキ,564,5240157,
2019,Coniophora puteana,イドタケ,564,5240101,
2020,Gyrodontium sacchari,,565,2525867,
2021,Penttilamyces olivascens,,566,10807617,
2022,Conioscypha japonica,,567,2572793,
2023,Coniosporium heterosporum,,568,3473845,
2024,Coniosporium hysterinum,,568,3473852,
2025,Coniosporium olivaceum,,568,2626060,
2026,Coniosporium punctiforme,,568,3473806,
2027,Coniosporium saccardoanum,,568,8099484,
2028,Coniothyrium bambusae,,569,3541467,
2029,Coniothyrium concentricum,,569,2618668,
2030,Coniothyrium dracaenae,,569,2618697,
2031,Coniothyrium fuckelii,,569,2618508,
2032,Coniothyrium japonicum,,569,2618629,
2033,Coniothyrium mororum,,569,3540879,
2034,Coniothyrium pyricola,,569,7770880,
2035,Coniothyrium sasae,,569,3541352,
2036,Uleomyces japonicus,,570,3499352,
2037,Cordana ellipsoidea,,571,2590823,
2038,Cordana inaequalis,,571,2590822,
2039,Cordana mercadoana,,571,9733540,
2040,Cordana pauciseptata,,571,2590817,
2041,Cordana terrestris,,571,7773246,
2042,Cordierites frondosus,,572,3490002,
2043,Diplocarpa irregularis,,573,11837670,
2044,Diplolaeviopsis japonica,,574,9676805,
2045,Midotiopsis jamaicensis,,575,2584033,
2046,Skyttea ochrolechiae,,576,10686486,
2047,Unguiculariopsis ravenelii,,577,3487597,
2048,Akanthomyces aranearum,,578,2562809,
2049,Akanthomyces attenuatus,,578,10852850,
2050,Akanthomyces lecanii,,578,10453360,
2051,Akanthomyces ryukyuenis,,578,10693187,
2052,Akanthomyces tuberculatus,,578,9835970,
2053,Beauveria amorpha,,579,7417312,
2054,Beauveria asiatica,,579,7947039,
2055,Beauveria bassiana,セミカビ,579,2560612,
2056,Beauveria brongniartii,,579,2560594,
2057,Beauveria pseudobassiana,,579,7689446,
2058,Beauveria staphylinidicola,,579,10826609,
2059,Beauveria sungii,,579,7809213,
2060,Blackwellomyces cardinalis,,580,10841973,
2061,Cordyceps ampullacea,イラガノベニサナギタケ,581,3451635,
2062,Cordyceps bifusispora,,581,3451632,
2063,Cordyceps brongniartii,,581,3451363,
2064,Cordyceps cateniannulata,,581,10766492,
2065,Cordyceps chichibuensis,,581,3451617,
2066,Cordyceps coccidiocapitata,ミチノクヒイロムシタケ,581,3451372,
2067,Cordyceps farinosa,,581,10604897,
2068,Cordyceps flavobrunnescens,,581,3451514,
2069,Cordyceps fumosorosea,,581,10323406,
2070,Cordyceps gryllotalpae,,581,7977751,
2071,Cordyceps hepialidicola,クサギムシタケ,581,3451357,
2072,Cordyceps imagamiana,ウスイロセミタケ,581,3451590,
2073,Cordyceps javanica,,581,10715227,
2074,Cordyceps joaquiensis,,581,3451325,
2075,Cordyceps kyushuensis,,581,10834166,
2076,Cordyceps militaris,キサナギタケ,581,7567077,
2077,Cordyceps minuta,コゴメセミタケ,581,3451469,
2078,Cordyceps myrmecogena,アリヤドリタンポタケ,581,3451507,
2079,Cordyceps nanatakiensis,チチブクチキムシタケ,581,3451576,
2080,Cordyceps nikkoensis,ニッコウムシタケ,581,3451500,
2081,Cordyceps obliquiordinata,ケンガタコガネムシタケ,581,3451545,
2082,Cordyceps ochraceostromata,イモムシハナヤスリタケ,581,3451577,
2083,Cordyceps ootakiensis,ベニイモムシタケ,581,3451536,
2084,Cordyceps pleuricapitata,ウスイロコゴメセミタケ,581,3451501,
2085,Cordyceps polycephala,ヒメハルゼミタケ,581,3451413,
2086,Cordyceps pruinosa,ヒメサナギタケ,581,3451565,
2087,Cordyceps rosea,ウシアカシャクトリムシタケ,581,3451496,
2088,Cordyceps roseostromata,ベニイロクチキムシタケ,581,3451482,
2089,Cordyceps rubiginosistipitata,,581,3451650,
2090,Cordyceps rubricapitata,リョウガミヒメクチキムシタケ,581,3451455,
2091,Cordyceps rubrostromata,ホソエノアカクビオレタケ,581,3451578,
2092,Cordyceps sakishimensis,サキシマヤドリバエタケ,581,3451444,
2093,Cordyceps shimaensis,シマムシタケ,581,3451537,
2094,Cordyceps sphaerocephala,,581,7904726,
2095,Cordyceps submilitaris,,581,3451510,
2096,Cordyceps sulfurea,コガネイモムシタケ,581,3451434,
2097,Cordyceps takaomontana,ウスキサナギタケ,581,3451674,
2098,Cordyceps tenuipes,,581,10756417,
2099,Cordyceps termitophila,シロアリタケ,581,3451732,
2100,Engyodontium rectidentatum,,582,2560467,
2101,Flavocillium primulinum,,583,11960100,
2102,Gibellula arachnophila,,584,2560541,
2103,Gibellula aranearum,,584,2560453,
2104,Gibellula pulchra,ギベルラタケ,584,2560455,
2105,Hevansia nelumboides,,585,10880121,
2106,Hevansia novoguineensis,,585,10720375,
2107,Isaria cicadae,,586,5251108,
2108,Isaria cosmopsaltriae,,586,5483846,
2109,Isaria eristalidis,ハナアブタケ,586,5483781,
2110,Isaria japonica,ハナサナギタケ,586,5483931,
2111,Isaria macroscyticola,ツチカメムシタケ,586,5483771,
2112,Isaria nipponica,ハナアブラゼミタケ,586,5483841,
2113,Isaria oncotympanae,ミンミンゼミタケ,586,5483839,
2114,Isaria patrobus,,586,5483814,
2115,Isaria sinclairii,ツクツクボウシタケ,586,5251109,
2116,Isaria tenuipes,,586,10016913,
2117,Isaria yokohamensis,,586,5483947,
2118,Lecanicillium fungicola,,587,3451787,
2119,Lecanicillium fusisporum,,587,2560723,
2120,Lecanicillium psalliotae,,587,2560714,
2121,Lecanicillium saksenae,,587,8362910,
2122,Leptobacillium leptobactrum,,588,9808821,
2123,Leptobacillium symbioticum,,588,11923039,
2124,Parengyodontium album,,589,9657415,
2125,Rotiferophthora amamiensis,,590,3451805,
2126,Rotiferophthora ellipsospora,,590,3451795,
2127,Rotiferophthora japonica,,590,3451804,
2128,Rotiferophthora lacrima,,590,3451797,
2129,Rotiferophthora minutispora,,590,3451812,
2130,Simplicillium aogashimaense,,591,8337724,
2131,Simplicillium cylindrosporum,,591,8136449,
2132,Simplicillium lamellicola,,591,2560505,
2133,Simplicillium lanosoniveum,,591,3452049,
2134,Simplicillium minatense,,591,7680722,
2135,Simplicillium subtropicum,,591,7365163,
2136,Simplicillium sympodiophorum,,591,7874195,
2137,Torrubiella alba,ウスゲシロクモタケ,592,3452117,
2138,Torrubiella alboglobosa,シロマルクモタケ,592,3452125,
2139,Torrubiella aurantia,ミカンイロクモタケ,592,3452054,
2140,Torrubiella corniformis,クロツブシロクモタケ,592,3452129,
2141,Torrubiella ellipsoidea,クモノモモガタツブタケ,592,3452068,
2142,Torrubiella flava,ウスジロクモタケ,592,3452104,
2143,Torrubiella globosa,クモノオオトガリツブタケ,592,3452055,
2144,Torrubiella globosostipitata,クモノエツキツブタケ,592,3452127,
2145,Torrubiella longissima,ツキダシナガミノクモタケ,592,3452080,
2146,Torrubiella mammillata,ウスキマルミノクモタケ,592,3452099,
2147,Torrubiella miyagiana,オクニッカワクモタケ,592,3452103,
2148,Torrubiella neofusiformis,クモノコウラツブタケ,592,3452109,
2149,Torrubiella oblonga,ツツナガクモタケ,592,3452114,
2150,Torrubiella ooaniensis,オオアニシロクモタケ,592,3452069,
2151,Torrubiella pallida,ウスキオオアニクモタケ,592,3452087,
2152,Torrubiella plana,コゴメクモタケ,592,8033586,
2153,Torrubiella rosea,サンゴクモタケ,592,3452112,
2154,Torrubiella ryogamimontana,ナガミノクモタケ,592,3452072,
2155,Torrubiella superficialis,カイガラムシキイロツブタケ,592,3452084,
2156,Corticium gramineum,,593,5249985,
2157,Corticium koleroga,,593,5250004,
2158,Corticium roseocarneum,,593,5250011,
2159,Corticium roseum,,593,9218477,
2160,Laetisaria fuciformis,,594,2555699,
2161,Leptocorticium cyatheae,ヘゴノコウヤクタケ,595,2555826,
2162,Lyomyces crustosus,,596,5237636,
2163,Lyomyces griseliniae,,596,9702209,
2164,Lyomyces juniperi,,596,9359867,
2165,Lyomyces sambuci,,596,5237531,
2166,Marchandiomyces corallinus,,597,2555758,
2167,Necator salmonicolor,,598,12217421,
2168,Waitea circinata,,599,5249953,
2169,Waitea zeae,,599,12200313,
2170,Aureonarius infucatus,,600,12113328,
2171,Calonarius olearioides,,601,12059501,
2172,Calonarius xanthophyllus,,601,12161564,
2173,Cortinarius alboviolaceus,ウスフジフウセンタケ,602,7844497,
2174,Cortinarius allutus,ニセマンジュウガサ,602,3347850,
2175,Cortinarius anomalovelatus,,602,8422386,
2176,Cortinarius anomalus,マルミノフウセンタケ,602,2529421,
2177,Cortinarius armillatus,アシブトツバタケ,602,8802917,
2178,Cortinarius aurantiofulvus,コガネフウセンタケモドキ,602,8077827,
2179,Cortinarius aureobrunneus,キンチャフウセンタケ,602,3351054,
2180,Cortinarius bibulus,ヒメムラサキフウセンタケ,602,2529150,
2181,Cortinarius bolaris,アカツブフウセンタケ,602,12087710,
2182,Cortinarius boulderensis,,602,3349371,
2183,Cortinarius bovinus,サザナミツバフウセンタケ,602,2528717,
2184,Cortinarius bulliardii,アカアシフウセンタケ,602,9151578,
2185,Cortinarius caerulescens,,602,2528959,
2186,Cortinarius camphoratus,,602,2529076,
2187,Cortinarius caperatus,ショウウンジ,602,2529415,
2188,Cortinarius cinnabarinus,ショウジョウタケ,602,2529062,
2189,Cortinarius cinnamomeoides,オオササタケ,602,3349642,
2190,Cortinarius cinnamomeus,ササタケ,602,8028942,
2191,Cortinarius claricolor,オオツガタケ,602,2528781,
2192,Cortinarius collinitus,ツバアブラシメジ,602,7476637,
2193,Cortinarius corrugatus,,602,3347484,
2194,Cortinarius cotoneus,,602,2529492,
2195,Cortinarius cumatilis,ライラックフウセンタケ,602,2528788,
2196,Cortinarius cyanites,アイカシワギタケ,602,2529094,
2197,Cortinarius duracinus,ニセフウセンタケ,602,2529517,
2198,Cortinarius elatior,カワムラアブラシメジ,602,2528818,
2199,Cortinarius elatus,,602,8125627,
2200,Cortinarius fulvescens,,602,2529212,
2201,Cortinarius galeroides,トガリニセフウセンタケ,602,3347579,
2202,Cortinarius haasii,フタイロフウセンタケ,602,3350161,
2203,Cortinarius hemitrichus,シラガツバフウセンタケ,602,2529178,
2204,Cortinarius hercynicus,,602,3350339,
2205,Cortinarius heterodepressus,,602,9669663,
2206,Cortinarius hinnuleus,キツバフウセンタケ,602,2529278,
2207,Cortinarius illibatus,,602,2528915,
2208,Cortinarius iodes,ムラサキアブラシメジ,602,3350173,
2209,Cortinarius jubarinus,チャニセフウセンタケ,602,3349593,
2210,Cortinarius laccarioides,キツネフウセンタケ,602,3348761,
2211,Cortinarius largus,フジイロタケ,602,2529520,
2212,Cortinarius livido-ochraceus,アブラシメジ,602,2528816,
2213,Cortinarius luteoornatus,,602,3350012,
2214,Cortinarius malicorius,,602,2528800,
2215,Cortinarius mucosus,アブラシメジモドキ,602,2529494,
2216,Cortinarius neoarmillatus,コツバフウセンタケ,602,3350539,
2217,Cortinarius nigrosquamosus,オニフウセンタケ,602,3348524,
2218,Cortinarius obtusus,サザナミニセフウセンタケ,602,2529130,
2219,Cortinarius ochrophyllus,,602,3349281,
2220,Cortinarius olivaceofuscus,,602,8243151,
2221,Cortinarius orellanus,,602,2528684,
2222,Cortinarius pescolanensis,,602,9738219,
2223,Cortinarius pholideus,ササクレフウセンタケ,602,2528987,
2224,Cortinarius praestans,ムレオオフウセンタケ,602,7379140,
2225,Cortinarius privignus,,602,3350383,
2226,Cortinarius prunicola,ウメウスフジフウセンタケ,602,3350670,
2227,Cortinarius pseudopurpurascens,フウセンタケモドキ,602,3350564,
2228,Cortinarius pseudosalor,ムラサキズボタケ,602,2528978,
2229,Cortinarius purpureus,,602,2528727,
2230,Cortinarius raphanoides,,602,2528674,
2231,Cortinarius reticulisporus,ヤマブキフウセンタケ,602,3347804,
2232,Cortinarius rubellus,ジンガサドクフウセンタケ,602,2528663,
2233,Cortinarius rugosolilacinus,,602,3348732,
2234,Cortinarius salor,ムラサキアブラシメジモドキ,602,2529248,
2235,Cortinarius sanguineus,アカタケ,602,7729510,
2236,Cortinarius saturninus,フタイロニセフウセンタケ,602,2529066,
2237,Cortinarius scandens,カブニセフウセンタケ,602,2529369,
2238,Cortinarius semisanguineus,アカヒダササタケ,602,2529327,
2239,Cortinarius shigaensis,アサクラフウセンタケ,602,3348079,
2240,Cortinarius solis-occasus,,602,3351094,
2241,Cortinarius spilomeus,アカゲフウセンタケ,602,9174514,
2242,Cortinarius subalboviolaceus,ウスムラサキフウセンタケ,602,7244839,
2243,Cortinarius subarmillatus,ツバフウセンタケモドキ,602,7244779,
2244,Cortinarius subbalaustinus,,602,2528797,
2245,Cortinarius subdelibutus,マルミノアブラシメジ,602,8392723,
2246,Cortinarius torvus,ツバムラサキフウセンタケ,602,2528680,
2247,Cortinarius traganus,オオウスムラサキフウセンタケ,602,2529113,
2248,Cortinarius trivialis,マムシフウセンタケ,602,2529014,
2249,Cortinarius uliginosus,,602,2528790,
2250,Cortinarius variecolor,,602,5898337,
2251,Cortinarius variicolor,フジイロタケモドキ,602,2529468,
2252,Cortinarius venetus,,602,2528770,
2253,Cortinarius vernus,,602,2529170,
2254,Cortinarius violaceus,ミヤマムラサキフウセンタケ,602,2529040,
2255,Cortinarius watamukiensis,ワタムキツバフウセンタケ,602,3349956,
2256,Cystinarius rubicundulus,,603,12155070,
2257,Phlegmacium saginum,,604,11978537,
2258,Phlegmacium triumphans,,604,7895491,
2259,Protoglossum niveum,,605,2528634,
2260,Thaxterogaster microspermus,,606,12065849,
2261,Thaxterogaster purpurascens,,606,12054660,
2262,Thaxterogaster scaurus,,606,12082203,
2263,Thaxterogaster turmalis,,606,12112957,
2264,Thaxterogaster vibratilis,,606,11993176,
2265,Coryneum microstictoides,,607,7256903,
2266,Coryneum pedunculatum,,607,3445431,
2267,Caliciopsis pinea,,608,2597015,
2268,Corynelia clavata,,609,2596991,
2269,Corynelia nipponensis,,609,2596985,
2270,Corynelia tropica,,609,2596988,
2271,Corynelia uberata,ビンタマカビ,609,2596982,
2272,Corynespora cassiicola,,610,2617824,
2273,Corynespora citricola,,610,2617848,
2274,Corynespora gigaspora,,610,2617841,
2275,Corynespora melongenae,,610,3536928,
2276,Corynespora polyphragmia,,610,3536931,
2277,Corynespora sesameum,,610,3536910,
2278,Corynespora smithii,,610,2617833,
2279,Corynespora torulosa,,610,3536895,
2280,Crepidotus applanatus,マルミノチャヒラタケ,611,5240984,
2281,Crepidotus badiofloccosus,クリゲノチャヒラタケ,611,5453092,
2282,Crepidotus boninensis,,611,5240956,
2283,Crepidotus cesatii,,611,7243941,
2284,Crepidotus cinnabarinus,ヒイロチャヒラタケ,611,5240959,
2285,Crepidotus crocophyllus,,611,5240934,
2286,Crepidotus epibryus,コナカブリモドキ,611,5240973,
2287,Crepidotus malachius,ヒロハチャヒラタケ,611,6014641,
2288,Crepidotus mollis,チャヒラタケ,611,5240943,
2289,Crepidotus roseus,バライロチャヒラタケ,611,7244062,
2290,Crepidotus sepiarius,セピアコナカブリモドキ,611,5453159,
2291,Crepidotus sulphurinus,フジチャヒラタケ,611,5453034,
2292,Crepidotus uber,ムニンヒメチャヒラタケ,611,6014640,
2293,Crepidotus variabilis,コナカブリ,611,5240994,
2294,Crepidotus viticola,キチャヒラタケ,611,5453292,
2295,Simocybe centunculus,,612,3329934,
2296,Simocybe haustellaris,,612,2528419,
2297,Simocybe reducta,,612,2528410,
2298,Cronartium fusiforme,,613,8166358,
2299,Cronartium kamtschaticum,,613,3374373,
2300,Cronartium kurilense,,613,10758405,
2301,Cronartium malloti,,613,3374362,
2302,Cronartium orientale,,613,2517504,
2303,Cronartium pini,,613,2517474,
2304,Cronartium quercuum,,613,2517491,
2306,Cronartium ribicola,,613,2517512,
2307,Cronartium sahoanum,,613,10671908,
2308,Cronartium yamabense,,613,10855737,
2309,Peridermium japonicum,,614,3374413,
2310,Peridermium pini-densiflorae,,614,3374431,
2311,Peridermium praelongum,,614,2513845,
2312,Quasipucciniastrum potentillae,,615,12262173,
2313,Cryphonectria japonica,,616,7991143,
2314,Cryphonectria macrospora,,616,3444982,
2315,Cryphonectria nitschkei,,616,3444979,
2316,Cryphonectria parasitica,,616,2566393,
2317,Cryphonectria radicalis,,616,2566430,
2318,Endothia gyrosa,,617,2566414,
2319,Endothiella singularis,,618,3445016,
2320,Microthia havanensis,,619,2566437,
2321,Acaromyces ingoldii,,620,11950617,
2322,Clinoconidium inouyei,,621,12226366,
2323,Clinoconidium onumae,,621,10735314,
2324,Cryptococcus aureus,,622,5467844,
2325,Cryptococcus cellulolyticus,,622,5467770,
2326,Cryptococcus gattii,,622,5237364,
2327,Cryptococcus macerans,,622,5237360,
2328,Cryptococcus musci,,622,5237447,
2329,Cryptococcus neoformans,,622,5237368,
2330,Cryptococcus pseudolongus,,622,5237445,
2331,Cryptococcus saitoi,,622,5467781,
2332,Dioszegia aurantiaca,,623,5440496,
2333,Dioszegia catarinoi,,623,6321964,
2334,Dioszegia crocea,,623,5237438,
2335,Dioszegia fristingensis,,623,5440198,
2336,Dioszegia hungarica,,623,5439576,
2337,Dioszegia rishiriensis,,623,9770916,
2338,Dioszegia takashimae,,623,5440184,
2339,Kwoniella dendrophila,,624,9827248,
2340,Cryptocoryneum akitaense,,625,10829014,
2341,Cryptocoryneum brevicondensatum,,625,9646372,
2342,Cryptocoryneum congregatum,,625,9766201,
2343,Cryptocoryneum japonicum,,625,9674446,
2344,Cryptocoryneum longicondensatum,,625,9714936,
2345,Cryptocoryneum paracondensatum,,625,9744253,
2346,Cucurbitaria castaneae,,626,2618928,
2347,Curreya pithyophila,,627,6020663,
2348,Neocucurbitaria cava,,628,10854521,
2349,Neocucurbitaria juglandicola,,628,10828948,
2350,Pyrenochaeta gentianicola,,629,3528992,
2351,Pyrenochaeta globosa,,629,3528965,
2352,Pyrenochaeta ligni-putridi,,629,3528909,
2353,Pyrenochaeta nobilis,,629,2614921,
2354,Pyrenochaeta oryzae,,629,2614916,
2355,Pyrenochaetopsis tabarestanensis,,630,9784971,
2356,Cudonia circinans,ホテイタケ,631,8907562,
2357,Cudonia convoluta,,631,9288206,
2358,Cudonia helvelloides,クラタケ,631,3482117,
2359,Cudonia japonica,ゴンゲンタケ,631,3482110,
2360,Pachycudonia constrictospora,オオホテイタケ,632,2584040,
2361,Spathularia flavida,ヘラタケ,633,5255490,
2362,Spathulariopsis velutipes,コゲエノヘラタケ,634,2578990,
2363,Cuniculitrema polymorpha,,635,2518595,
2364,Fellomyces horovitziae,,636,3370697,
2365,Fellomyces penicillatus,,636,3370694,
2366,Fellomyces polyborus,,636,3370692,
2367,Kockovaella chinensis,,637,9799507,
2368,Kockovaella cucphuongensis,,637,2518602,
2369,Kockovaella distylii,,637,9767013,
2370,Kockovaella fuzhouensis,,637,9754860,
2371,Kockovaella imperatae,,637,2518607,
2372,Kockovaella lichenicola,,637,9684687,
2373,Kockovaella machilophila,,637,2518605,
2374,Kockovaella ogasawarensis,,637,9703904,
2375,Kockovaella phaffii,,637,2518600,
2376,Kockovaella sacchari,,637,2518604,
2377,Kockovaella schimae,,637,2518608,
2378,Kockovaella sichuanensis,,637,9685343,
2379,Kockovaella thailandica,,637,2518603,
2380,Absidia glauca,,638,5250615,
2381,Absidia repens,,638,5250638,
2382,Cunninghamella echinulata,,639,2558184,
2383,Cunninghamella elegans,,639,2558178,
2384,Cunninghamella homothallica,ドウタイクスダマカビ,639,2558176,
2385,Cunninghamella polymorpha,,639,2558208,
2386,Gongronella butleri,,640,2558212,
2387,Cyclothyriella rubronotata,,641,9745370,
2388,Cylindrium elongatum,,642,2592537,
2389,Cylindrium grande,,642,10678609,
2390,Cylindrosympodium gracile,,643,3538484,
2391,Sympodiella goidanichii,,644,10858480,
2392,Sympodiella multiseptata,,644,2587948,
2393,Chondrostereum purpureum,ムラサキウロコタケ,645,2532944,
2394,Cyphella quercina,,646,3341486,
2395,Gloeostereum incarnatum,ニカワウロコタケ,647,2532903,
2396,Granulobasidium vellereum,ワタゲオオコウヤクタケ,648,2532931,
2397,Anthopsis microspora,,649,2587734,
2398,Cyphellophora europaea,,650,7920831,
2399,Cyphellophora olivacea,,650,7653204,
2400,Cystobasidium benthicum,,651,7392760,
2401,Cystobasidium calyptogenae,,651,7772514,
2402,Cystobasidium iriomotense,,651,12257192,
2403,Cystobasidium laryngis,,651,8041574,
2404,Cystobasidium lysinophilum,,651,7726924,
2405,Cystobasidium minutum,,651,7535089,
2406,Cystobasidium oligophagum,,651,7463203,
2407,Cystobasidium slooffiae,,651,8193816,
2408,Cystofilobasidium capitatum,,652,2518159,
2409,Cystofilobasidium infirmominiatum,,652,2518150,
2410,Cystofilobasidium macerans,,652,7758201,
2411,Calocera coralloides,ヒメツノタケ,653,3371638,
2412,Calocera cornea,ツノフノリタケ,653,2512969,
2413,Calocera furcata,アオキツノフノリタケ,653,2512992,
2414,Calocera viscosa,ニカワホウキタケ,653,9134585,
2415,Dacrymyces adpressus,,654,8258608,
2416,Dacrymyces ancyleus,,654,7432668,
2417,Dacrymyces applanatus,,654,3371728,
2418,Dacrymyces aureosporus,,654,7712877,
2419,Dacrymyces capitatus,,654,2512907,
2420,Dacrymyces chrysospermus,ハナビラダクリオキン,654,2512921,
2421,Dacrymyces conformis,,654,3371814,
2422,Dacrymyces lacrymalis,,654,7934480,
2423,Dacrymyces microsporus,,654,3371817,
2424,Dacrymyces minor,ヒメダクリオキン,654,2512899,
2425,Dacrymyces minutus,,654,3371771,
2426,Dacrymyces nikkomontanus,ニッコウサンアカキクラゲ,654,3371760,
2427,Dacrymyces novae-zelandiae,,654,2512906,
2428,Dacrymyces pezizoides,,654,3371804,
2429,Dacrymyces punctiformis,,654,2512883,
2430,Dacrymyces roseotinctus,モモイロダクリオキン,654,7245077,
2431,Dacrymyces san-augustinii,,654,3371718,
2432,Dacrymyces spathularius,,654,12257826,
2433,Dacrymyces stillatus,ダクリオキン,654,2512925,
2434,Dacrymyces subalpinus,,654,3371758,
2435,Dacrymyces variisporus,,654,2512936,
2436,Dacryopinax primogenitus,,655,9785799,
2437,Dacryopinax sphenocarpa,,655,7742305,
2438,Dacryoscyphus pinacearum,,656,8105561,
2439,Dacryoscyphus subarcticus,,656,8225214,
2440,Dendrodacrys dendrocalami,,657,12172279,
2441,Dendrodacrys rigoratum,,657,12200429,
2442,Ditiola peziziformis,,658,5236925,
2443,Ditiola radicata,,658,5236929,
2444,Femsjonia uniseptata,,659,9675906,
2445,Guepiniopsis buccina,タテガタツノマタタケ,660,2512861,
2446,Guepiniopsis fissa,,660,3371613,
2447,Guepiniopsis torta,,660,3371619,
2448,Heterotextus peziziformis,,661,2513006,
2449,Gloeocystidium ochroleucum,,662,12261955,
2450,Jahnoporus brachiatus,,663,9772475,
2451,Jahnoporus hirtus,シロアミヒラタケ,663,2551714,
2452,Osteina obducta,ツガマイタケ,664,2542679,
2453,Osteina undosa,,664,10698482,
2454,Postia balsamea,トドマツオオウズラタケ,665,5245245,
2455,Postia ceriflua,,665,5245328,
2456,Postia ptychogaster,,665,5245343,
2457,Postia tephroleuca,オオオシロイタケ,665,9123949,
2458,Ptychogaster japonicus,,666,5463927,
2459,Spongiporus floriformis,,667,10874222,
2460,Paruephaedria heimerlii,,668,2608342,
2461,Pseudobactrodesmium longisporum,,669,12230407,
2462,Dichocladosporium chlorocephalum,,670,2620685,
2463,Candida africana,,671,3479754,
2464,Candida akabanensis,,671,3480199,
2465,Candida albicans,,671,2599597,
2466,Candida auris,,671,3479791,
2467,Candida blankii,,671,3479851,
2468,Candida boidinii,,671,2599592,
2469,Candida boleticola,,671,3480303,
2470,Candida bombicola,,671,3480292,
2471,Candida cellulolytica,,671,3480142,
2472,Candida corydali,,671,3480329,
2473,Candida dubliniensis,,671,2599529,
2474,Candida duobushaemulonis,,671,7770492,
2475,Candida ethanolica,,671,3480019,
2476,Candida ezoensis,,671,8278372,
2477,Candida fermentati,,671,3498547,
2478,Candida fragicola,,671,3480234,
2479,Candida glaebosa,,671,3480310,
2480,Candida glucosophila,,671,3480230,
2481,Candida incommunis,,671,3480296,
2482,Candida kofuensis,,671,3479949,
2483,Candida lambica,,671,7737705,
2484,Candida maltosa,,671,3480367,
2485,Candida melibiosica,,671,3479947,
2486,Candida membranifaciens,,671,2599610,
2487,Candida methanosorbosa,,671,3480123,
2488,Candida mogii,,671,3480164,
2489,Candida montana,,671,3480289,
2490,Candida nitratophila,,671,3479682,
2491,Candida norvegica,,671,2599620,
2492,Candida ovalis,,671,3479951,
2493,Candida palmioleophila,,671,3479685,
2494,Candida parapsilosis,,671,2599539,
2495,Candida pseudoglaebosa,,671,3479857,
2496,Candida pseudointermedia,,671,3479967,
2497,Candida pseudolambica,,671,3480308,
2498,Candida quercuum,,671,3480161,
2499,Candida rugopelliculosa,,671,3480141,
2500,Candida saitoana,,671,2599595,
2501,Candida sake,,671,2599546,
2502,Candida sojae,,671,3479943,
2503,Candida solani,,671,3479784,
2504,Candida sorboxylosa,,671,3479903,
2505,Candida succiphila,,671,3480212,
2506,Candida takamatsuzukensis,,671,3480109,
2507,Candida tropicalis,,671,2599567,
2508,Candida tsuchiyae,,671,3480316,
2509,Candida tumulicola,,671,3479753,
2510,Candida vartiovaarae,,671,3480306,
2511,Candida viswanathii,,671,3480363,
2512,Candida zemplinina,,671,3480020,
2513,Candida zeylanoides,,671,2599528,
2514,Hyphopichia burtonii,,672,2599339,
2515,Hyphopichia gotoi,,672,10750322,
2516,Meyerozyma caribbica,,673,5893381,
2517,Meyerozyma carpophila,,673,10670919,
2518,Meyerozyma guilliermondii,,673,5893383,
2519,Millerozyma acaciae,,674,5893376,
2520,Millerozyma farinosa,,674,5893373,
2521,Peterozyma toletana,,675,5954180,
2522,Priceomyces carsonii,,676,5893397,
2523,Priceomyces haplophilus,,676,5893395,
2524,Scheffersomyces shehatae,,677,7438079,
2525,Scheffersomyces stipitis,,677,5893393,
2526,Yamadazyma akitaensis,,678,5893379,
2527,Yamadazyma kitorensis,,678,10836209,
2528,Yamadazyma mexicana,,678,3270114,
2529,Yamadazyma nakazawae,,678,3270104,
2530,Yamadazyma triangularis,,678,5954163,
2531,Coleophoma camelliae,,679,10688462,
2532,Coleophoma crateriformis,,679,2589404,
2533,Coleophoma cylindrospora,,679,2589418,
2534,Cryptosporiopsis corticola,,680,2581276,
2535,Cryptosporiopsis eucalypti,,680,2581280,
2536,Dermea cerasi,ヘソタケ,681,2580700,
2537,Dermea prunastri,,681,2580708,
2538,Everhartia lignatilis,,682,2592305,
2539,Monostichella robergei,,683,2584236,
2540,Neofabraea krawtzewii,,684,2580755,
2541,Neofabraea vagabunda,,684,7490263,
2542,Pezicula cinnamomea,,685,5256009,
2543,Pezicula corticola,,685,8566662,
2544,Pezicula ericae,,685,7385500,
2545,Pezicula livida,,685,5256018,
2546,Pezicula melanigena,,685,7463980,
2547,Pezicula neosporulosa,,685,7485872,
2548,Pezicula polygona,,685,5497123,
2549,Pezicula radicicola,,685,8018819,
2550,Pezicula sporulosa,,685,5256013,
2551,Phlyctema muroiana,,686,3490078,
2552,Phlyctema ranunculacearum,,686,3490130,
2553,Podophacidium xanthomelum,ヤブレヤマブキコチャワンタケ,687,2584326,
2554,Rhizodermea veluwensis,,688,7949817,
2555,Trichosporiella cerebriformis,,689,2584524,
2556,Diaporthe,,690,9655745,
2557,Diaporthe amygdali,,690,7412491,
2558,Diaporthe arctii,,690,2567696,
2559,Diaporthe aucubae,,690,2567769,
2560,Diaporthe citri,,690,2567738,
2561,Diaporthe cotoneastri,,690,8221559,
2562,Diaporthe destruens,,690,11931204,
2563,Diaporthe dubia,,690,2567736,
2564,Diaporthe dulcamarae,,690,2567900,
2565,Diaporthe eres,,690,2567626,
2566,Diaporthe fukushii,,690,9728971,
2567,Diaporthe gardeniae,,690,7528299,
2568,Diaporthe impulsa,,690,2567775,
2569,Diaporthe larseniana,,690,3444859,
2570,Diaporthe liquidambaris,,690,9735353,
2571,Diaporthe longicolla,,690,7408458,
2572,Diaporthe melonis,,690,2567905,
2573,Diaporthe mori,,690,2567916,
2574,Diaporthe neoviticola,,690,8107588,
2575,Diaporthe niessliana,,690,3444433,
2576,Diaporthe nobilis,,690,2567694,
2577,Diaporthe nomurai,,690,2567831,
2578,Diaporthe phaseolorum,,690,3444449,
2579,Diaporthe rudis,,690,2567928,
2580,Diaporthe santonensis,,690,3444670,
2581,Diaporthe seposita,,690,3444887,
2582,Diaporthe spiculosa,,690,2568032,
2583,Diaporthe take,,690,3444388,
2584,Diaporthe tanakae,,690,3444881,
2585,Diaporthe theae,,690,7755385,
2586,Diaporthe unshiuensis,,690,9658347,
2587,Diaporthe vaccinii,,690,2567747,
2588,Diaporthe vexans,,690,2567937,
2589,Mazzantia galii,,691,5253211,
2590,Phaeocytostroma sacchari,,692,2589529,
2591,Phomopsis asparagi,,693,5253360,
2592,Phomopsis aucubicola,,693,5253418,
2593,Phomopsis caryophylli,,693,5253486,
2594,Phomopsis glycines,,693,5481407,
2595,Phomopsis macrospora,,693,5481198,
2596,Phomopsis magnoliicola,,693,5253247,
2597,Phomopsis nephelii,,693,5253290,
2598,Phomopsis oryzae-sativae,,693,5253423,
2599,Phomopsis pandani,,693,5481243,
2600,Phomopsis platanoidis,,693,5253421,
2601,Phomopsis prunorum,,693,5253262,
2602,Phomopsis truncicola,,693,5481501,
2603,Allocryptovalsa rabenhorstii,,694,10846531,
2604,Cryptovalsa camelliae,,695,7590671,
2605,Cryptovalsa protracta,,695,3457052,
2606,Diatrype falcata,,696,10816129,
2607,Diatrype japonica,,696,3459545,
2608,Diatrype microstroma,,696,7257565,
2609,Diatrype polycocca,,696,2575279,
2610,Diatrype stigma,シトネタケ,696,2575291,
2611,Diatrypella favacea,,697,8782821,
2612,Diatrypella japonica,,697,10744453,
2613,Diatrypella minuta,,697,5486792,
2614,Diatrypella quercina,,697,9027329,
2615,Eutypa flavovirens,,698,2575558,
2616,Eutypa hypoxantha,,698,2575571,
2617,Eutypa kusanoi,,698,3459171,
2618,Eutypa spinosa,,698,8749998,
2619,Eutypella wisteriae,,699,12192773,
2620,Eutypella zelkovae,,699,3459323,
2621,Monosporascus cannonballus,,700,2574434,
2622,Paraeutypella vitis,,701,12206766,
2623,Peroneutypa scoparia,,702,2575310,
2624,Peroneutypella japonica,,703,3305903,
2625,Phaeoisaria clavulata,,704,2588218,
2626,Phaeoisaria clematidis,,704,2624556,
2627,Dictyocheirospora bannica,,705,9649754,
2628,Dictyocheirospora pseudomusae,,705,9730562,
2629,Dictyosporium bulbosum,,706,2614792,
2630,Dictyosporium digitatum,,706,2614791,
2631,Dictyosporium elegans,,706,2614793,
2632,Dictyosporium hughesii,,706,7358852,
2633,Dictyosporium olivaceosporum,,706,9671215,
2634,Dictyosporium tetrasporum,,706,3543615,
2635,Gregarithecium curvisporum,,707,9784780,
2636,Pseudocoleophoma calamagrostidis,,708,9803302,
2637,Pseudocoleophoma polygonicola,,708,9751840,
2638,Ascochyta acori,,709,2615104,
2639,Ascochyta asteris,,709,3534815,
2640,Ascochyta bohemica,,709,2615167,
2641,Ascochyta calami,,709,3534051,
2642,Ascochyta doronici,,709,2615100,
2643,Ascochyta fagi,,709,3534313,
2644,Ascochyta gladioli,,709,3534566,
2645,Ascochyta graminicola,,709,2615164,
2646,Ascochyta hordei,,709,2614958,
2647,Ascochyta italica,,709,3534109,
2648,Ascochyta leptospora,,709,2615150,
2649,Ascochyta medicaginicola,,709,9680892,
2650,Ascochyta melongenae,,709,3534006,
2651,Ascochyta morifolia,,709,3533994,
2652,Ascochyta phacae,,709,9753875,
2653,Ascochyta populorum,,709,3534343,
2654,Ascochyta sasae,,709,3534623,
2655,Ascochyta sorghi,,709,2615061,
2656,Ascochyta theae,,709,3534567,
2657,Ascochyta tokyoensis,,709,3533912,
2658,Boeremia exigua,,710,5894233,
2659,Boeremia lycopersici,,710,5894245,
2660,Didymella bellidis,,711,9733674,
2661,Didymella curtisii,,711,9686906,
2662,Didymella fabae,,711,2614063,
2663,Didymella gloiopeltidis,イソクロホシカビ,711,3542660,
2664,Didymella glomerata,,711,9675199,
2665,Didymella heteroderae,,711,9798245,
2666,Didymella lycopersici,,711,2614020,
2667,Didymella macrostoma,,711,9726208,
2668,Didymella molleriana,,711,9663970,
2669,Didymella nigricans,,711,9776281,
2670,Didymella pinodella,,711,9765764,
2671,Didymella pinodes,,711,2621899,
2672,Didymella pisi,,711,3542567,
2673,Didymella pomorum,,711,9733231,
2674,Didymella segeticola,,711,9685916,
2675,Epicoccum andropogonis,,712,2615879,
2676,Epicoccum dendrobii,,712,9745708,
2677,Epicoccum draconis,,712,9694313,
2678,Epicoccum latusicollum,,712,9735836,
2679,Epicoccum neglectum,,712,2617204,
2680,Epicoccum nigrum,,712,2617206,
2681,Epicoccum nipponicum,,712,2617215,
2682,Epicoccum phaseoli,,712,2617212,
2683,Epicoccum polygonati,,712,3530482,
2684,Epicoccum tritici,,712,3530496,
2685,Leptosphaerulina australis,,713,2614224,
2686,Leptosphaerulina oryzae,,713,7379793,
2687,Leptosphaerulina personata,,713,2614210,
2688,Leptosphaerulina trifolii,,713,2614239,
2689,Microsphaeropsis glumarum,,714,5513874,
2690,Microsphaeropsis olivacea,,714,5263055,
2691,Microsphaeropsis rugospora,,714,5513878,
2692,Neoascochyta paspali,,715,9764750,
2693,Paraboeremia putaminum,,716,9709558,
2694,Peyronellaea obtusa,,717,5894152,
2695,Phoma camelliae,,718,6124041,
2696,Phoma glaucispora,,718,5262332,
2697,Phoma herbarum,,718,5262297,
2698,Phoma malisorica,,718,5513695,
2699,Phoma sakishimensis,,718,5512554,
2700,Remotididymella destructiva,,719,10677328,
2701,Stagonosporopsis cucurbitacearum,,720,5894180,
2702,Stagonosporopsis ligulicola,,720,7396121,
2703,Stagonosporopsis populi,,720,3308062,
2704,Cytoplea badia,,721,3536770,
2705,Cytoplea phyllostachydis,,721,3536759,
2706,Didymosphaeria futilis,,722,2619840,
2707,Didymosphaeria massarioides,,722,7696142,
2708,Didymosphaeria striatospora,,722,3536480,
2709,Didymosphaeria variabile,,722,7495622,
2710,Montagnula dura,,723,2615598,
2711,Neokalmusia brevispora,,724,8026629,
2712,Neokalmusia scabrispora,,724,7787156,
2713,Paraconiothyrium archidendri,,725,7783651,
2714,Paraconiothyrium brasiliense,,725,2615556,
2715,Paraconiothyrium cyclothyrioides,,725,2615552,
2716,Paraphaeosphaeria michotii,,726,2615606,
2717,Paraphaeosphaeria microspora,,726,3534901,
2718,Paraphaeosphaeria sporulosa,,726,7715726,
2719,Pseudopithomyces atro-olivaceus,,727,9726886,
2720,Pseudopithomyces chartarum,,727,7460932,
2721,Pseudopithomyces maydicus,,727,8197512,
2722,Verruculina enalia,,728,5263160,
2723,Astraeus hygrometricus,ツチガキ,729,5239766,
2724,Astraeus koreanus,コツチグリ,729,5239772,
2725,Astraeus ryoocheoninii,,729,9739218,
2726,Diplogelasinospora grovesii,,730,2572827,
2727,Diplogelasinospora princeps,,730,2572825,
2728,Dipodascus albidus,,731,2599224,
2729,Dipodascus klebahnii,,731,7658280,
2730,Dipodascus reessii,,731,2599221,
2731,Dipodascus tetraspermus,,731,2599295,
2732,Dipodascus tetrasporeus,,731,7868779,
2733,Geotrichum candidum,,732,2599275,
2734,Geotrichum europaeum,,732,3479340,
2735,Geotrichum silvicola,,732,3479406,
2736,Magnusiomyces clavatus,,733,10742443,
2737,Saprochaete gigas,,734,3479293,
2738,Saprochaete suaveolens,,734,3479289,
2739,Trichosporon asahii,,735,7695393,
2740,Trichosporon asteroides,,735,3300777,
2741,Trichosporon debeurmannianum,,735,5899422,
2742,Trichosporon japonicum,,735,3371520,
2743,Trichosporon ovoides,,735,3371529,
2744,Yarrowia deformans,,736,8161545,
2745,Yarrowia lipolytica,,736,2599452,
2746,Yarrowia yakushimensis,,736,8392814,
2747,Discina ancilis,,737,5258519,
2748,Discina melaleuca,,737,5820600,
2749,Gyromitra discinoides,オオカサノボリリュウ,738,5497495,
2750,Gyromitra esculenta,シャグマアミガサタケ,738,5258510,
2751,Gyromitra gigas,,738,12197740,
2752,Gyromitra infula,トビイロノボリリュウ,738,5258509,
2753,Gyromitra macrospora,,738,5497485,
2754,Gyromitra parma,,738,5497491,
2755,Gyromitra warnei,,738,5497460,
2756,Hydnotrya michaelis,,739,2593382,
2757,Hydnotrya tulasnei,クルミタケ,739,2593397,
2758,Maublancomyces inflatus,,740,3301114,
2759,Gyoerffyella speciosa,,741,2589972,
2760,Lemonniera aquatica,,742,5256797,
2761,Lemonniera centrosphaera,,742,5256791,
2762,Pezoloma iodocyanescens,,743,2577673,
2763,Pezoloma obstrictum,,743,2577665,
2764,Varicosporium elodeae,,744,2582956,
2765,Adisciso kaki,,745,7393829,
2766,Discosia artocreas,,746,2574639,
2767,Discosia maculiformis,,746,3462428,
2768,Discosia pini,,746,3462398,
2769,Discosia pseudoartocreas,,746,7440161,
2770,Discosia tricellularis,,746,10860499,
2771,Discosia yakushimensis,,746,10767851,
2772,Distoseptispora adscendens,,747,12230037,
2773,Diversispora eburnea,,748,7653456,
2774,Diversispora epigaea,,748,7687196,
2775,Burrillia pustulata,,749,2513118,
2776,Doassansia alismatis,,750,8648267,
2777,Doassansia disticha,,750,3371981,
2778,Nannfeldtiomyces sparganii,,751,2513093,
2779,Doassansiopsis deformans,,752,2556885,
2780,Doassansiopsis horiana,,752,2556895,
2781,Dothidea edgeworthiae,,753,8023290,
2782,Dothidea sambuci,クロイボタケ,753,2612708,
2783,Gonatobotryum maculicola,,754,2588080,
2784,Stylodothis puccinioides,,755,2612655,
2785,Vestergrenia neolitseae,,756,5509677,
2786,Pleiochaeta setosa,,757,2590303,
2787,Hormonema macrosporum,,758,2613081,
2788,Japonia quercus,,759,5509739,
2789,Sydowia japonica,,760,7918289,
2790,Sydowia polyspora,,760,2612876,
2791,Yoshinagaia quercus,,761,2613030,
2792,Diplocarpon alpestre,,762,9737594,
2793,Diplocarpon earlianum,,762,2583548,
2794,Diplocarpon mali,,762,2583541,
2795,Diplocarpon mespili,,762,2583575,
2796,Diplocarpon rosae,,762,2583566,
2797,Drepanopeziza brunnea,,763,10162050,
2798,Drepanopeziza populi,,763,10032630,
2799,Gloeosporium crotonis,,764,3297279,
2800,Gloeosporium cymbidii,,764,3305365,
2801,Gloeosporium euonymicola,,764,7771415,
2802,Gloeosporium illicii,,764,3288176,
2803,Gloeosporium kawakamii,,764,3270663,
2804,Gloeosporium kiotoense,,764,3290746,
2805,Gloeosporium orbiculare,,764,7624830,
2806,Gloeosporium pestis,,764,3294197,
2807,Gloeosporium polymorphum,,764,3303511,
2808,Gloeosporium sorauerianum,,764,3271591,
2809,Leptotrochila cerastiorum,,765,8619995,
2810,Leptotrochila ranunculi,,765,2581002,
2811,Leptotrochila repanda,,765,2580986,
2812,Marssonina daphnes,,766,2581239,
2813,Marssonina punctiformis,,766,2581264,
2814,Pseudopeziza medicaginis,,767,2581187,
2815,Pseudopeziza peracarpae,,767,3490192,
2816,Pseudopeziza trifolii,,767,9056370,
2817,Sporonema diapensiae,,768,5496361,
2818,Sporonema nigropunctatum,,768,5496382,
2819,Eballistra oryzae,,769,2513560,
2820,Amylostereum areolatum,,770,8693982,
2821,Amylostereum orientale,,770,7719569,
2822,Echinodontiellum japonicum,,771,10736084,
2823,Echinodontium tinctorium,,772,2552533,
2824,Echinodontium tsugicola,マンネンハリタケ,772,2552544,
2825,Larssoniporia tropicalis,,773,7571180,
2826,Elaphomyces citrinus,,774,2598374,
2827,Elaphomyces fragilisporus,タイセツツチダンゴ,774,3465259,
2828,Elaphomyces fuscus,,774,11757696,
2829,Elaphomyces granulatus,ツチダンゴ,774,2598370,
2830,Elaphomyces japonicus,キツチダンゴ,774,2598361,
2831,Elaphomyces leucosporus,,774,2598362,
2832,Elaphomyces miyabeanus,クロツチダンゴ,774,3465314,
2833,Elaphomyces morettii,,774,2598364,
2834,Elaphomyces muricatus,アミメツチダンゴ,774,2598368,
2835,Elaphomyces mutabilis,,774,7252221,
2836,Elaphomyces neoasperulus,,774,3465302,
2837,Elaphomyces nopporensis,コクロツチダンゴ,774,3465301,
2838,Pseudotulostoma japonicum,コウボウフデ,775,2598377,
2839,Elixia flexella,,776,2600792,
2840,Elsinoe ampelina,,777,5894340,
2841,Elsinoe araliae,,777,8200658,
2842,Elsinoe batatas,,777,6549281,
2843,Elsinoe broussonetiae,,777,3499060,
2844,Elsinoe caricae,,777,9669434,
2845,Elsinoe diospyri,,777,3499130,
2846,Elsinoe euonymi-japonici,,777,3499104,
2847,Elsinoe fawcettii,,777,2613163,
2848,Elsinoe glycines,,777,9682085,
2849,Elsinoe leucospila,,777,3499129,
2850,Elsinoe paeoniae,,777,9766150,
2851,Elsinoe populi,,777,9804423,
2852,Elsinoe randii,,777,2613129,
2853,Elsinoe rhois,,777,9676225,
2854,Elsinoe rosarum,,777,6096448,
2855,Elsinoe violae,,777,9772649,
2856,Sphaceloma akebiae,,778,3499202,
2857,Sphaceloma catalpae,,778,3499291,
2858,Sphaceloma japonicum,,778,3499286,
2859,Sphaceloma lespedezae,,778,3499292,
2860,Sphaceloma paederiae,,778,3499245,
2861,Sphaceloma peucedani,,778,3499199,
2862,Sphaceloma picrasmae,,778,3499266,
2863,Sphaceloma plantaginis,,778,3499229,
2864,Sphaceloma pruni-domesticae,,778,3499284,
2865,Sphaceloma tsujii,,778,6123802,
2866,Sphaceloma zelkovae,,778,3499247,
2867,Endogone botryocarpa,,779,12205606,
2868,Endogone corticioides,,779,9672612,
2869,Endogone incrassata,,779,3385861,
2870,Endogone pisiformis,,779,2559439,
2871,Jimgerdemannia ambigua,,780,12259286,
2872,Jimgerdemannia flammicorona,,780,10749457,
2873,Jimgerdemannia lactiflua,,780,10857957,
2874,Vinositunica ingens,,781,12191897,
2875,Vinositunica radiata,,781,12265379,
2876,Endoraecium hyalosporum,,782,2517064,
2877,Endoraecium phyllodiorum,,782,7668432,
2878,Ontotelium coronatum,,783,3299998,
2879,Clypeolella camelliae,,784,3291642,
2880,Rhytidenglerula minima,,785,3526831,
2881,Clitocella mundula,,786,7537501,
2882,Clitocella popinalis,,786,7890180,
2883,Clitopilus crepidotoides,,787,7756445,
2884,Clitopilus lignyotus,クロウラベニタケ,787,3345693,
2885,Clitopilus pinsitus,,787,2539204,
2886,Clitopilus prunulus,ヒカゲウラベニタケ,787,2539197,
2887,Entocybe nitida,,788,7846402,
2888,Entoloma,,789,11555369,
2889,Entoloma abortivum,,789,2539731,
2890,Entoloma acutoconicum,トガリウラベニタケ,789,3346875,
2891,Entoloma aeruginosum,,789,2539447,
2892,Entoloma album,,789,3345979,
2893,Entoloma aprile,,789,2539389,
2894,Entoloma araneosum,シラガモミウラモドキ,789,2539719,
2895,Entoloma asterosporum,,789,8081879,
2896,Entoloma atrum,コキイロウラベニタケ,789,7622559,
2897,Entoloma bisporum,フタツミウラベニタケ,789,7422117,
2898,Entoloma calongei,,789,5899069,
2899,Entoloma calthionis,,789,2539614,
2900,Entoloma catalaunicum,,789,2539507,
2901,Entoloma cetratum,オオフタツミウラベニタケ,789,2539557,
2902,Entoloma chalybeum,,789,7244257,
2903,Entoloma chamaecyparidis,ヒメシロウラベニタケ,789,7433770,
2904,Entoloma clypeatum,シメジモドキ,789,3345846,
2905,Entoloma coelestinum,,789,2539950,
2906,Entoloma conferendum,ミイノモミウラモドキ,789,3346023,
2907,Entoloma corvinum,,789,2539545,
2908,Entoloma crassipes,,789,3345811,
2909,Entoloma cuspidiferum,,789,2539324,
2910,Entoloma cyaneum,,789,7408140,
2911,Entoloma cyanonigrum,コンイロイッポンシメジ,789,7610940,
2912,Entoloma depluens,カクガタコナカブリ,789,2539845,
2913,Entoloma ekaterinae,,789,10850491,
2914,Entoloma euchroum,,789,2539484,
2915,Entoloma exile,,789,2539773,
2916,Entoloma farlowii,ダイダイウラベニタケ,789,3345769,
2917,Entoloma formosum,,789,9121349,
2918,Entoloma giganteum,タマウラベニタケ,789,3345858,
2919,Entoloma glutiniceps,アイイッポンシメジ,789,8419267,
2920,Entoloma grayanum,,789,7244248,
2921,Entoloma hirtipes,カガノモミウラタケ,789,2539233,
2922,Entoloma hypogaeum,,789,7672671,
2923,Entoloma incanum,ワカクサウラベニタケ,789,8842718,
2924,Entoloma insidiosum,,789,2539607,
2925,Entoloma japonicum,ケモミウラモドキ,789,3345960,
2926,Entoloma kansaiense,キヒダイッポンシメジ,789,7723011,
2927,Entoloma kujuense,ナスコンイッポンシメジ,789,3346831,
2928,Entoloma lampropus,アオエノモミウラタケ,789,2539648,
2929,Entoloma luridum,キイロウラベニタケ,789,3346767,
2930,Entoloma madidum,ウスムラサキイッポンンシメジ,789,8899985,
2931,Entoloma murrayi,,789,3346266,
2932,Entoloma mycenoides,エイザンモミウラモドキ,789,7583539,
2933,Entoloma nipponicum,,789,10676091,
2934,Entoloma ochromicaceum,,789,2539895,
2935,Entoloma omiense,ウスキモミウラモドキ,789,3346491,
2936,Entoloma parasiticum,ヒメヤグラタケモドキ,789,2539332,
2937,Entoloma prismaticum,,789,7999709,
2938,Entoloma proterum,,789,3346673,
2939,Entoloma pseudoturci,,789,2539376,
2940,Entoloma pulchellum,シバフウラベニタケ,789,7842636,
2941,Entoloma quadratum,アカイボカサタケ,789,3346639,
2942,Entoloma rhodocylix,,789,2539977,
2943,Entoloma rhodopolium,クサウラベニタケ,789,2539657,
2944,Entoloma salmoneum,,789,3346825,
2945,Entoloma sarcopus,ウラベニホテイシメジ,789,3346727,
2946,Entoloma sepium,,789,3346903,
2947,Entoloma sericellum,キヌモミウラタケ,789,8963563,
2948,Entoloma serrulatum,ススタケ,789,2539489,
2949,Entoloma sinuatum,イッポンシメジ,789,2539308,
2950,Entoloma sphagnorum,コケモミウラタケ,789,2539741,
2951,Entoloma subnitidum,ムラサキイッポンシメジ,789,7244357,
2952,Entoloma subtenuicystidiatum,,789,8298213,
2953,Entoloma tenellum,,789,2539960,
2954,Entoloma undatum,,789,2539904,
2955,Entoloma ursulae,,789,3345901,
2956,Entoloma vernalis,,789,7654757,
2957,Entoloma virescens,ソライロタケ,789,7383377,
2958,Rhodocybe roseiavellanea,イナバノウラベニタケ,790,3347145,
2959,Rhodophana nitellina,,791,7874021,
2960,Entomophaga grylli,イナゴカビ,792,5250958,
2961,Entomophaga maimaiga,,792,5250986,
2962,Entomophthora muscae,ハエカビ,793,5250887,
2963,Erynia conica,,794,2559744,
2964,Erynia ovispora,,794,2559741,
2965,Erynia rhizospora,,794,2559704,
2966,Massospora cicadina,ジュウシチネンゼミカビ,795,2559687,
2967,Pandora neoaphidis,,796,5250827,
2968,Juncorrhiza aschersoniana,,797,10851528,
2969,Entrophospora etunicata,,798,12186490,
2970,Entyloma arnaudianum,,799,7582482,
2971,Entyloma australe,,799,2513693,
2972,Entyloma chrysosplenii,,799,2513571,
2973,Entyloma cosmi,,799,2513622,
2974,Entyloma thalictri,,799,2513688,
2975,Entylomella chrysanthemi,,800,3372599,
2976,Tilletiopsis lilacina,,801,2513317,
2977,Tilletiopsis pallescens,,801,2513324,
2978,Tilletiopsis washingtonensis,,801,2513322,
2979,Eocronartium muscicola,,802,2518003,
2980,Herpobasidium filicinum,,803,2517996,
2981,Herpobasidium struthiopteridis,,803,2518000,
2982,Epibryon metzgeriae,,804,2625202,
2983,Eremothecium ashbyi,,805,2599647,
2984,Eremothecium coryli,,805,2626067,
2985,Blumeria dactylidis,,806,12265747,
2986,Blumeria graminis,,806,2578272,
2987,Cystotheca kusanoi,,807,10810407,
2988,Cystotheca lanestris,,807,9662266,
2989,Cystotheca wrightii,,807,3483630,
2990,Erysiphe abeliicola,,808,2578854,
2991,Erysiphe acerina,,808,2578787,
2992,Erysiphe actinidiae,,808,7246473,
2993,Erysiphe actinostemmatis,,808,3482262,
2994,Erysiphe adunca,,808,3482525,
2995,Erysiphe akebiae,,808,2578860,
2996,Erysiphe alphitoides,,808,2578759,
2997,Erysiphe aphananthes,,808,8101000,
2998,Erysiphe aquilegiae,,808,3482537,
2999,Erysiphe arcuata,,808,2578586,
3000,Erysiphe astragali,,808,2578932,
3001,Erysiphe aucubae,,808,9801666,
3002,Erysiphe australiana,,808,2578847,
3003,Erysiphe azaleae,,808,2578424,
3004,Erysiphe baeumleri,,808,2578328,
3005,Erysiphe baliensis,,808,9676343,
3006,Erysiphe baptisiae,,808,8204887,
3007,Erysiphe begoniicola,,808,2578561,
3008,Erysiphe berberidicola,,808,2578718,
3009,Erysiphe berberidis,,808,2578954,
3010,Erysiphe berchemiae,,808,2578635,
3011,Erysiphe betae,,808,2578935,
3012,Erysiphe betulina,,808,2578812,
3013,Erysiphe bifurcata,,808,2578460,
3014,Erysiphe blasti,,808,2578597,
3015,Erysiphe braunii,,808,3482510,
3016,Erysiphe buckleyae,,808,2578426,
3017,Erysiphe buhrii,,808,2578478,
3018,Erysiphe calocladophora,,808,2578545,
3019,Erysiphe capreae,,808,7608741,
3020,Erysiphe carpinicola,,808,2578609,
3021,Erysiphe carpini-cordatae,,808,8277208,
3022,Erysiphe carpini-laxiflorae,,808,3482367,
3023,Erysiphe castaneigena,,808,2578894,
3024,Erysiphe cedrelae,,808,7246335,
3025,Erysiphe chloranthi,,808,3482539,
3026,Erysiphe cichoracearum,,808,8377505,
3027,Erysiphe clandestina,,808,2578881,
3028,Erysiphe clethrae,,808,2578334,
3029,Erysiphe clintonii,,808,2578395,
3030,Erysiphe clintoniopsis,,808,2578374,
3031,Erysiphe coriariae,,808,2578312,
3032,Erysiphe cornicola,,808,9700358,
3033,Erysiphe corylacearum,,808,2578507,
3034,Erysiphe corylicola,,808,2578923,
3035,Erysiphe corylopsidis,,808,8354983,
3036,Erysiphe cruciferarum,,808,2578322,
3037,Erysiphe delavayi,,808,2578862,
3038,Erysiphe deutziae,,808,2578858,
3039,Erysiphe diervillae,,808,7246455,
3040,Erysiphe diffusa,,808,2578526,
3041,Erysiphe divaricata,,808,9585710,
3042,Erysiphe epigena,,808,3482946,
3043,Erysiphe euonymi,,808,2578340,
3044,Erysiphe euonymicola,,808,8177297,
3045,Erysiphe euonymi-japonici,,808,2578694,
3046,Erysiphe euphorbiae,,808,2578596,
3047,Erysiphe euphorbiicola,,808,2578705,
3048,Erysiphe fimbriata,,808,3482343,
3049,Erysiphe fraxinea,,808,11926968,
3050,Erysiphe fraxinicola,,808,2578836,
3051,Erysiphe geniculata,,808,2578783,
3052,Erysiphe gracilis,,808,3482433,
3053,Erysiphe helwingiae,,808,2578900,
3054,Erysiphe heraclei,,808,2578649,
3055,Erysiphe hiratae,,808,3482908,
3056,Erysiphe hommae,,808,2578508,
3057,Erysiphe huayinensis,,808,3482348,
3058,Erysiphe hydrangeae,,808,2578856,
3059,Erysiphe hypogena,,808,3482779,
3060,Erysiphe hypophylla,,808,2578915,
3061,Erysiphe izuensis,,808,2578732,
3062,Erysiphe japonica,,808,3483646,
3063,Erysiphe juglandis,,808,2578709,
3064,Erysiphe katumotoi,,808,2578630,
3065,Erysiphe kissiana,,808,9744604,
3066,Erysiphe krumbholzii,,808,3482826,
3067,Erysiphe kusanoi,,808,7246461,
3068,Erysiphe ligustri,,808,2578589,
3069,Erysiphe linderae,,808,10829616,
3070,Erysiphe liquidambaris,,808,2578637,
3071,Erysiphe liriodendri,,808,3482280,
3072,Erysiphe ljubarskii,,808,7246344,
3073,Erysiphe longiappendiculata,,808,10721079,
3074,Erysiphe longifilamentosa,,808,10888218,
3075,Erysiphe lonicerae,,808,2578830,
3076,Erysiphe lonicerina,,808,11755835,
3077,Erysiphe lythri,,808,2578414,
3078,Erysiphe macleayae,,808,3482748,
3079,Erysiphe magnifica,,808,2578485,
3080,Erysiphe magnoliae,,808,2578412,
3081,Erysiphe magnoliicola,,808,7978942,
3082,Erysiphe malloti,,808,8047157,
3083,Erysiphe mayorii,,808,2578591,
3084,Erysiphe mayumi,,808,2578370,
3085,Erysiphe meliosmae,,808,2578393,
3086,Erysiphe menispermi,,808,7246323,
3087,Erysiphe michikoae,,808,8303051,
3088,Erysiphe miurae,,808,2578892,
3089,Erysiphe miyabeana,,808,2578868,
3090,Erysiphe miyabei,,808,2578430,
3091,Erysiphe monascogera,,808,3482556,
3092,Erysiphe mori,,808,2578469,
3093,Erysiphe mougeotii,,808,3483444,
3094,Erysiphe multappendicis,,808,2578852,
3095,Erysiphe necator,,808,2578415,
3096,Erysiphe neolycopersici,,808,12154039,
3097,Erysiphe nishidana,,808,2578382,
3098,Erysiphe nomurae,,808,3482351,
3099,Erysiphe nyctaginacearum,,808,9714356,
3100,Erysiphe oleosa,,808,7246421,
3101,Erysiphe orixae,,808,2578641,
3102,Erysiphe ornata,,808,3482529,
3103,Erysiphe paeoniae,,808,2578608,
3104,Erysiphe palczewskii,,808,2578578,
3105,Erysiphe paracarpinicola,,808,8347704,
3106,Erysiphe parvifoliae,,808,12264416,
3107,Erysiphe pedaliacearum,,808,10796275,
3108,Erysiphe penicillata,,808,7524521,
3109,Erysiphe phyllanthi,,808,2578582,
3110,Erysiphe picrasmae,,808,2578433,
3111,Erysiphe picrasmicola,,808,2578432,
3112,Erysiphe pileae,,808,7962148,
3113,Erysiphe pisi,,808,3482798,
3114,Erysiphe platani,,808,2578515,
3115,Erysiphe polygoni,,808,2578939,
3116,Erysiphe pseudocarpinicola,,808,2578438,
3117,Erysiphe pseudocorylacearum,,808,12194694,
3118,Erysiphe pseudogracilis,,808,10731372,
3119,Erysiphe pseudolonicerae,,808,2578476,
3120,Erysiphe pseudoviburni,,808,12221625,
3121,Erysiphe pulchra,,808,2578450,
3122,Erysiphe pusilla,,808,3482246,
3123,Erysiphe quercicola,,808,3482785,
3124,Erysiphe robiniae,,808,3482821,
3125,Erysiphe rodgersiae,,808,3482402,
3126,Erysiphe russellii,,808,2578803,
3127,Erysiphe salicis,,808,3482601,
3128,Erysiphe salmonii,,808,2578346,
3129,Erysiphe schisandrae,,808,12189914,
3130,Erysiphe schizandrae,,808,2578513,
3131,Erysiphe schizophragmatis,,808,2578944,
3132,Erysiphe sedi,,808,3482502,
3133,Erysiphe sengokui,,808,2578911,
3134,Erysiphe shinanoensis,,808,2578387,
3135,Erysiphe simulans,,808,7246521,
3136,Erysiphe sinomenii,,808,7603867,
3137,Erysiphe staphyleae,,808,2578344,
3138,Erysiphe symphoricarpi,,808,2578401,
3139,Erysiphe syringae,,808,2578594,
3140,Erysiphe syringae-japonicae,,808,2578925,
3141,Erysiphe takamatsui,,808,3482465,
3142,Erysiphe tiliae,,808,2578888,
3143,Erysiphe togashiana,,808,6019319,
3144,Erysiphe trifolii,,808,2578976,
3145,Erysiphe trifoliorum,,808,7823745,
3146,Erysiphe ulmariae,,808,7755140,
3147,Erysiphe ulmi,,808,8099094,
3148,Erysiphe uncinuloides,,808,10707994,
3149,Erysiphe vanbruntiana,,808,3482288,
3150,Erysiphe verniciferae,,808,7246517,
3151,Erysiphe viburni,,808,2578792,
3152,Erysiphe viburni-plicati,,808,8030325,
3153,Erysiphe viciae-unijugae,,808,3482290,
3154,Erysiphe wadae,,808,3482657,
3155,Erysiphe wallrothii,,808,2578781,
3156,Erysiphe werneri,,808,3482518,
3157,Erysiphe yamadae,,808,2578740,
3158,Erysiphe zelkovae,,808,8386261,
3159,Fibroidium balsaminae,,809,7417715,
3160,Golovinomyces adenophorae,,810,3483430,
3161,Golovinomyces ambrosiae,,810,3483418,
3162,Golovinomyces arabidis,,810,3483416,
3163,Golovinomyces artemisiae,,810,2578379,
3164,Golovinomyces asterum,,810,7380447,
3165,Golovinomyces biocellatus,,810,2578625,
3166,Golovinomyces bolayi,,810,10724974,
3167,Golovinomyces chrysanthemi,,810,9657576,
3168,Golovinomyces cichoracearum,,810,3483411,
3169,Golovinomyces circumfusus,,810,7441515,
3170,Golovinomyces cynoglossi,,810,2578282,
3171,Golovinomyces fischeri,,810,3483408,
3172,Golovinomyces laporteae,,810,3483436,
3173,Golovinomyces latisporus,,810,11910761,
3174,Golovinomyces macrocarpus,,810,7812345,
3175,Golovinomyces magnicellulatus,,810,2578839,
3176,Golovinomyces monardae,,810,9729493,
3177,Golovinomyces montagnei,,810,8398087,
3178,Golovinomyces neosalviae,,810,9698342,
3179,Golovinomyces orontii,,810,2578291,
3180,Golovinomyces riedlianus,,810,3483424,
3181,Golovinomyces rubiae,,810,2578289,
3182,Golovinomyces sonchicola,,810,3483434,
3183,Golovinomyces sordidus,,810,2578559,
3184,Golovinomyces spadiceus,,810,7557991,
3185,Golovinomyces tabaci,,810,10868901,
3186,Leveillula clavata,,811,3483687,
3187,Leveillula taurica,,811,2577859,
3188,Microsphaera alni,,812,9578018,
3189,Microsphaera grossulariae,,812,8352044,
3190,Microsphaera variabilis,,812,6336936,
3191,Neoerysiphe cumminsiana,,813,2578249,
3192,Neoerysiphe galeopsidis,,813,2578258,
3193,Neoerysiphe geranii,,813,2578247,
3194,Neoerysiphe hiratae,,813,5952721,
3195,Oidium japonicum,,814,5495105,
3196,Parauncinula curvispora,,815,2577956,
3197,Parauncinula polyspora,,815,9799557,
3198,Parauncinula septata,,815,2577954,
3199,Parauncinula uncinata,,815,9715809,
3200,Phyllactinia actinidiae,,816,5495299,
3201,Phyllactinia actinidiae-latifoliae,,816,5495169,
3202,Phyllactinia alangii,,816,5495251,
3203,Phyllactinia alni,,816,5495308,
3204,Phyllactinia alnicola,,816,8337777,
3205,Phyllactinia broussonetiae-kaempferi,,816,5495266,
3206,Phyllactinia carpinicola,,816,7680686,
3207,Phyllactinia corni,,816,5495236,
3208,Phyllactinia dalbergiae,,816,5495157,
3209,Phyllactinia enkianthi,,816,5495197,
3210,Phyllactinia eupteleae,,816,7782245,
3211,Phyllactinia fraxini,,816,5255243,
3212,Phyllactinia fraxinicola,,816,7904298,
3213,Phyllactinia fraxini-longicuspidis,,816,12266211,
3214,Phyllactinia guttata,,816,5255244,
3215,Phyllactinia hamamelidis,,816,8042514,
3216,Phyllactinia japonica,,816,11465304,
3217,Phyllactinia juglandis,,816,5495229,
3218,Phyllactinia kakiicola,,816,5495282,
3219,Phyllactinia linderae,,816,5495226,
3220,Phyllactinia magnoliae,,816,5495208,
3221,Phyllactinia mali,,816,5255252,
3222,Phyllactinia moricola,,816,5495249,
3223,Phyllactinia ostryae,,816,7892316,
3224,Phyllactinia pterostyracis,,816,5495159,
3225,Phyllactinia pyri-serotinae,,816,5495177,
3226,Phyllactinia roboris,,816,5495288,
3227,Phyllactinia salmonii,,816,7246508,
3228,Phyllactinia sapii,,816,5495283,
3229,Pleochaeta polychaeta,,817,2577925,
3230,Pleochaeta shiraiana,,817,2577929,
3231,Podosphaera adenocauli,,818,8035768,
3232,Podosphaera aphanis,,818,5255345,
3233,Podosphaera astericola,,818,7642129,
3234,Podosphaera astilbicola,,818,5255406,
3235,Podosphaera balsaminae,,818,5255330,
3236,Podosphaera callicarpae,,818,5255353,
3237,Podosphaera caricae-papayae,,818,5255322,
3238,Podosphaera carpesiicola,,818,7470047,
3239,Podosphaera cayratiae,,818,5255415,
3240,Podosphaera cercidiphylli,,818,5495319,
3241,Podosphaera clandestina,,818,3484049,
3242,Podosphaera curvispora,,818,5495343,
3243,Podosphaera diclipterae,,818,5255400,
3244,Podosphaera elsholtziae,,818,10678561,
3245,Podosphaera epilobii,,818,7743325,
3246,Podosphaera erigerontis-canadensis,,818,7730091,
3247,Podosphaera euphorbiae,,818,5255318,
3248,Podosphaera euphorbiae-hirtae,,818,5255402,
3249,Podosphaera ferruginea,,818,5255369,
3250,Podosphaera filipendulae,,818,8252549,
3251,Podosphaera fugax,,818,5255409,
3252,Podosphaera fuliginea,,818,5255357,
3253,Podosphaera fusca,,818,5255391,
3254,Podosphaera hibiscicola,,818,5255354,
3255,Podosphaera intermedia,,818,5255323,
3256,Podosphaera koreana,,818,5255300,
3257,Podosphaera leucotricha,,818,5255338,
3258,Podosphaera longiseta,,818,5495327,
3259,Podosphaera macularis,,818,5255324,
3260,Podosphaera minor,,818,5495315,
3261,Podosphaera mors-uvae,,818,5255301,
3262,Podosphaera myrtillina,,818,5255399,
3263,Podosphaera pannosa,,818,5255308,
3264,Podosphaera photiniae,,818,7649267,
3265,Podosphaera phtheirospermi,,818,7529576,
3266,Podosphaera prunigena,,818,12192108,
3267,Podosphaera pruni-japonicae,,818,12237629,
3268,Podosphaera prunina,,818,12265599,
3269,Podosphaera pseudofusca,,818,5255401,
3270,Podosphaera sibirica,,818,5255407,
3271,Podosphaera spiraeae,,818,5255304,
3272,Podosphaera spiraeicola,,818,8378737,
3273,Podosphaera spiralis,,818,5495338,
3274,Podosphaera stephanandrae,,818,5255424,
3275,Podosphaera tridactyla,,818,5255411,
3276,Podosphaera viburni,,818,5495347,
3277,Pseudoidium hortensiae,,819,7673138,
3278,Sawadaea bicornis,,820,2577938,
3279,Sawadaea nankinensis,,820,3484128,
3280,Sawadaea polyfida,,820,3484126,
3281,Sawadaea tulasnei,,820,2577948,
3282,Sphaerotheca castagnei,,821,2577935,
3283,Bannoa bischofiae,,822,9757660,
3284,Bannoa hahajimensis,,822,2555983,
3285,Bannoa ogasawarensis,,822,9675628,
3286,Bannoa syzygii,,822,9797433,
3287,Erythrobasidium elongatum,,823,9757535,
3288,Erythrobasidium hasegawae,,823,2555985,
3289,Erythrobasidium yunnanense,,823,9675507,
3290,Dendrostoma castaneum,,824,10872328,
3291,Dendrostoma leiphaemia,,824,10850390,
3292,Exidia brunneola,,179,3314445,
3293,Exobasidium bisporum,ハナヒリヒラモチビョウキン,825,2513218,
3294,Exobasidium camelliae,ツバキモチビョウキン,825,2513253,
3295,Exobasidium cylindrosporum,,825,2513236,
3296,Exobasidium dubium,,825,2513214,
3297,Exobasidium gracile,サザンカモチビョウキン,825,2513212,
3298,Exobasidium hemisphaericum,シャクナゲタマモチビョウキン,825,3371951,
3299,Exobasidium inconspicuum,,825,2513239,
3300,Exobasidium japonicum,ツツジモチビョウキン,825,2513225,
3301,Exobasidium juelianum,,825,2513247,
3302,Exobasidium kishianum,,825,2513252,
3303,Exobasidium miyabei,,825,2513217,
3304,Exobasidium nobeyamense,,825,2513198,
3305,Exobasidium nudum,ツバキコナモチビョウキン,825,3371952,
3306,Exobasidium otanianum,コバノミツバツツジウラジロモチビョウキン,825,7239005,
3307,Exobasidium pentasporium,ツツジテングスモチビョウキン,825,2513231,
3308,Exobasidium pieridis,ネジキモチビョウキン,825,3371916,
3309,Exobasidium pieridis-ovalifoliae,ネジキヒラモチビョウキン,825,2513202,
3310,Exobasidium reticulatum,チャアミモチビョウキン,825,2513238,
3311,Exobasidium sakishimaense,,825,3371881,
3312,Exobasidium sasanquae,,825,3371947,
3313,Exobasidium shiraianum,シャクナゲコナモチビョウキン,825,2513201,
3314,Exobasidium siroboe,,825,12208163,
3315,Exobasidium symploci,,825,3371956,
3316,Exobasidium symploci-japonicae,,825,2513210,
3317,Exobasidium vaccinii,コケモモモチビョウキン,825,9589545,
3318,Exobasidium vexans,チャハブクレモチビョウキン,825,2513221,
3319,Exobasidium woronichinii,,825,2513206,
3320,Exobasidium yoshinagae,ミツバツツジヒラモチビョウキン,825,8129973,
3321,Fibroporia radiculosa,,826,2546243,
3322,Fibroporia vaillantii,,826,9083566,
3323,Filobasidium magnum,,827,9782081,
3324,Filobasidium oeirense,,827,9710961,
3325,Filobasidium wieringae,,827,9679903,
3326,Goffeauzyma gastrica,,828,9722918,
3327,Goffeauzyma gilvescens,,828,9812888,
3328,Naganishia albida,,829,9721395,
3329,Naganishia liquefaciens,,829,9703482,
3330,Syzygospora effibulata,,830,2518466,
3331,Syzygospora mycetophila,,830,2518471,
3332,Fistulina hepatica,カンゾウタケ,831,9607875,
3334,Antherospora vaillantii,,832,5897424,
3335,Antrodia albida,アセアミタケ,833,8912808,
3336,Antrodia gossypium,シロロウアナタケ,833,2542476,
3337,Antrodia heteromorpha,ミヤマシロアミタケ,833,8769312,
3338,Antrodia macra,,833,2542664,
3339,Antrodia multipapillata,,833,2542468,
3340,Antrodia pictilis,,833,3362308,
3341,Antrodia ramentacea,,833,2542497,
3342,Antrodia sinuosa,ワタグサレキン,833,8892548,
3343,Antrodia tanakae,,833,8258043,
3344,Antrodia tanakai,,833,10279106,
3345,Auriporia aurea,,834,2543462,
3346,Auriporia aurulenta,,834,2543461,
3347,Brunneoporus kuzyanus,,835,9738006,
3348,Brunneoporus malicola,,835,9745312,
3349,Buglossoporus quercinus,Kokamba-take,836,2543301,
3350,Climacocystis borealis,エゾタケ,837,2542720,
3351,Daedalea dickinsii,ホウロクタケ,838,2543258,
3352,Daedalea incana,,838,7364833,
3353,Daedalea mollicula,,838,3362203,
3354,Daedalea pseudodochmia,,838,3362135,
3355,Daedalea quercina,,838,8879395,
3356,Daedalea vermicularis,,838,3362094,
3357,Daedalea xantha,,838,2542624,
3358,Fomitopsis betulina,,839,9819973,
3359,Fomitopsis castanea,クロサルノコシカケ,839,2542381,
3360,Fomitopsis concava,,839,2542385,
3361,Fomitopsis officinalis,Eburiko,839,2543474,
3362,Fomitopsis pinicola,ツガサルノコシカケ,839,2542395,
3363,Fomitopsis rubida,,839,3362006,
3364,Fomitopsis sensitiva,,839,2542311,
3365,Neoantrodia serialis,,840,9690034,
3366,Niveoporofomes spraguei,,841,9713907,
3367,Pilatoporus ostreiformis,,842,10718197,
3368,Pilatoporus palustris,,842,2542365,
3369,Piptoporellus soloniensis,,843,9714841,
3370,Ranadivia modesta,,844,10881653,
3371,Resinoporia piceata,,845,9775858,
3372,Resinoporia sitchensis,,845,9715255,
3373,Resinoporia sordida,,845,9774146,
3374,Rhodofomes cajanderi,,846,9739681,
3375,Rhodofomes carneus,,846,9670117,
3376,Rhodofomes roseus,,846,8179389,
3377,Rhodofomitopsis feei,,847,9811409,
3378,Wolfiporia cocos,ブクリョウ,848,2549306,
3379,Wolfiporia extensa,ブクリョウ,848,2549299,
3380,Wolfiporia hoelen,,848,12231226,
3381,Fuscidea cyathoides,,849,11098235,
3382,Fuscidea gothoburgensis,,849,3434752,
3383,Fuscidea intercincta,,849,2600761,
3384,Fuscidea mollis,,849,2600763,
3385,Fuscidea pusilla,,849,2600765,
3386,Fuscidea submollis,,849,3434718,
3387,Fuscidea verruciformis,,849,3434786,
3388,Maronea constans,,850,2600772,
3389,Orphniospora moriopsis,,851,11003781,
3390,Fuscostagonospora sasae,,852,9670096,
3391,Gallacea violacea,,853,2525932,
3392,Sanguinoderma rugosum,,854,12132310,
3393,Gastrosporium gossypinum,,855,11898903,
3394,Geastrum arenarium,,856,5954399,
3395,Geastrum berkeleyi,,856,2554327,
3396,Geastrum biplicatum,,856,3351795,
3397,Geastrum corollinum,,856,2554374,
3398,Geastrum elegans,ヒダフクロツチガキ,856,2554347,
3399,Geastrum fimbriatum,,856,2554355,
3401,Geastrum fornicatum,,856,2554359,
3402,Geastrum javanicum,ケフクロツチガキ,856,3351608,
3403,Geastrum kotlabae,ヒヨリヒメツチグリ,856,3351692,
3404,Geastrum lageniforme,トガリツチガキ,856,2554332,
3405,Geastrum minimum,,856,2554328,
3406,Geastrum mirabile,カミツチグリ,856,2554337,
3407,Geastrum pectinatum,オガサワラツチグリ,856,2554343,
3408,Geastrum quadrifidum,セイタカヒメツチグリ,856,2554338,
3409,Geastrum rufescens,ヤブレツチグリ,856,2554340,
3410,Geastrum saccatum,フクロツチガキ,856,2554333,
3411,Geastrum schweinitzii,,856,7241714,
3412,Geastrum striatum,コフキスジツチグリ,856,2554383,
3413,Geastrum subiculosum,,856,2554380,
3414,Geastrum triplex,エリマキツチグリ,856,9326332,
3416,Geastrum velutinum,,856,2554379,
3417,Nidulariopsis iowensis,,857,2554389,
3418,Sphaerobolus stellatus,タマハジキタケ,858,5249473,
3419,Ascocoryne cylichnium,ムラサキゴムタケ,859,2584345,
3420,Ascocoryne sarcoides,,859,2584352,
3421,Ascotremella turbinata,,860,3487502,
3422,Chloroscypha chamaecyparidis,,861,3486211,
3423,Chloroscypha cryptomeriae,,861,2584875,
3424,Chloroscypha seaveri,,861,2584884,
3425,Chloroscypha thujopsidis,,861,3486217,
3426,Neobulgaria premnophila,,862,2582162,
3427,Neobulgaria pura,ゴムタケモドキ,862,3486744,
3428,Ombrophila janthina,,863,9661424,
3429,Ombrophila pusilla,,863,5496488,
3430,Cinereomyces lindbladii,,864,2546210,
3431,Basidioascus magus,,865,8296805,
3432,Geoglossum atropurpureum,,866,2586879,
3433,Geoglossum difforme,テングノハナヤスリ,866,2586852,
3434,Geoglossum fallax,エゾテングノメシガイ,866,2586856,
3435,Geoglossum glabrum,タマテングノメシガイ,866,2586845,
3436,Geoglossum japonicum,ヤマトテングノメシガイ,866,3484517,
3437,Geoglossum nigritum,,866,8605925,
3438,Geoglossum peckianum,,866,2586869,
3439,Geoglossum simile,ジュズテングノメシガイ,866,2586858,
3440,Geoglossum umbratile,ヒメテングノメシガイ,866,2586857,
3441,Glutinoglossum glutinosum,,867,7463311,
3442,Hemileucoglossum alveolatum,,868,8135576,
3443,Sarcoleotia globosa,クロズキンタケ,869,8488586,
3444,Sarcoleotia nigra,,869,3484640,
3445,Spatularia flavida,,870,6071048,
3446,Trichoglossum farlowii,テングノシャモジ,871,7246040,
3447,Trichoglossum hirsutum,コテングノメシガイ,871,3484604,
3448,Trichoglossum octopartitum,,871,3484633,
3449,Trichoglossum variabile,カワリテングノメシガイ,871,2586922,
3450,Trichoglossum walteri,ナナフシテングノメシガイ,871,2586920,
3451,Jamesdicksonia dactylidis,,872,2513520,
3452,Dentiscutata cerradensis,,873,5952398,
3453,Gigaspora albida,,874,2560148,
3454,Gigaspora candida,,874,3311403,
3455,Gigaspora margarita,,874,2560153,
3456,Gigaspora rosea,,874,2560152,
3457,Scutellospora gregaria,,875,2560167,
3458,Gjaerumia minor,,876,9646157,
3459,Boreostereum vibrans,,877,2553304,
3460,Gloeophyllum abietinum,コゲイロカイガラタケ,878,5249202,
3461,Gloeophyllum carbonarium,,878,5249231,
3462,Gloeophyllum odoratum,ニオイアミタケ,878,5249216,
3463,Gloeophyllum protractum,,878,5249234,
3464,Gloeophyllum sepiarium,キカイガラタケ,878,5249253,
3465,Gloeophyllum striatum,,878,5249239,
3466,Gloeophyllum subferrugineum,ヒロハノキカイガラタケ,878,5249182,
3467,Gloeophyllum trabeum,キチリメンタケ,878,5249188,
3468,Neolentinus adhaerens,ナミハタケ,879,2548894,
3469,Neolentinus lepideus,,879,9129313,
3470,Osmoporus mexicanus,,880,7375687,
3471,Veluticeps abietina,カオリウロコタケ,881,2553494,
3472,Veluticeps berkeleyana,,881,9660437,
3473,Veluticeps fimbriata,,881,2553525,
3474,Veluticeps pini,,881,2553492,
3475,Funneliformis mosseae,,882,7578300,
3476,Glomus coremioides,,883,5251060,
3477,Glomus macrocarpum,,883,5251003,
3478,Glomus microcarpum,,883,5251021,
3479,Glomus pubescens,,883,5251073,
3480,Rhizophagus clarus,,884,7471482,
3481,Rhizophagus intraradices,,884,8003630,
3482,Rhizophagus irregularis,,884,7764042,
3483,Colletotrichum acutatum,,885,2568796,
3484,Colletotrichum aenigma,,885,8022794,
3485,Colletotrichum boninense,,885,2568785,
3486,Colletotrichum carthami,,885,7526785,
3487,Colletotrichum caudatum,,885,2568825,
3488,Colletotrichum chlorophyti,,885,2568939,
3489,Colletotrichum chrysanthemi,,885,3458171,
3490,Colletotrichum cigarro,,885,12220098,
3491,Colletotrichum circinans,,885,2568930,
3492,Colletotrichum coccodes,,885,2568873,
3493,Colletotrichum coffeanum,,885,2568820,
3494,Colletotrichum crassipes,,885,2568833,
3495,Colletotrichum cymbidiicola,,885,7947658,
3496,Colletotrichum dematium,,885,8884140,
3497,Colletotrichum destructivum,,885,2568806,
3498,Colletotrichum echinochloae,,885,7996610,
3499,Colletotrichum falcatum,,885,2568998,
3500,Colletotrichum fioriniae,,885,9789043,
3501,Colletotrichum fragariae,,885,2568952,
3502,Colletotrichum fructicola,,885,7600711,
3503,Colletotrichum fuscum,,885,2568790,
3504,Colletotrichum gloeosporioides,,885,2569005,
3505,Colletotrichum glycines,,885,2568990,
3506,Colletotrichum godetiae,,885,2568786,
3507,Colletotrichum gossypii,,885,2568773,
3508,Colletotrichum graminicola,,885,2568985,
3509,Colletotrichum higginsianum,,885,2568935,
3510,Colletotrichum horii,,885,8425482,
3511,Colletotrichum hsienjenchang,,885,3458238,
3512,Colletotrichum incanum,,885,7985735,
3513,Colletotrichum karsti,,885,8309493,
3514,Colletotrichum lilii,,885,7701683,
3515,Colletotrichum lindemuthianum,,885,2568828,
3516,Colletotrichum lineola,,885,3457963,
3517,Colletotrichum liriopes,,885,7924110,
3518,Colletotrichum lupini,,885,7976357,
3519,Colletotrichum mangiferae,,885,3458332,
3520,Colletotrichum musae,,885,2568793,
3521,Colletotrichum nigrum,,885,2568940,
3522,Colletotrichum nymphaeae,,885,2568936,
3523,Colletotrichum omnivorum,,885,3458154,
3524,Colletotrichum orbiculare,,885,8128632,
3526,Colletotrichum orchidearum,,885,2568792,
3527,Colletotrichum perseae,,885,10788832,
3528,Colletotrichum phaseolorum,,885,2568958,
3529,Colletotrichum pisi,,885,2568957,
3530,Colletotrichum salicis,,885,7780904,
3531,Colletotrichum sansevieriae,,885,3458040,
3532,Colletotrichum scovillei,,885,8423018,
3533,Colletotrichum shisoi,,885,10893470,
3534,Colletotrichum siamense,,885,8184256,
3535,Colletotrichum simmondsii,,885,7365775,
3536,Colletotrichum spaethianum,,885,7551169,
3537,Colletotrichum sublineola,,885,3458258,
3538,Colletotrichum taiwanense,,885,2568842,
3539,Colletotrichum ti,,885,7482452,
3540,Colletotrichum tofieldiae,,885,5895914,
3541,Colletotrichum trichellum,,885,2568837,
3542,Colletotrichum trifolii,,885,2568771,
3543,Colletotrichum tropicale,,885,7391259,
3544,Colletotrichum truncatum,,885,2568787,
3545,Colletotrichum viniferum,,885,7716572,
3546,Colletotrichum zoysiae,,885,7901339,
3547,Glomerella cingulata,,886,12254200,
3548,Glomerella cinnamomi,,886,5486630,
3549,Glomerella salicina,,886,5486624,
3550,Haplothecium coptidis,,887,2568761,
3551,Vermicularia liliacearum,,888,5952546,
3552,Sorosporium paspali,,889,7238885,
3553,Thecaphora oxalidis,,890,5250069,
3554,Cenococcum geophilum,,891,2626458,
3555,Glonium lineare,モジタケ,892,8990319,
3556,Glonium microsporum,,892,7254192,
3557,Psiloglonium clavisporum,,893,3308856,
3558,Psiloglonium sasicola,,893,5953696,
3559,Purpurepithecium minus,,894,10846545,
3560,Apiognomonia errabunda,,895,2566443,
3561,Asteroma ulmi,,896,8104487,
3562,Bagcheea albomaculans,,897,3446896,
3563,Cryptodiaporthe acerina,,898,3447647,
3564,Cryptodiaporthe aubertii,,898,2566636,
3565,Cryptodiaporthe japonica,,898,3447639,
3566,Cryptosporella bambusicola,,899,3448064,
3567,Cryptosporella betulae,,899,2566014,
3568,Cryptosporella femoralis,,899,2566037,
3569,Discula terminaliae,,900,5482686,
3570,Discula theae-sinensis,,900,7399059,
3571,Ditopella kajiana,,901,3447484,
3572,Gnomonia aceris,,902,5482854,
3573,Gnomonia hsienjenchang,,902,5482871,
3574,Gnomonia megalocarpa,,902,5482752,
3575,Mamiania ostryae,,903,2567508,
3576,Mamianiella coryli,,904,2567437,
3577,Ophiognomonia alni-cordatae,,905,7878004,
3578,Ophiognomonia asiatica,,905,8300087,
3579,Ophiognomonia cordicarpa,,905,7698887,
3580,Ophiognomonia gunmensis,,905,7970638,
3581,Ophiognomonia ibarakiensis,,905,7729816,
3582,Ophiognomonia japonica,,905,8285746,
3583,Ophiognomonia kobayashii,,905,7948687,
3584,Ophiognomonia longispora,,905,7635304,
3585,Ophiognomonia maximowiczianae,,905,8114515,
3586,Ophiognomonia monticola,,905,8385944,
3587,Ophiognomonia multirostrata,,905,7460364,
3588,Ophiognomonia naganoensis,,905,8045863,
3589,Ophiognomonia nipponicae,,905,7963450,
3590,Ophiognomonia otanii,,905,7539163,
3591,Ophiognomonia pterocaryae,,905,7604732,
3592,Ophiognomonia setacea,,905,5895573,
3593,Ophiognomonia sogonovii,,905,8023846,
3594,Plagiostoma aceris-palmati,,906,9768983,
3595,Plagiostoma aesculi,,906,5895566,
3596,Plagiostoma devexum,,906,5252783,
3597,Plagiostoma mejianum,,906,7488206,
3598,Plagiostoma phragmiticola,,906,5482659,
3599,Plagiostoma rubrosporum,,906,7351212,
3600,Plagiostoma triseptatum,,906,7649917,
3601,Plagiostoma tsukubense,,906,7594467,
3602,Ascocalyx abietis,,907,2581771,
3603,Godronia turbinata,,908,3486792,
3604,Gremmeniella abietina,,909,2584139,
3605,Gremmeniella laricina,,909,2584154,
3606,Gremmeniella pinicola,,909,3486454,
3607,Golubevia pallescens,,910,9732263,
3608,Gautieria morchelliformis,アミメシマショウロ,911,2522031,
3609,Gloeocantharellus pallidus,,912,7859782,
3610,Gomphus clavatus,ハナビララッパタケ,913,5238786,
3611,Phaeoclavulina abietina,,914,7547277,
3612,Phaeoclavulina campestris,,914,7834086,
3613,Phaeoclavulina cokeri,,914,7382712,
3614,Phaeoclavulina curta,,914,7878130,
3615,Phaeoclavulina cyanocephala,,914,7393200,
3616,Phaeoclavulina eumorpha,,914,7735919,
3617,Phaeoclavulina flaccida,,914,7968163,
3618,Phaeoclavulina grandis,,914,8333652,
3619,Phaeoclavulina macrospora,,914,2521740,
3620,Phaeoclavulina zippelii,,914,2521638,
3621,Ramaria apiculata,チャホウキタケモドキ,915,5238581,
3622,Ramaria aurea,コガネホウキタケ,915,5238642,
3623,Ramaria bataillei,,915,7241653,
3624,Ramaria botrytis,ネズミタケ,915,7486196,
3625,Ramaria botrytoides,,915,5238727,
3626,Ramaria candida,,915,5238605,
3627,Ramaria conjunctipes,,915,7241660,
3628,Ramaria ephemeroderma,ウスカワホウキタケ,915,5238725,
3629,Ramaria fennica,,915,3315301,
3630,Ramaria flava,キホウキタケ,915,5238654,
3631,Ramaria flavescens,イオウホウキタケ,915,5238457,
3632,Ramaria flavobrunnescens,,915,5238647,
3633,Ramaria formosa,ハナホウキタケ,915,5238663,
3634,Ramaria fragillima,,915,5238635,
3635,Ramaria fumigata,ウスムラサキホウキタケ,915,3315317,
3636,Ramaria holorubella,,915,5238532,
3637,Ramaria obtusissima,トサカホウキタケ,915,5238760,
3638,Ramaria rubella,,915,5238504,
3639,Ramaria rubrievanescens,サクラホウキタケ,915,5238459,
3640,Ramaria soluta,,915,5446122,
3641,Ramaria stricta,チャホウキタケ,915,8869949,
3642,Ramaria subbotrytis,サンゴホウキタケ,915,5238602,
3643,Terenodon serenus,,916,2521532,
3644,Turbinellus flabellatus,,917,7812507,
3645,Turbinellus floccosus,,917,2522009,
3646,Turbinellus fujisanensis,,917,8247257,
3647,Turbinellus kauffmanii,,917,8130763,
3648,Chroogomphus pseudotomentosus,,918,2524968,
3649,Chroogomphus rutilus,クギタケ,918,2524996,
3650,Chroogomphus tomentosus,フサクギタケ,918,2524983,
3651,Gomphidius glutinosus,シロエノクギタケ,919,2525027,
3652,Gomphidius maculatus,キオウギタケ,919,2525039,
3653,Gomphidius roseus,オウギタケ,919,7889985,
3654,Aderkomyces albostrigosus,,920,3419996,
3655,Aulaxina microphana,,921,3419869,
3656,Echinoplaca epiphylla,,922,3419927,
3657,Echinoplaca leucotrichoides,,922,3419901,
3658,Echinoplaca pellicula,,922,3419908,
3659,Gyalectidium ciliatum,,923,3419821,
3660,Gyalectidium filicinum,,923,3419831,
3661,Gyalidea japonica,,924,3414605,
3662,Gyalidea kawanae,,924,3414643,
3663,Gyalideopsis piceicola,,925,2601542,
3664,Tricharia kashiwadanii,,926,5476420,
3665,Tricharia vainioi,,926,3419739,
3666,Gonapodya polymorpha,,927,2626928,
3667,Acanthothecis dialeuca,,928,3416822,
3668,Allographa cleistoblephara,,929,10876688,
3669,Allographa cognata,,929,10768210,
3670,Allographa hossei,,929,10762153,
3671,Allographa pachygrapha,,929,10681658,
3672,Allographa parallela,,929,10790202,
3673,Allographa rhizicola,,929,10871589,
3674,Allographa striatula,,929,10750927,
3675,Allographa subassimilis,,929,10697497,
3676,Anomomorpha turbulenta,,930,3309263,
3677,Carbacanthographis iriomotensis,,931,3417079,
3678,Chroodiscus defectus,,932,3415030,
3679,Diorygma junghuhnii,,933,5474525,
3680,Diorygma soozanum,,933,5474563,
3681,Diploschistes caesioplumbeus,,934,2602093,
3682,Diploschistes candidissimus,,934,2602297,
3683,Diploschistes cinereocaesius,,934,2602113,
3684,Diploschistes euganeus,,934,2602086,
3685,Fissurina flavicans,,935,5474455,
3686,Fissurina fujisanensis,,935,5474470,
3687,Fissurina inabensis,,935,5474399,
3688,Fissurina instabilis,,935,5474473,
3689,Fissurina micromma,,935,5474421,
3690,Fissurina rufula,,935,5474406,
3691,Fissurina subtropica,,935,5474469,
3692,Fissurina undulata,,935,5474415,
3693,Glyphis achariana,,936,5475807,
3694,Glyphis cicatricosa,,936,10960235,
3695,Graphina fissofurcata,,937,3416258,
3696,Graphina intricata,,937,3416022,
3697,Graphis alpestris,,938,5474938,
3698,Graphis aperiens,,938,5475198,
3699,Graphis caesiella,,938,3418256,
3700,Graphis cervina,,938,5475298,
3701,Graphis cincta,,938,5953375,
3702,Graphis connectens,,938,5474945,
3703,Graphis deserpens,,938,5475380,
3704,Graphis dupaxana,,938,5475236,
3705,Graphis duplicata,,938,3417638,
3706,Graphis elegans,,938,5260850,
3707,Graphis endoxantha,,938,5475588,
3708,Graphis fulvescens,,938,10674585,
3709,Graphis handelii,,938,5475244,
3710,Graphis intricata,,938,5474608,
3711,Graphis japonica,,938,9113151,
3712,Graphis kousyuensis,,938,10809275,
3713,Graphis leptocarpa,,938,5475437,
3714,Graphis lineola,,938,3418056,
3715,Graphis paralleloides,,938,9102219,
3716,Graphis proserpens,,938,5474668,
3717,Graphis prunicola,,938,5474607,
3718,Graphis scripta,,938,7249709,
3719,Graphis tenella,,938,3417300,
3720,Halegrapha yakushimensis,,939,10736698,
3721,Hemithecium endofuscum,,940,3416481,
3722,Hemithecium oshioi,,940,3416511,
3723,Leiorreuma exaltatum,,941,3271408,
3724,Leiorreuma vicarians,,941,3553884,
3725,Leucodecton desquamescens,,942,10879752,
3726,Myriotrema microporum,,943,5260815,
3727,Myriotrema porinaceum,,943,5261087,
3728,Ocellularia cinerea,,944,10816950,
3729,Ocellularia inturgescens,,944,2601936,
3730,Ocellularia microstoma,,944,2601948,
3731,Ocellularia turgidula,,944,2602799,
3732,Pallidogramme chlorocarpoides,,945,3415925,
3733,Phaeographina quassiaecola,,946,6018084,
3734,Phaeographis caesioradians,,947,3418433,
3735,Phaeographis dendritica,,947,8414029,
3736,Phaeographis diversa,,947,3418639,
3737,Phaeographis laevigata,,947,3418456,
3738,Phaeographis planiuscula,,947,3418416,
3739,Phaeographis wukangensis,,947,3418430,
3740,Phaeotrema leucastrum,,948,7252960,
3741,Platygramme pseudomontagnei,,949,3416662,
3742,Platythecium intortulum,,950,3415855,
3743,Pliariona montagnei,,951,3304792,
3744,Pseudochapsa phlyctidioides,,952,10735400,
3745,Rhabdodiscus crassus,,953,10799474,
3746,Rhabdodiscus inalbescens,,953,10741650,
3747,Sarcographa glyphiza,,954,10687135,
3748,Sarcographa melanocarpa,,954,3416681,
3749,Sarcographa tricosa,,954,6609981,
3750,Thelotrema cinerellum,,955,2602529,
3751,Thelotrema foveolare,,955,2601713,
3752,Thelotrema lepadinum,,955,2601714,
3753,Thelotrema sendaiense,,955,2602402,
3754,Thelotrema similans,,955,2602454,
3755,Thelotrema subtile,,955,2602539,
3756,Thelotrema suecicum,,955,2601693,
3757,Thelotrema umbonatum,,955,2602564,
3758,Graphiola cocoina,,956,2513293,
3759,Graphiola cylindrica,,956,3371855,
3760,Graphiola phoenicis,,956,2513294,
3761,Graphiola trachycarpi,,956,7501039,
3762,Biscogniauxia atropunctata,,957,3461132,
3763,Biscogniauxia doidgeae,,957,2576174,
3764,Biscogniauxia mediterranea,,957,3461069,
3765,Biscogniauxia nummularia,,957,9115053,
3766,Biscogniauxia uniapiculata,,957,3461129,
3767,Graphostroma platystomum,,958,2574289,
3768,Grifola frondosa,マイタケ,959,2540800,
3769,Coenogonium boninense,,545,5474217,
3770,Gyalecta hokkaidica,,960,10742940,
3771,Ramonia elongata,,961,10891504,
3772,Arachniotus littoralis,,962,2595883,
3773,Gymnascella aurantiaca,,963,3469241,
3774,Gymnascella citrina,,963,2595834,
3775,Gymnoascus marginisporus,,964,2595851,
3776,Gymnoascus udagawae,,964,2595808,
3777,Gymnosporangium amelanchieris,,965,2516114,
3778,Gymnosporangium asiaticum,,965,8448565,
3779,Gymnosporangium clavariiforme,,965,8564813,
3780,Gymnosporangium confusum,,965,2516117,
3781,Gymnosporangium corniforme,,965,2516165,
3782,Gymnosporangium cornutum,,965,7824600,
3783,Gymnosporangium hemisphaericum,,965,2516086,
3784,Gymnosporangium miyabei,,965,2516134,
3785,Gymnosporangium nipponicum,,965,2516148,
3786,Gymnosporangium raphiolepidis,,965,12207047,
3787,Gymnosporangium sabinae,,965,2516137,
3788,Gymnosporangium tremelloides,,965,2516096,
3789,Gymnosporangium yamadae,,965,2516147,
3790,Roestelia pourthiaeae,,966,2515575,
3791,Gyroporus castaneus,クリイロイグチ,967,9133361,
3792,Gyroporus cyanescens,アイゾメイグチ,967,2524265,
3793,Gyroporus longicystidiatus,クリイロイグチモドキ,967,2524263,
3794,Gyroporus punctatus,Biroodo-kuriiro-iguchi,967,3356700,
3795,Haematomma fauriei,,968,3392913,
3796,Haematomma ochroleucum,,968,10994157,
3797,Haematomma puniceum,,968,7248957,
3798,Haematomma stevensiae,,968,2607744,
3799,Alisea longicolla,,969,8173767,
3800,Aniptodera limnetica,,970,3448146,
3801,Aniptodera salsuginosa,,970,3448158,
3802,Arenariomyces trifurcatus,,971,8579489,
3803,Ceriosporopsis calyptrata,,972,2564602,
3804,Ceriosporopsis halima,,972,2564600,
3805,Ceriosporopsis longissima,,972,2564608,
3806,Corollospora angusta,,973,3448236,
3807,Corollospora filiformis,,973,3448224,
3808,Corollospora fusca,,973,3448235,
3809,Corollospora gracilis,,973,3448227,
3810,Corollospora intermedia,,973,7826953,
3811,Corollospora lacera,,973,2564637,
3812,Corollospora luteola,,973,3448232,
3813,Corollospora marina,,973,9732895,
3814,Corollospora maritima,,973,2564638,
3815,Corollospora pseudopulchella,,973,3448231,
3816,Corollospora pulchella,,973,3448233,
3817,Corollospora quinqueseptata,,973,3448221,
3818,Corollospora ramulosa,,973,9670790,
3819,Corollospora trifurcata,,973,2564633,
3820,Cucullosporella mangrovei,,974,2564594,
3821,Halosarpheia fibrosa,,975,2564472,
3822,Halosarpheia japonica,,975,7901380,
3823,Halosphaeria appendiculata,,976,2564519,
3824,Halosphaeriopsis mediosetigera,,977,3448137,
3825,Lignincola laevis,,978,2564508,
3826,Paraaniptodera longispora,,979,10861966,
3827,Remispora stellata,,980,2564535,
3828,Saagaromyces abonnis,,981,2564549,
3829,Tubakiella galerita,,982,7790905,
3830,Varicosporina prolifera,,983,2564586,
3831,Gremmenia abietis,,984,7586747,
3832,Hamatocanthoscypha laricionis,,985,10237700,
3833,Hamatocanthoscypha ocellata,,985,2586837,
3834,Hamatocanthoscypha uncipila,,985,2586838,
3835,Hyalodendriella betulae,,986,2584417,
3836,Microscypha grisella,,987,2586554,
3837,Xenopolyscytalum pinea,,988,7364918,
3838,Harpella melusinae,,989,5250266,
3839,Stachylina penetralis,,990,2557943,
3840,Stachylina prolifica,,990,2557942,
3841,Helicobasidium longisporum,,991,2513823,
3842,Helicobasidium mompa,ムラサキモンパキン,991,2513805,
3843,Helicobasidium purpureum,,991,2513815,
3844,Rhopalomyces strangulatus,トムライカビ,992,5469315,
3845,Gelatinipulvinella astraeicola,,993,2577641,
3846,Gelatinopsis fungicola,,994,3487066,
3847,Echinosphaeria strigosa,,995,5952486,
3848,Endophragmiella boewei,,996,2572725,
3849,Endophragmiella dimorphospora,,996,2625999,
3850,Endophragmiella lauri,,996,2572727,
3851,Endophragmiella pinicola,,996,2572736,
3852,Kramasamuha sibika,,997,2589914,
3853,Ruzenia spermoides,,998,7652592,
3854,Spadicoides bambusicola,,999,3455270,
3855,Spadicoides obovata,,999,2572694,
3856,Helocarpon crassipes,,1000,3402535,
3857,Ascoclavulina sakaii,クチキトサカタケ,1001,2582643,
3858,Bispora pallescens,,1002,12188405,
3859,Bisporella calycellinoides,,1003,3491112,
3860,Bisporella monilifera,,1003,2581517,
3861,Bulgariella pulla,,1004,5256527,
3862,Crocicreas megalosporum,,1005,2582581,
3863,Cyathicula amenti,,1006,8314417,
3864,Cyathicula coronata,オウカンサカズキビョウタケ,1006,2582604,
3865,Cyathicula culmicola,,1006,7987732,
3866,Cyathicula cyathoidea,,1006,3487763,
3867,Cyathicula dolosella,,1006,2582578,
3868,Dicephalospora huangshanica,,1007,9673196,
3869,Dicephalospora rufocornea,ニセキンカクアカビョウタケ,1007,2580363,
3870,Dimorphospora foliicola,,1008,2582945,
3871,Durella atrocyanea,,1009,7948043,
3872,Durella brunnea,,1009,3302865,
3873,Durella melanochlora,,1009,2581653,
3874,Gorgoniceps delicatula,,1010,3487659,
3875,Helicodendron fuscum,,1011,2585108,
3876,Helicodendron japonicum,,1011,3491537,
3877,Helicodendron longisporum,,1011,3491533,
3878,Helicodendron luteoalbum,,1011,2585101,
3879,Hymenoscyphus albidus,,1012,8621048,
3880,Hymenoscyphus calyculus,,1012,2582283,
3881,Hymenoscyphus caudatus,,1012,2582362,
3882,Hymenoscyphus clavatus,,1012,2582273,
3883,Hymenoscyphus dehlii,,1012,3488040,
3884,Hymenoscyphus epiphyllus,,1012,9099774,
3885,Hymenoscyphus erraticus,,1012,7397250,
3886,Hymenoscyphus foliicola,,1012,2582319,
3887,Hymenoscyphus fraxineus,,1012,8313437,
3888,Hymenoscyphus fructigenus,,1012,9198759,
3889,Hymenoscyphus geogenum,,1012,9766752,
3890,Hymenoscyphus ginkgonis,,1012,3487989,
3891,Hymenoscyphus immutabilis,,1012,2582475,
3892,Hymenoscyphus lasiopodius,,1012,3487990,
3893,Hymenoscyphus linearis,,1012,8046103,
3894,Hymenoscyphus longisporus,,1012,3487931,
3895,Hymenoscyphus menthae,,1012,2582395,
3896,Hymenoscyphus microserotinus,,1012,3488061,
3897,Hymenoscyphus montaniensis,,1012,3488152,
3898,Hymenoscyphus phyllophilus,,1012,2582262,
3899,Hymenoscyphus procerus,,1012,2582365,
3900,Hymenoscyphus pseudoalbidus,,1012,7699567,
3901,Hymenoscyphus repandus,ヒメニセビョウタケ,1012,2582306,
3902,Hymenoscyphus scutula,,1012,2582331,
3903,Hymenoscyphus serotinus,,1012,2582470,
3904,Hymenoscyphus subferrugineus,,1012,2582372,
3905,Hymenoscyphus subserotinus,,1012,3487995,
3906,Hymenoscyphus tetracladius,,1012,2582427,
3907,Hymenoscyphus varicosporoides,,1012,3487926,
3908,Hymenoscyphus yunnanensis,,1012,10853108,
3909,Pseudohelotium alaunae,,1013,2582090,
3910,Pseudospiropes hachijoensis,,1014,2581896,
3911,Roesleria subterranea,,1015,5265654,
3912,Scytalidium infestans,,1016,2583702,
3913,Scytalidium japonicum,,1016,2583716,
3914,Scytalidium lignicola,,1016,2611776,
3915,Stamnaria americana,,1017,2582133,
3916,Strossmayeria bakeriana,,1018,2582794,
3917,Strossmayeria basitricha,,1018,2582775,
3918,Strossmayeria japonica,,1018,2582817,
3919,Tatraea macrospora,,1019,2581903,
3920,Tetracladium setigerum,,1020,5256830,
3921,Balsamia oblonga,,1021,11719341,
3922,Dissingia leucomelaena,,1022,10171641,
3923,Helvella acetabulum,ウラスジチャワンタケ,1023,2594756,
3924,Helvella atra,クロアシボソノボリリュウ,1023,2594709,
3925,Helvella corium,クロワンガタノボリリュウ,1023,2594737,
3926,Helvella crispa,シロノボリリュウ,1023,8227523,
3928,Helvella cupuliformis,,1023,2594754,
3929,Helvella elastica,アシボソノボリリュウ,1023,2594716,
3930,Helvella ephippioides,,1023,3492891,
3931,Helvella ephippium,クラガタノボリリュウ,1023,2594711,
3932,Helvella fibrosa,,1023,3492753,
3933,Helvella fistulosa,,1023,3492963,
3934,Helvella hispida,,1023,3492717,
3935,Helvella lacunosa,クロアミガサタケ,1023,2594765,
3936,Helvella macropus,コノボリリュウ,1023,2594776,
3937,Helvella maculata,,1023,3492927,
3938,Helvella palustris,,1023,3492930,
3939,Helvella pezizoides,,1023,2594828,
3940,Helvella phlebophora,カサガタノボリリュウタケ,1023,2594732,
3941,Midotis olivascens,,1024,3561167,
3942,Dentipellis fragilis,ハナレハリタケ,1025,9066731,
3943,Hericium abietis,,1026,5248545,
3944,Hericium cirrhatum,,1026,5248548,
3945,Hericium coralloides,クマガシラ,1026,5248532,
3946,Hericium erinaceus,Yamabusi-take,1026,5248508,
3947,Laxitextum bicolor,ウラジロウロコタケ,1027,9195174,
3948,Pseudowrightoporia africana,,1028,8098582,
3949,Pseudowrightoporia japonica,,1028,8262736,
3950,Hermatomyces tectonae,,1029,8901119,
3951,Capronia semiimmersa,,1030,5493325,
3952,Cladophialophora bantiana,,1031,2598481,
3953,Cladophialophora boppii,,1031,2598473,
3954,Cladophialophora carrionii,,1031,2598475,
3955,Cladophialophora chaetospira,,1031,2598487,
3956,Cladophialophora parmeliae,,1031,7768235,
3957,Cladophialophora tumbae,,1031,10702252,
3958,Cladophialophora tumulicola,,1031,10724055,
3959,Exophiala alcalophila,,1032,2598463,
3960,Exophiala angulospora,,1032,2598449,
3961,Exophiala aquamarina,,1032,7554119,
3962,Exophiala calicioides,,1032,2598417,
3963,Exophiala cinerea,,1032,11653287,
3964,Exophiala crusticola,,1032,3473976,
3965,Exophiala dermatitidis,,1032,2598450,
3966,Exophiala eucalypticola,,1032,10195889,
3967,Exophiala jeanselmei,,1032,2598404,
3968,Exophiala moniliae,,1032,2598409,
3969,Exophiala pisciphila,,1032,2598444,
3970,Exophiala radicis,,1032,9783048,
3971,Exophiala salmonis,,1032,2598447,
3972,Exophiala spinifera,,1032,2598457,
3973,Exophiala xenobiotica,,1032,3473977,
3974,Fonsecaea monophora,,1033,3281911,
3975,Metulocladosporiella musae,,1034,2598520,
3976,Minimelanolocus hughesii,,1035,2589118,
3977,Neocladophialophora quercina,,1036,8321950,
3978,Phialophora atrovirens,,1037,2598670,
3979,Phialophora cinerescens,,1037,2598644,
3980,Phialophora intermedia,,1037,2598654,
3981,Phialophora japonica,,1037,2598658,
3982,Phialophora verrucosa,,1037,2598661,
3983,Rhacodiopsis rupestris,,1038,2598604,
3984,Rhinocladiella atrovirens,,1039,5260217,
3985,Rhinocladiella basitona,,1039,5493359,
3986,Rhinocladiella cristaspora,,1039,7245363,
3987,Rhinocladiella phaeophora,,1039,5260213,
3988,Thysanorea melanica,,1040,12137998,
3989,Thysanorea obscura,,1040,12207913,
3990,Veronaea botryosa,,1041,2588968,
3991,Veronaea japonica,,1041,3478275,
3992,Heterogastridium pycnidioideum,,1042,2556416,
3993,Holtermannia coralloides,サンゴタケ,1043,2518309,
3994,Holtermannia corniformis,ニカワツノタケ,1043,2518310,
3995,Myxarium allantosporum,,1044,3309631,
3996,Myxarium nucleatum,,1044,2553625,
3997,Cheiromycella annulata,,1045,2592195,
3998,Cistella acuum,,1046,5257320,
3999,Cistella albidolutea,,1046,5496716,
4000,Cistella japonica,,1046,5496714,
4001,Clathrosphaerina zalewskii,,1047,2585414,
4002,Clavidisculum graminicola,,1048,2585962,
4003,Dematioscypha dematiicola,,1049,2585698,
4004,Eupezizella aureliella,,1050,11357004,
4005,Eupezizella nipponica,,1050,12244584,
4007,Hyalopeziza cadaverina,,1051,3489489,
4008,Hyalopeziza millepunctata,,1051,2585891,
4009,Hyaloscypha albohyalina,,1052,3489552,
4010,Hyaloscypha albolutea,,1052,6019438,
4011,Hyaloscypha aureliella,,1052,2585245,
4012,Hyaloscypha bicolor,,1052,10727643,
4013,Hyaloscypha desmidiacea,,1052,11421413,
4014,Hyaloscypha finlandica,,1052,10672826,
4015,Hyaloscypha fuckelii,,1052,2585230,
4016,Hyaloscypha hepaticicola,,1052,8238048,
4017,Hyaloscypha hyalina,,1052,2585266,
4018,Hyaloscypha japonensis,,1052,12260919,
4019,Hyaloscypha leuconica,,1052,8551461,
4020,Hyaloscypha leucostigma,,1052,12215505,
4021,Hyaloscypha monodictys,,1052,7870648,
4022,Hyaloscypha occulta,,1052,3489655,
4023,Hyaloscypha spinulosa,,1052,12222230,
4024,Hyaloscypha variabilis,,1052,10758355,
4025,Hyaloscypha vitreola,,1052,2585279,
4026,Hyaloscypha vraolstadiae,,1052,10697522,
4027,Hyphopeziza pygmaea,,1053,7476064,
4028,Incrupila melatheja,,1054,2585308,
4029,Mimicoscypha lacrimiformis,,1055,11165897,
4030,Mycoarthris corallina,,1056,2585953,
4031,Polydesmia pruinosa,,1057,5257586,
4032,Pseudaegerita corticalis,,1058,2586506,
4033,Rhizoscyphus monotropae,,1059,2581598,
4034,Unguicularia carestiana,,1060,2586352,
4035,Unguicularia costata,,1060,2586369,
4036,Unguiculella foliicola,,1061,2585653,
4037,Urceolella brunneola,,1062,3489326,
4038,Urceolella crispula,,1062,2586531,
4039,Bryoclavula phycophila,,1063,11775196,
4040,Cantharellus anzutake,アンズタケ,1064,11450830,
4041,Cantharellus atrolilacinus,オトヒメアンズタケ,1064,5249595,
4042,Cantharellus cibarius,アンズタケ,1064,5249504,
4043,Cantharellus cinereus,アクイロウスタケ,1064,9226626,
4044,Cantharellus cinnabarinus,ベニウスタケ,1064,5249599,
4045,Cantharellus cyphelloides,,1064,7560129,
4046,Cantharellus friesii,,1064,5249500,
4047,Cantharellus lateritius,アンズタケモドキ,1064,7241861,
4048,Cantharellus minor,ヒナアンズタケ,1064,5249564,
4049,Cantharellus odoratus,シロアンズタケモドキ,1064,7241880,
4050,Cantharellus omphalinoides,コゲチャアンズタケ,1064,5249571,
4051,Cantharellus pallens,,1064,5249496,
4052,Cantharellus sordidus,,1064,5467142,
4053,Clavulina amethystina,,1065,5447198,
4054,Clavulina amethystinoides,ムラサキホウキタケモドキ,1065,5249843,
4055,Clavulina castaneipes,ケアシホウキタケ,1065,5466828,
4056,Clavulina chondroides,,1065,5249820,
4057,Clavulina cinerea,ハイイロカレエダタケ,1065,5249860,
4058,Clavulina coralloides,カレエダタケ,1065,5249883,
4059,Clavulina ornatipes,,1065,5249857,
4060,Clavulina rugosa,カレエダタケモドキ,1065,5249808,
4061,Craterellus aureus,,1066,2554676,
4062,Craterellus cornucopioides,ウスタケ,1066,2554662,
4063,Craterellus lutescens,,1066,8871787,
4064,Craterellus tubaeformis,,1066,2554536,
4065,Craterellus undulatus,,1066,11567415,
4066,Hydnum albidum,ヒメハリタケ,1067,3368245,
4067,Hydnum alboluteum,,1067,12262384,
4068,Hydnum albomagnum,,1067,3368208,
4069,Hydnum albopallidum,,1067,12247623,
4070,Hydnum boreorepandum,,1067,10560940,
4071,Hydnum cremeoalbum,,1067,10835723,
4072,Hydnum itachiharitake,,1067,12250122,
4073,Hydnum longibasidium,,1067,11914667,
4074,Hydnum minospororufescens,,1067,12188944,
4075,Hydnum minus,,1067,9795315,
4076,Hydnum mulsicolor,,1067,9879384,
4077,Hydnum orientalbidum,,1067,12216997,
4078,Hydnum pinicola,,1067,12260680,
4079,Hydnum repando-orientale,,1067,10742961,
4080,Hydnum repandum,カノシタ,1067,2554716,
4081,Hydnum rufescens,イタチハリタケ,1067,2544165,
4082,Hydnum subberkeleyanum,,1067,12249016,
4083,Hydnum tomaense,,1067,12187313,
4084,Hydnum tottoriense,,1067,12236775,
4085,Hydnum umbilicatum,,1067,2554706,
4086,Hydnum vesterholtii,,1067,8356607,
4087,Minimedusa polyspora,,1068,2523811,
4088,Multiclavula clara,アリノタイマツ,1069,2555276,
4089,Multiclavula mucida,シラウオタケ,1069,2555295,
4090,Multiclavula petricola,,1069,11520499,
4091,Multiclavula vernalis,,1069,2555271,
4092,Repetobasidium conicum,,1070,2523614,
4093,Sistotrema brinkmannii,,1071,5249661,
4094,Sistotrema chloroporum,,1071,12211182,
4095,Sistotrema confluens,ヒメハリタケモドキ,1071,5249693,
4096,Sistotrema epiphyllum,,1071,8124379,
4097,Sistotrema flavorhizomorphae,,1071,12216861,
4098,Sistotrema oblongisporum,,1071,5249699,
4099,Sistotrema sernanderi,,1071,5249683,
4100,Hydnangium carneum,コイシタケ,1072,2530904,
4101,Laccaria alba,,1073,2530977,
4102,Laccaria amethystina,ウラムラサキ,1073,2530983,
4103,Laccaria bicolor,オオキツネタケ,1073,2530973,
4104,Laccaria canaliculata,,1073,8593056,
4105,Laccaria japonica,,1073,10726191,
4106,Laccaria laccata,キツネタケ,1073,2530926,
4107,Laccaria murina,ギンコタケ,1073,3351491,
4108,Laccaria nigra,クロキツネタケ,1073,3351440,
4109,Laccaria ochropurpurea,,1073,3351419,
4110,Laccaria ohiensis,キツネタケモドキ,1073,2530920,
4111,Laccaria proxima,,1073,2530966,
4112,Laccaria tortilis,ヒメキツネタケモドキ,1073,2530991,
4113,Laccaria vinaceoavellanea,カレバキツネタケ,1073,3351496,
4114,Brevicellicium olivascens,マルミノコツブコウヤクタケ,1074,2523052,
4115,Sphaerobasidium minutum,,1075,2523200,
4116,Subulicystidium longisporum,,1076,2523214,
4117,Tubulicium curvisporum,,1077,10748295,
4118,Tubulicium vermiferum,,1077,2523017,
4119,Ampulloclitocybe clavipes,ホテイシメジ,1078,2538864,
4120,Arrhenia discorosea,,1079,7546221,
4121,Arrhenia epichysium,ヒダサカズキタケ,1079,2532835,
4122,Arrhenia retiruga,,1079,2532741,
4123,Arrhenia rustica,,1079,2532772,
4124,Cantharellula umbonata,ハイイロサカズキタケ,1080,2532395,
4125,Chrysomphalina chrysophylla,,1081,9015858,
4126,Chrysomphalina grossula,ミドリタケ,1081,2538236,
4127,Cora glabrata,,1082,5239365,
4128,Cuphophyllus aurantius,,1083,7386695,
4129,Cuphophyllus canescens,,1083,2538663,
4130,Cuphophyllus flavipes,,1083,2538579,
4131,Cuphophyllus lacmus,,1083,2538616,
4132,Cuphophyllus pratensis,,1083,3291564,
4133,Cuphophyllus virgineus,,1083,3345381,
4134,Cyphellostereum ushimanum,,1084,12223338,
4135,Dictyonema moorei,,1085,5239435,
4136,Dictyonema thelephora,,1085,5239438,
4137,Gliophorus irrigatus,,1086,8097905,
4138,Gliophorus laetus,,1086,3304469,
4139,Gliophorus psittacinus,,1086,3345400,
4140,Gloioxanthomyces nitidus,,1087,7513750,
4141,Hygrocybe acutoconica,トガリツキミタケ,1088,3345237,
4142,Hygrocybe aurantia,ヒメダイダイタケ,1088,2538473,
4143,Hygrocybe caespitosa,ササクレヒメノカサ,1088,3345115,
4144,Hygrocybe cantharellus,ベニヒガサ,1088,2538595,
4145,Hygrocybe ceracea,キヤマタケ,1088,2538644,
4146,Hygrocybe chlorophana,ツキミタケ,1088,2538630,
4147,Hygrocybe citrina,,1088,2538654,
4148,Hygrocybe coccinea,ベニヤマタケ,1088,2538445,
4149,Hygrocybe coccineocrenata,Mizugoke-no-hana,1088,2538605,
4150,Hygrocybe conica,アカヤマタケ,1088,2538524,
4151,Hygrocybe croceolutea,オレンジガサ,1088,3345554,
4152,Hygrocybe cruenta,チシオヒメノカサ,1088,3345471,
4153,Hygrocybe cuspidata,トガリベニヤマタケ,1088,7616172,
4154,Hygrocybe firma,ネッタイベニヒガサ,1088,2538550,
4155,Hygrocybe flavescens,アキヤマタケ,1088,2538631,
4156,Hygrocybe griseonigricans,,1088,10759707,
4157,Hygrocybe hahashimensis,クロゲキヤマタケ,1088,3345271,
4158,Hygrocybe hypohaemacta,ネッタイアカヌメリガサ,1088,7244163,
4159,Hygrocybe imazekii,コベニヤマタケ,1088,3345077,
4160,Hygrocybe miniata,アカヌマベニタケ,1088,2538580,
4161,Hygrocybe neoceracea,キヤマタケモドキ,1088,3345309,
4162,Hygrocybe obrussea,オオキヤマタケ,1088,3345253,
4163,Hygrocybe olivaceoviridis,カワリワカクサタケ,1088,7244173,
4164,Hygrocybe otsuensis,フタイロヒメノカサ,1088,3345197,
4165,Hygrocybe pantoleuca,シロヒガサ,1088,2538450,
4166,Hygrocybe pseudococcinea,オオミノアカヌマベニタケ,1088,3345329,
4167,Hygrocybe punicea,ヒイロガサ,1088,2538552,
4168,Hygrocybe stagnina,ヌマキヤマタケ,1088,3345293,
4169,Hygrocybe subacuta,トガリダイダイタケ,1088,3345089,
4170,Hygrocybe subcinnabarina,ヤマヒガサタケ,1088,3345153,
4171,Hygrocybe suzukaensis,シュイロガサ,1088,3345129,
4172,Hygrocybe turunda,キミズゴケノハナ,1088,2538454,
4173,Hygrocybe venusta,ダイダイヒメノカサ,1088,3345553,
4174,Hygrophorus agathosmus,ウスチャヌメリガサ,1089,2538727,
4175,Hygrophorus arbustivus,コクリノカサ,1089,2538716,
4176,Hygrophorus camarophyllus,クロオウギタケ,1089,2538720,
4177,Hygrophorus capreolarius,コサクラシメジ,1089,3344917,
4179,Hygrophorus carnescens,ヒメノカサ,1089,3344914,
4180,Hygrophorus chrysodon,ウコンガサ,1089,2538788,
4181,Hygrophorus cossus,クサヌメリガサ,1089,2538742,
4182,Hygrophorus discoideus,チャヌメリガサ,1089,2538820,
4183,Hygrophorus eburneus,シロヌメリガサ,1089,9053531,
4184,Hygrophorus erubescens,オオサクラシメジ,1089,2538799,
4185,Hygrophorus fagi,アケボノサクラシメジ,1089,3344703,
4186,Hygrophorus fuscovillosulus,チャオトメノカサ,1089,3344791,
4187,Hygrophorus hypothejus,シモフリヌメリガサ,1089,2538748,
4188,Hygrophorus imazekii,,1089,3344804,
4189,Hygrophorus leucophaeus,ブナヌメリガサ,1089,2538796,
4190,Hygrophorus lilacinogriseus,ウバノカサモドキ,1089,3344805,
4191,Hygrophorus lucorum,キヌメリガサ,1089,2538774,
4192,Hygrophorus nemoreus,,1089,2538708,
4193,Hygrophorus olivaceoalbus,,1089,2538784,
4194,Hygrophorus persoonii,クロマツタケモドキ,1089,2538803,
4195,Hygrophorus pinetorum,,1089,3344661,
4196,Hygrophorus poetarum,,1089,2538746,
4197,Hygrophorus pudorinus,フキサクラシメジ,1089,2538714,
4198,Hygrophorus purpurascens,サクラシメジモドキ,1089,3344741,
4199,Hygrophorus queletii,,1089,3344939,
4200,Hygrophorus russula,サクラシメジ,1089,2538807,
4202,Hygrophorus stagninus,,1089,3344490,
4203,Hygrophorus unicolor,,1089,2538795,
4204,Hygrophorus yukishiro,,1089,10689610,
4205,Lichenomphalia hudsoniana,,1090,5244027,
4206,Lichenomphalia meridionalis,,1090,7414184,
4207,Lichenomphalia umbellifera,チャサカズキタケ,1090,5244016,
4208,Neohygrocybe nitrata,,1091,2538440,
4209,Neohygrocybe ovina,,1091,2538462,
4210,Porpolomopsis calyptriformis,,1092,5955209,
4211,Hygrophoropsis aurantiaca,ヒロハアンズタケ,1093,2525710,
4212,Hygrophoropsis bicolor,コゲチャヒロハアンズタケ,1093,3356361,
4213,Leucogyrophana mollusca,ヒメシワタケ,1094,9228008,
4214,Ionaspis lacustris,,1095,2607838,
4215,Tremolecia atrata,,1096,2607843,
4216,Coltricia cinnamomea,ニッケイタケ,1097,2519879,
4217,Coltricia montagnei,アミウズタケ,1097,2519942,
4218,Coltricia perennis,オツネンタケ,1097,2519915,
4219,Coltricia tasmanica,,1097,12184203,
4220,Coltriciella dependens,ヒメカイメンタケ,1098,2520087,
4221,Coltriciella pusilla,ヒメオツネンタケ,1098,2520096,
4222,Coltriciella subpicta,ヒメニッケイタケ,1098,3360961,
4223,Coniferiporia sulphurascens,,1099,9695140,
4224,Coniferiporia weirii,,1099,9798074,
4225,Cylindrosporus flavidus,,1100,9668765,
4226,Erythromyces crocicreas,キゾメウロコタケ,1101,2519226,
4227,Fomitiporella coruscans,,1102,10743815,
4228,Fomitiporia bakeri,,1103,8380544,
4229,Fomitiporia punctata,,1103,8669905,
4230,Fomitiporia robusta,,1103,2520459,
4231,Fomitiporia torreyae,,1103,3308387,
4232,Fulvifomes acontextus,,1104,12209522,
4233,Fulvifomes boninensis,,1104,12187954,
4234,Fulvifomes imazekii,,1104,12197855,
4235,Fulvifomes inermis,,1104,7689644,
4236,Fulvifomes mcgregorii,,1104,7894096,
4237,Fulvifomes siamensis,,1104,8174227,
4238,Fulvoderma scaurum,,1105,10701592,
4239,Fuscoporia bambusina,,1106,12199890,
4240,Fuscoporia contigua,,1106,2520283,
4241,Fuscoporia discipes,,1106,2521316,
4242,Fuscoporia ferrea,,1106,2520665,
4243,Fuscoporia ferruginosa,,1106,2520410,
4244,Fuscoporia licnoides,,1106,12224096,
4245,Fuscoporia senex,,1106,2521284,
4246,Fuscoporia setifera,,1106,7849009,
4247,Fuscoporia torulosa,,1106,2520502,
4248,Fuscoporia velutina,,1106,12211695,
4249,Fuscoporia wahlbergii,,1106,2520432,
4250,Hastodontia hastata,,1107,3562736,
4251,Hydnoporia corrugata,,1108,10824936,
4252,Hydnoporia olivacea,,1108,2519857,
4253,Hydnoporia rimosa,,1108,10840371,
4254,Hydnoporia tabacina,,1108,10700730,
4255,Hydnoporia tabacinoides,,1108,10814759,
4256,Hydnoporia yasudae,,1108,10834754,
4257,Hymenochaete adusta,マツカサウロコタケ,1109,2519790,
4258,Hymenochaete attenuata,ヒメウロコタケ,1109,2519625,
4259,Hymenochaete boninensis,,1109,2519797,
4260,Hymenochaete cacao,,1109,2519744,
4261,Hymenochaete cinnamomea,ケイヒウロコタケ,1109,8787203,
4262,Hymenochaete cyclolamellata,,1109,2520946,
4263,Hymenochaete episphaeria,シブウロコタケモドキ,1109,2519670,
4264,Hymenochaete hydnoides,,1109,2519850,
4265,Hymenochaete innexa,,1109,2519640,
4266,Hymenochaete iodina,,1109,8385861,
4267,Hymenochaete luteobadia,,1109,2519610,
4268,Hymenochaete microcycla,,1109,10866930,
4269,Hymenochaete mougeotii,アカウロコタケ,1109,2519798,
4270,Hymenochaete odontoides,,1109,7641934,
4271,Hymenochaete pellicula,,1109,2519668,
4272,Hymenochaete rheicolor,,1109,2519646,
4273,Hymenochaete rubiginosa,エビウロコタケ,1109,2519770,
4274,Hymenochaete rufomarginata,エビウロコタケモドキ,1109,2519683,
4275,Hymenochaete saepiaria,,1109,10871647,
4276,Hymenochaete senatoumbrina,,1109,2519600,
4277,Hymenochaete separabilis,,1109,2519769,
4278,Hymenochaete spreta,ケイヒウロコタケモドキ,1109,2519782,
4279,Hymenochaete tenuissima,,1109,3361009,
4280,Hymenochaete unicolor,アツミヒビウロコタケ,1109,2519686,
4281,Hymenochaete variegata,,1109,2519643,
4282,Hymenochaete villosa,オオタバコウロコタケ,1109,2519630,
4283,Hymenochaete xerantica,,1109,7978528,
4284,Hymenochaetopsis intricata,,1110,9771686,
4285,Inocutis ludoviciana,,1111,2521276,
4286,Inocutis mikadoi,,1111,12236130,
4287,Inocutis rheades,,1111,2520997,
4288,Inonotopsis subiculosa,,1112,2520974,
4289,Inonotus austropusillus,,1113,2521254,
4290,Inonotus boninensis,オガサワラサビアナタケ,1113,2521008,
4291,Inonotus clemensiae,,1113,2521087,
4292,Inonotus cuticularis,アラゲカワウソタケ,1113,2521101,
4293,Inonotus hispidus,ヤケコゲタケ,1113,2521208,
4294,Inonotus japonicus,,1113,2521132,
4295,Inonotus leporinus,,1113,2521121,
4296,Inonotus munzii,,1113,2521236,
4297,Inonotus obliquus,カバアナタケ,1113,2521089,
4298,Inonotus patouillardii,ナンバンオオカワウソタケ,1113,2521178,
4299,Inonotus scaurus,サジタケ,1113,3361431,
4300,Inonotus setulosocroceus,,1113,2521255,
4301,Inonotus sideroides,,1113,2521133,
4302,Inonotus triqueter,エゾノカワラタケ,1113,8044342,
4303,Neomensularia kanehirae,,1114,9806536,
4304,Ochrosporellus tricolor,,1115,12249480,
4305,Onnia circinata,,1116,5237659,
4306,Onnia orientalis,,1116,5237648,
4307,Onnia tomentosa,,1116,5237653,
4308,Onnia triquetra,,1116,5238297,
4309,Phellinopsis conchata,,1117,7624816,
4310,Phellinotus badius,,1118,12235035,
4311,Phellinus adamantinus,ムサシタケ,1119,2520839,
4312,Phellinus allardii,,1119,2520808,
4313,Phellinus caryophylli,クロガネタケ,1119,2520330,
4314,Phellinus chrysoloma,カラマツカタハタケ,1119,2520148,
4315,Phellinus cinchonensis,,1119,2520118,
4316,Phellinus fastuosus,センダンサルノコシカケ,1119,2520705,
4317,Phellinus gilvus,ネンドタケ,1119,2520519,
4318,Phellinus hartigii,ツガアナタケ,1119,2520757,
4319,Phellinus igniarius,キコブアナタケ,1119,2520862,
4320,Phellinus kamahi,,1119,2520137,
4321,Phellinus laevigatus,カバノニセホクチタケ,1119,2520484,
4322,Phellinus macroferreus,,1119,2520669,
4323,Phellinus nilgheriensis,,1119,2520126,
4324,Phellinus pomaceus,,1119,2520205,
4325,Phellinus prunicola,チャサクラアナタケ,1119,2520368,
4326,Phellinus pusillus,ヒメスズメタケ,1119,2520162,
4327,Phellinus rimosus,オオメシマコブ,1119,8173622,
4328,Phellinus setulosus,コブサルノコシカケモドキ,1119,2520747,
4329,Phellinus tremulae,,1119,2520773,
4330,Phellinus viticola,オオサビアナタケ,1119,8683249,
4331,Phellinus yucatanensis,,1119,2520820,
4332,Phylloporia bibulosa,,1120,5237668,
4333,Phylloporia chrysites,,1120,5237706,
4334,Phylloporia pectinata,,1120,5237674,
4335,Phylloporia pulla,,1120,9792571,
4336,Phylloporia ribis,スグリタケ,1120,5237690,
4337,Phylloporia spathulata,,1120,5237717,
4338,Polystictus phaeus,,1121,7492993,
4339,Porodaedalea pini,,1122,9035469,
4340,Pseudoinonotus dryadeus,マクラタケ,1123,2520036,
4341,Pyrrhoderma lamaoense,,1124,10891272,
4342,Pyrrhoderma noxium,,1124,10882566,
4343,Pyrrhoderma sendaiense,ツヤナシマンネンタケ,1124,2521360,
4344,Pyrrhoderma sublamaensis,,1124,12247504,
4345,Rigidonotus glomeratus,,1125,12188906,
4346,Sanghuangporus baumii,,1126,7501549,
4347,Sanghuangporus lonicerinus,,1126,8053269,
4348,Sanghuangporus vaninii,,1126,7715824,
4349,Tropicoporus caryophylleus,,1127,12171306,
4350,Tropicoporus cesatii,,1127,12239327,
4351,Tropicoporus glaucescens,,1127,12217871,
4352,Tropicoporus linteus,,1127,7519086,
4353,Tropicoporus sanfordii,,1127,12186238,
4354,Tubulicrinis calothrix,,1128,7241315,
4355,Tubulicrinis glebulosus,,1128,2542060,
4356,Tubulicrinis orientalis,,1128,3362827,
4357,Xanthoporia radiata,,1129,7442237,
4358,Flammula abieticola,,1130,11627580,
4359,Flammula alnicola,,1130,3344235,
4360,Galerina alpestris,,1131,3342692,
4361,Galerina ampullaceocystis,,1131,2533768,
4362,Galerina camerina,,1131,2533876,
4363,Galerina clavata,,1131,8251059,
4364,Galerina fasciculata,コレラタケ,1131,3342833,
4365,Galerina helvoliceps,ヒメアジロガサモドキ,1131,3342782,
4366,Galerina heterocystis,フユノコガサ,1131,2533833,
4367,Galerina hypnorum,,1131,2533870,
4368,Galerina marginata,ヒメアジロガサ,1131,8118872,
4369,Galerina nana,ヒナコガサ,1131,2533908,
4370,Galerina sphagnorum,ミズゴケタケモドキ,1131,9067519,
4371,Galerina subcerina,ヒメコガサ,1131,2533835,
4372,Galerina sulciceps,,1131,8347930,
4373,Galerina tibiicystis,ミズゴケタケ,1131,2533865,
4374,Galerina triscopa,,1131,2533942,
4375,Galerina vittiformis,ケコガサ,1131,2533783,
4376,Gymnopilus aeruginosus,ミドリスギタケ,1132,2533711,
4377,Gymnopilus crociphyllus,,1132,8542781,
4378,Gymnopilus decipiens,,1132,2533734,
4379,Gymnopilus dilepis,,1132,2533730,
4380,Gymnopilus iriomotensis,,1132,9686542,
4381,Gymnopilus junonius,,1132,2533674,
4382,Gymnopilus liquiritiae,チャツムタケ,1132,2533721,
4383,Gymnopilus luteofolius,,1132,3343100,
4384,Gymnopilus ombrophilus,コガネツムタケ,1132,3342882,
4385,Gymnopilus orientispectabilis,,1132,12175076,
4386,Gymnopilus penetrans,キツムタケ,1132,2533692,
4387,Gymnopilus picreus,,1132,2533726,
4388,Gymnopilus sapineus,,1132,2533669,
4389,Gymnopilus spectabilis,オオワライタケ,1132,2533677,
4390,Gymnopilus suberis,,1132,3342927,
4391,Hebeloma asperosporum,,1133,12188609,
4392,Hebeloma birrus,,1133,2533035,
4393,Hebeloma cinnamomeum,,1133,12199717,
4394,Hebeloma citrisporum,,1133,11758618,
4395,Hebeloma crustuliniforme,オオワカフサタケ,1133,2533043,
4396,Hebeloma lactariolens,,1133,7927714,
4397,Hebeloma leucosarx,,1133,2532998,
4398,Hebeloma luchuense,リュウキュウワカフサタケ,1133,3343294,
4399,Hebeloma mesophaeum,ワカフサタケ,1133,2533062,
4400,Hebeloma parvisporum,,1133,10759982,
4401,Hebeloma pseudofragilipes,,1133,9341260,
4402,Hebeloma pusillum,,1133,2533114,
4403,Hebeloma radicosoides,ナガエノスギタケダマシ,1133,3343406,
4404,Hebeloma radicosum,ナガエノスギタケ,1133,2533079,
4405,Hebeloma sacchariolens,ヒメワカフサタケ,1133,2533034,
4406,Hebeloma sagarae,,1133,12204940,
4407,Hebeloma spoliatum,アシナガヌメリ,1133,9578337,
4408,Hebeloma subtortum,,1133,3343114,
4409,Hebeloma vinosophyllum,アカヒダワカフサタケ,1133,2533054,
4410,Hymenogaster arenarius,マメツブタケ,1134,5242420,
4411,Hymenogaster citrinus,,1134,5242418,
4412,Hymenogaster fusisporus,,1134,5459746,
4413,Hymenogaster ozeensis,,1134,5459784,
4414,Hymenogaster pacificus,サザレイシタケ,1134,5459758,
4415,Hymenogaster suzukianus,,1134,5459759,
4416,Hymenogaster tener,シロツブタケ,1134,5242424,
4417,Naematoloma gracile,ニガクリタケモドキ,1135,3558187,
4418,Naucoria bohemica,,1136,2534044,
4419,Naucoria nucea,,1136,3342208,
4420,Phaeocollybia christinae,ナメニセムクエタケ,1137,3351252,
4421,Phaeocollybia festiva,カワムラジンガサタケ,1137,2528572,
4422,Phaeocollybia lugubris,アカアシナガタケ,1137,2528575,
4423,Psilocybe aurantiaca,,1138,5242441,
4424,Psilocybe capitulata,ナンヨウシビレタケ,1138,7559462,
4425,Psilocybe definita,,1138,9765264,
4426,Psilocybe fasciata,アイセンボンタケ,1138,5459622,
4427,Psilocybe medullosa,,1138,5459286,
4428,Psilocybe septentrionalis,,1138,5459555,
4429,Psilocybe subaeruginascens,オオシビレタケ,1138,5242533,
4430,Psilocybe subcaerulipes,アイゾメシバフタケ,1138,5459385,
4431,Psilocybe tuberifera,,1138,7550107,
4432,Psilocybe venenata,シビレタケ,1138,5459521,
4433,Hyphoderma definitum,,1139,5245749,
4434,Hyphoderma nudicephalum,,1139,5245787,
4435,Hyphoderma roseocremeum,,1139,5245674,
4436,Hyphoderma setigerum,シロコメバタケ,1139,5245764,
4437,Hyphoderma sibiricum,,1139,5245758,
4438,Hyphoderma subsetigerum,,1139,5245759,
4439,Hyphoderma transiens,ウスカワコメバタケ,1139,5245712,
4440,Kneiffia subalutacea,,1140,8161224,
4441,Metulodontia nivea,,1141,2544306,
4442,Mutatoderma mutatum,,1142,2555511,
4443,Glutinomyces brunneus,,1143,10691472,
4444,Glutinomyces inflatus,,1143,10756974,
4445,Glutinomyces takaragaikensis,,1143,10758459,
4446,Glutinomyces vulgaris,,1143,10866945,
4447,Hyphodiscus hyaloscyphoides,,1144,7989817,
4448,Hyphodiscus hymeniophilus,,1144,2584918,
4449,Hyphodiscus otanii,,1144,2584902,
4450,Hyphodiscus theiodeus,,1144,2584899,
4451,Venturiocistella japonica,,1145,2586035,
4452,Hyphodontia alienata,,1146,2518744,
4453,Hyphodontia arguta,ヘラバタケモドキ,1146,2518950,
4454,Hyphodontia granulosa,キコナコメバタケ,1146,7385325,
4455,Hyphodontia pallidula,ネンドカワタケ,1146,2518963,
4456,Hyphodontia quercina,アカオクバタケ,1146,2518880,
4457,Hyphodontia spathulata,ササクレコメバタケモドキ,1146,2518983,
4458,Kneiffiella abdita,,1147,9704085,
4459,Kneiffiella cineracea,,1147,5237558,
4460,Acrostalagmus annulatus,,1148,7924293,
4461,Arachnocrea scabrida,,1149,2561950,
4462,Arachnocrea stipata,,1149,2561947,
4463,Cladobotryum apiculatum,,1150,2561647,
4464,Cladobotryum asterophorum,,1150,2561681,
4465,Cladobotryum novovarium,,1150,3448783,
4466,Cladobotryum obconicum,,1150,3448782,
4467,Cladobotryum verticillatum,,1150,2561653,
4468,Diplocladium hydrangeae,,1151,3297940,
4469,Hypocrea albocitrina,,1152,3449223,
4470,Hypocrea albomedullosa,,1152,3449197,
4471,Hypocrea ampulliformis,,1152,3449258,
4472,Hypocrea argillacea,,1152,2561464,
4473,Hypocrea aurantia,,1152,2561439,
4474,Hypocrea aurantiaca,,1152,2561540,
4475,Hypocrea centri-sterilis,,1152,3449284,
4476,Hypocrea cupularis,,1152,8189117,
4477,Hypocrea dichromospora,,1152,2561465,
4478,Hypocrea dipterobia,,1152,3449351,
4479,Hypocrea flavovirens,,1152,3449481,
4480,Hypocrea fulva,,1152,7996821,
4481,Hypocrea gelatinoperidia,,1152,3449417,
4482,Hypocrea gelatinosa,オリーブボタンタケ,1152,9221615,
4483,Hypocrea grandis,オオボタンタケ,1152,3449339,
4484,Hypocrea japonica,イブキタケ,1152,3449206,
4485,Hypocrea lactea,,1152,8889697,
4486,Hypocrea lenta,,1152,2561473,
4487,Hypocrea mesenterica,,1152,3449264,
4488,Hypocrea microsplendens,,1152,3449397,
4489,Hypocrea microsulfurea,,1152,3449453,
4490,Hypocrea mikurajimensis,,1152,3449474,
4491,Hypocrea muroiana,,1152,2561451,
4492,Hypocrea nigricans,,1152,2561475,
4493,Hypocrea oblita,,1152,3449437,
4494,Hypocrea pachybasioides,,1152,2561444,
4495,Hypocrea palmicola,,1152,3449440,
4496,Hypocrea platypulvinata,,1152,3449412,
4497,Hypocrea protocitrina,,1152,3449408,
4498,Hypocrea pseudonigricans,,1152,3449366,
4499,Hypocrea purpureosplendens,,1152,3449349,
4500,Hypocrea splendens,ダイダイボタンタケ,1152,2561462,
4501,Hypocrea straminea,,1152,8148520,
4502,Hypocrea subalbocornea,,1152,3449345,
4503,Hypocrea subpachybasioides,,1152,3449320,
4504,Hypocrea subpurpurea,,1152,3449316,
4505,Hypocrea subsplendens,ニセダイダイボタンタケ,1152,2561535,
4506,Hypocrea thuemenelloides,,1152,3449374,
4507,Hypocrea thuemenellosulphurea,,1152,3449369,
4508,Hypocrea vinosa,,1152,2561466,
4509,Hypocrea xanthovirens,,1152,3449294,
4510,Hypocrea yasudae,,1152,3449364,
4511,Hypocreopsis lichenoides,,1153,5251311,
4512,Hypocreopsis subiculoides,,1153,5483343,
4513,Hypomyces aurantius,,1154,7930134,
4514,Hypomyces cervinus,,1154,2561816,
4515,Hypomyces chlorinus,,1154,2561916,
4516,Hypomyces chrysospermus,アワタケヤドリ,1154,2561867,
4517,Hypomyces completus,,1154,2561808,
4518,Hypomyces corticiicola,,1154,3449031,
4519,Hypomyces ellipsosporus,,1154,9803221,
4520,Hypomyces hyalinus,タケリタケキン,1154,2561840,
4521,Hypomyces khaoyaiensis,,1154,3448927,
4522,Hypomyces lactifluorum,,1154,2561802,
4523,Hypomyces laeticolor,,1154,3448931,
4524,Hypomyces lateritius,アカハツヤドリタケ,1154,9174212,
4525,Hypomyces leotiicola,,1154,2561922,
4526,Hypomyces lithuanicus,,1154,2561826,
4527,Hypomyces luteovirens,アオノキノコヤドリタケ,1154,8926389,
4528,Hypomyces macrosporus,,1154,3448956,
4529,Hypomyces melanocarpus,,1154,3448983,
4530,Hypomyces microspermus,,1154,2561846,
4531,Hypomyces mycophilus,,1154,3448992,
4532,Hypomyces papulasporae,,1154,2561899,
4533,Hypomyces penicillatus,,1154,3449035,
4534,Hypomyces petchii,,1154,2561839,
4535,Hypomyces pseudocorticiicola,,1154,3448979,
4536,Hypomyces puertoricensis,,1154,2561909,
4537,Hypomyces rosellus,,1154,2561830,
4538,Hypomyces roseus,,1154,2561984,
4539,Hypomyces sibirinae,,1154,2561812,
4540,Hypomyces stephanomatis,,1154,2561914,
4541,Hypomyces subiculosus,,1154,2561887,
4542,Hypomyces sympodiophorus,,1154,2561915,
4543,Hypomyces transformans,,1154,2561907,
4544,Kiflimonium curvulum,,1155,10762293,
4545,Podostroma cordyceps,,1156,3449170,
4546,Podostroma solmsii,キヌガサヤドリタケ,1156,2561567,
4547,Protocrea farinosa,,1157,2561698,
4548,Protocrea fungicola,,1157,3449520,
4549,Protocrea pallida,,1157,5896164,
4550,Protocrea seminuda,,1157,3449521,
4551,Sphaerostilbella aurifila,,1158,8078647,
4552,Sphaerostilbella micropori,,1158,3449122,
4553,Sphaerostilbella novae-zelandiae,,1158,2561557,
4554,Sphaerostilbella penicillioides,,1158,8002975,
4555,Stephanoma strigosum,,1159,5251288,
4556,Syspastospora boninensis,,1160,3455132,
4557,Syspastospora parasitica,,1160,2565718,
4558,Trichoderma aeroaquaticum,,1161,8293545,
4559,Trichoderma afroharzianum,,1161,9804591,
4560,Trichoderma albocorneum,,1161,7793390,
4561,Trichoderma albofulvum,,1161,7746269,
4562,Trichoderma alutaceum,,1161,7539603,
4563,Trichoderma asperelloides,,1161,7602713,
4564,Trichoderma asperellum,,1161,5251325,
4565,Trichoderma atrogelatinosum,,1161,8262672,
4566,Trichoderma atroviride,,1161,5251334,
4567,Trichoderma aurantioeffusum,,1161,7650390,
4568,Trichoderma aureoviride,,1161,5251367,
4569,Trichoderma brevipes,,1161,9817092,
4570,Trichoderma ceramicum,,1161,5483273,
4571,Trichoderma cerebriforme,,1161,9661343,
4572,Trichoderma cerinum,,1161,5251365,
4573,Trichoderma chlorosporum,,1161,5483278,
4574,Trichoderma citrinellum,,1161,10767246,
4575,Trichoderma citrinoviride,,1161,5251374,
4576,Trichoderma citrinum,,1161,7543633,
4577,Trichoderma corneum,,1161,8075385,
4578,Trichoderma cornu-damae,,1161,9698565,
4579,Trichoderma crassum,,1161,5251376,
4580,Trichoderma delicatulum,,1161,7977890,
4581,Trichoderma deliquescens,,1161,7796268,
4582,Trichoderma eijii,,1161,7504216,
4583,Trichoderma flavipes,,1161,7892169,
4584,Trichoderma fragile,,1161,8278293,
4585,Trichoderma hamatum,,1161,5251328,
4586,Trichoderma harzianum,,1161,5251352,
4587,Trichoderma inhamatum,,1161,5251361,
4588,Trichoderma koningii,,1161,5251362,
4589,Trichoderma koningiopsis,,1161,5483308,
4590,Trichoderma lanuginosum,,1161,7618627,
4591,Trichoderma lixii,,1161,7392269,
4592,Trichoderma longibrachiatum,,1161,5251347,
4593,Trichoderma longipile,,1161,8872329,
4594,Trichoderma longipilis,,1161,5251377,
4595,Trichoderma medusae,,1161,8319210,
4596,Trichoderma megalocitrinum,,1161,7527803,
4597,Trichoderma microcitrinum,,1161,7610896,
4598,Trichoderma mienum,,1161,8403940,
4599,Trichoderma paraviridescens,,1161,7379082,
4600,Trichoderma patella,,1161,7946662,
4601,Trichoderma peltatum,,1161,8234923,
4602,Trichoderma pezizoides,,1161,7942455,
4603,Trichoderma polysporum,,1161,5251330,
4604,Trichoderma poronioideum,,1161,9659651,
4605,Trichoderma protopulvinatum,,1161,8419337,
4606,Trichoderma pseudogelatinosum,,1161,8208396,
4607,Trichoderma pseudokoningii,,1161,5251323,
4608,Trichoderma pseudolacteum,,1161,8333292,
4609,Trichoderma pseudostramineum,,1161,7694306,
4610,Trichoderma pulvinatum,,1161,8068583,
4611,Trichoderma reesei,,1161,5251344,
4612,Trichoderma sordidum,,1161,7999754,
4613,Trichoderma spinulosum,,1161,7779898,
4614,Trichoderma spirale,,1161,5251355,
4615,Trichoderma stellatum,,1161,7629191,
4616,Trichoderma stramineum,,1161,5483296,
4617,Trichoderma strictipile,,1161,7769216,
4618,Trichoderma sulphureum,,1161,8341624,
4619,Trichoderma tawa,,1161,5483316,
4620,Trichoderma taxi,,1161,5483292,
4621,Trichoderma tsugarense,,1161,9805649,
4622,Trichoderma vinosum,,1161,5251296,
4623,Trichoderma virens,,1161,5251399,
4624,Trichoderma viride,,1161,5251340,
4625,Trichoderma viridescens,,1161,5251301,
4626,Discosphaerina diapensiae,,1162,3524612,
4627,Hyponectria buxi,,1163,2575726,
4628,Physalospora cinnamomi,,1164,3463832,
4629,Physalospora dicalycis,,1164,3463848,
4630,Physalospora erycibes,,1164,3463658,
4631,Physalospora inamoena,,1164,3463948,
4632,Physalospora japonica,,1164,3463871,
4633,Physalospora juglandis,,1164,3463872,
4634,Annulohypoxylon annulatum,,1165,2576784,
4635,Annulohypoxylon archeri,,1165,2576790,
4636,Annulohypoxylon areolatum,,1165,9775879,
4637,Annulohypoxylon nitens,,1165,2576839,
4638,Annulohypoxylon stygium,,1165,8183847,
4639,Annulohypoxylon truncatum,,1165,2576800,
4640,Annulohypoxylon urceolatum,,1165,2576834,
4641,Daldinia childiae,チャコブタケ,1166,2576941,
4642,Daldinia concentrica,,1166,2576893,
4643,Daldinia eschscholzii,チャコブタケモドキ,1166,2576960,
4644,Daldinia fissa,ツボミタケ,1166,2576930,
4645,Daldinia loculata,,1166,2576938,
4646,Daldinia vernicosa,,1166,2576956,
4647,Entonaema liquescens,,1167,3459871,
4648,Hypoxylon crocopeplum,,1168,5254663,
4649,Hypoxylon dieckmannii,,1168,5254670,
4650,Hypoxylon fragiforme,アカコブタケ,1168,5254672,
4651,Hypoxylon fuscopurpureum,,1168,5254733,
4652,Hypoxylon fuscum,ハンノキコブタケ,1168,5254797,
4653,Hypoxylon glycyrrhiza,,1168,5254681,
4654,Hypoxylon haematostroma,,1168,5254751,
4655,Hypoxylon herpotrichoides,,1168,8205506,
4656,Hypoxylon howeanum,,1168,5254707,
4657,Hypoxylon hypomiltum,タバココブタケ,1168,3460800,
4658,Hypoxylon investiens,,1168,5254747,
4659,Hypoxylon jecorinum,,1168,5254766,
4660,Hypoxylon lenormandii,,1168,5254737,
4661,Hypoxylon nagatense,,1168,5487205,
4662,Hypoxylon nigropustulatum,,1168,5487418,
4663,Hypoxylon perforatum,,1168,5254606,
4664,Hypoxylon rubiginosum,アカコブアザタケ,1168,8991587,
4665,Hypoxylon subgilvum,,1168,3460880,
4666,Hypoxylon sublimbatum,,1168,5487307,
4667,Hypoxylon subrutilum,,1168,5254652,
4668,Hypoxylon vinosopulvinatum,,1168,5254773,
4669,Hypoxylon vogesiacum,,1168,5254781,
4670,Jackrogersella multiformis,,1169,9397402,
4671,Nodulisporium gregarium,,1170,2576333,
4672,Thamnomyces chamissonis,,1171,3460971,
4673,Hysterangium cerebrinum,,1172,3352056,
4674,Gloniopsis macrospora,,1173,3526165,
4675,Hysterium angustatum,,1174,10954924,
4676,Hysterium pulicare,クロミモジタケ,1174,5261981,
4677,Hysterobrevium constrictum,,1175,5894285,
4678,Hysterobrevium mori,,1175,5894284,
4679,Hysterographium flexuosum,,1176,2613526,
4680,Hysterographium fraxini,,1176,8779572,
4681,Oedohysterium pulchrum,,1177,5953695,
4682,Dibaeis absoluta,,1178,2600365,
4683,Dibaeis arcuata,,1178,3412308,
4684,Dibaeis baeomyces,,1178,8690616,
4685,Dibaeis sorediata,,1178,2600361,
4686,Glossodium japonicum,,1179,8572167,
4687,Icmadophila ericetorum,,1180,2600369,
4688,Icmadophila japonica,,1180,8484750,
4689,Pseudobaeomyces insignis,,1181,6017956,
4690,Pseudobaeomyces pachycarpus,,1181,6017957,
4691,Siphula ceratites,,1182,2600381,
4692,Thamnolia subuliformis,,1183,2600375,
4693,Thamnolia vermicularis,,1183,11068129,
4694,Skeletocutis albocremea,,1184,2547781,
4695,Skeletocutis albomarginata,,1184,12248267,
4696,Skeletocutis alutacea,,1184,2547782,
4697,Skeletocutis amorpha,ウラベニタケ,1184,2547798,
4698,Skeletocutis carneogrisea,,1184,2547850,
4699,Skeletocutis kuehneri,,1184,2547825,
4700,Skeletocutis lepida,,1184,10226782,
4701,Skeletocutis nemoralis,,1184,10151181,
4702,Skeletocutis nivea,ヒメカタパンタケ,1184,2547852,
4703,Skeletocutis perennis,,1184,2547864,
4704,Skeletocutis semipileata,,1184,10136541,
4705,Skeletocutis subincarnata,,1184,2547790,
4706,Tyromyces chioneus,オシロイタケ,1185,2548515,
4707,Tyromyces fumidiceps,,1185,2548464,
4708,Tyromyces galactinus,,1185,2548416,
4709,Tyromyces incarnatus,アケボノオシロイタケ,1185,2548454,
4710,Tyromyces kmetii,,1185,2548437,
4711,Tyromyces lacteus,,1185,2548473,
4712,Tyromyces leucomallus,,1185,3364218,
4713,Tyromyces odorus,,1185,10674655,
4714,Tyromyces sambuceus,,1185,2548406,
4715,Induratia fengyangensis,,1186,11754026,
4716,Inocybe acutata,アシナガトマヤタケ,1187,3331837,
4717,Inocybe assimilata,,1187,2528154,
4718,Inocybe asterospora,カブラアセタケ,1187,2527952,
4719,Inocybe atroumbonata,ナカグロトマヤタケ,1187,3331701,
4720,Inocybe calospora,アシボソトマヤタケ,1187,2527887,
4721,Inocybe caroticolor,,1187,8232279,
4722,Inocybe catalaunica,,1187,2528038,
4723,Inocybe chrysochroa,コガネトマヤタケ,1187,3331830,
4724,Inocybe cincinnata,クロトマヤタケモドキ,1187,8863729,
4725,Inocybe conicoalba,,1187,3331697,
4726,Inocybe curvipes,,1187,2527979,
4727,Inocybe dulcamara,ザラツキトマヤタケ,1187,2528128,
4728,Inocybe dunensis,ヘイカツトマヤタケ（小林孝人新称）,1187,2528053,
4729,Inocybe fastuosa,オオアセタケ,1187,3331635,
4730,Inocybe flocculosa,,1187,2528025,
4731,Inocybe fuligineoatra,,1187,2527942,
4732,Inocybe fulvella,,1187,2528014,
4733,Inocybe fuscidula,セイヨウトマヤタケ,1187,7726394,
4734,Inocybe fuscodisca,,1187,3331289,
4735,Inocybe geophylla,シロトマヤタケ,1187,3330851,
4736,Inocybe glabripes,コアセタケ,1187,2528135,
4737,Inocybe glabrodisca,ミナカタトマヤタケ,1187,2528019,
4738,Inocybe grammata,センジョウトマヤタケ,1187,2528125,
4739,Inocybe haemacta,,1187,2527957,
4740,Inocybe hirtella,ササクレキヌハダトマヤタケ,1187,2527992,
4741,Inocybe hystrix,ササクレトマヤタケ,1187,2527867,
4742,Inocybe infida,シロアセタケ,1187,10742791,
4743,Inocybe kasugayamensis,カスガトマヤタケ,1187,3331532,
4744,Inocybe kobayasii,コバヤシアセタケ,1187,3330687,
4745,Inocybe lacera,クロトマヤタケ,1187,3330718,
4746,Inocybe lanuginosa,クロニセトマヤタケ,1187,7244052,
4747,Inocybe leptoclada,モモエノトマヤタケ,1187,3331354,
4748,Inocybe leptoderma,コイムラサキアセタケ,1187,3331471,
4749,Inocybe lutea,キイロアセタケ,1187,3331537,
4750,Inocybe magnicarpa,オオコブミノトマヤタケ,1187,3330741,
4751,Inocybe mixtilis,,1187,2527925,
4752,Inocybe miyiensis,,1187,7786841,
4753,Inocybe montana,ミヤマアセタケ,1187,3331424,
4754,Inocybe napiformis,キュウコントマヤタケ,1187,7841703,
4755,Inocybe napipes,コブミノアセタケ,1187,2527987,
4756,Inocybe nemorosa,,1187,3331483,
4757,Inocybe neoflocculosa,オチバアセタケ,1187,3331415,
4758,Inocybe niigatensis,スナジアセタケ,1187,3331473,
4759,Inocybe nikkoensis,,1187,3331350,
4760,Inocybe nitidiuscula,ウスツヤトマヤタケ,1187,7780876,
4761,Inocybe nodulosospora,コブアセタケ,1187,3331642,
4762,Inocybe nodulospora,,1187,8245941,
4763,Inocybe obscurobadia,,1187,2528000,
4764,Inocybe paludinella,キヌハダニセトマヤタケ,1187,2528022,
4765,Inocybe phaeocystidiosa,,1187,3331545,
4766,Inocybe picrosma,,1187,3330701,
4767,Inocybe polycystidiata,,1187,3331484,
4768,Inocybe populea,ポプラトマヤタケ,1187,3331852,
4769,Inocybe posterula,,1187,2528117,
4770,Inocybe praetervisa,アセタケモドキ,1187,2527971,
4771,Inocybe pseudorhacodes,ケバダチクロトマヤタケ,1187,3331210,
4772,Inocybe pyriformis,カブラアセタケモドキ,1187,8108525,
4773,Inocybe relicina,,1187,3331223,
4774,Inocybe rufoalba,,1187,8620665,
4775,Inocybe senkawaensis,,1187,3331800,
4776,Inocybe sericella,,1187,7657232,
4777,Inocybe sindonia,,1187,2527869,
4778,Inocybe sphaerospora,タマアセタケ,1187,3331322,
4779,Inocybe squamosa,ササクレシロトマヤタケ,1187,3330783,
4780,Inocybe stellatospora,,1187,7883791,
4781,Inocybe subochracea,,1187,12229307,
4782,Inocybe subvolvata,ツボアセタケ,1187,3331132,
4783,Inocybe taxocystis,,1187,2528040,
4784,Inocybe trechispora,,1187,2527928,
4785,Inocybe umbratica,シロニセトマヤタケ,1187,2528120,
4786,Inocybe vulpina,,1187,3331699,
4787,Inosperma adaequatum,,1188,10847641,
4788,Inosperma aureostipes,,1188,10856028,
4789,Inosperma bongardii,,1188,10677598,
4790,Inosperma calamistratum,,1188,10726407,
4791,Inosperma cervicolor,,1188,10859162,
4792,Inosperma cookei,,1188,10798878,
4793,Inosperma erubescens,,1188,10776858,
4794,Inosperma geraniodorum,,1188,10715835,
4795,Inosperma griseolum,,1188,10741421,
4796,Inosperma maculatum,,1188,10894510,
4797,Inosperma quercinum,,1188,10802025,
4798,Inosperma reisneri,,1188,10872731,
4799,Inosperma rimosoides,,1188,10779978,
4800,Mallocybe malenconii,,1189,10866778,
4801,Mallocybe perbrevis,,1189,10751074,
4802,Pseudosperma arenicola,,1190,10757983,
4803,Pseudosperma bisporum,,1190,10840288,
4804,Pseudosperma flavellum,,1190,10848642,
4805,Pseudosperma macrospermum,,1190,10763540,
4806,Pseudosperma perlatum,,1190,10692730,
4807,Pseudosperma rimosum,,1190,10846389,
4808,Pseudosperma squamatum,,1190,10818346,
4809,Pseudosperma umbrinellum,,1190,10844079,
4810,Byssomerulius albostramineus,,1191,3362712,
4811,Byssomerulius corium,,1191,9212934,
4812,Byssomerulius hirtellus,,1191,2541221,
4813,Ceriporia excelsa,,1192,2541696,
4814,Ceriporia mellita,,1192,2541635,
4815,Ceriporia purpurea,ムラサキアナタケ,1192,9189610,
4816,Ceriporia reticulata,アミメアナタケ,1192,2541673,
4817,Ceriporia rhodella,,1192,8113150,
4818,Ceriporia spissa,,1192,2541659,
4819,Ceriporia tarda,コアナタケ,1192,2541585,
4820,Ceriporia violacea,,1192,10809092,
4821,Ceriporia viridans,,1192,2541599,
4822,Efibula corymbata,,1193,2525267,
4823,Gloeoporus ambiguus,,1194,3361895,
4824,Gloeoporus cremeoalbus,,1194,2544614,
4825,Gloeoporus pannocinctus,,1194,2544607,
4826,Irpex consors,,1195,2544226,
4827,Irpex iyoensis,,1195,3361851,
4828,Irpex kusanoi,,1195,3361889,
4829,Irpex laceratus,,1195,11743138,
4830,Irpex lacteus,ウスバアナタケ,1195,2544188,
4831,Irpex lamelliformis,,1195,3361812,
4832,Irpex latemarginatus,,1195,11895306,
4833,Irpex miyabei,,1195,3361806,
4834,Irpex noharae,,1195,3361875,
4835,Irpex rosettiformis,,1195,12266698,
4836,Irpex subulatus,,1195,11789185,
4837,Irpex unicolor,,1195,3361831,
4838,Leptoporus mollis,オオシミタケ,1196,9168484,
4839,Meruliopsis nanlingensis,,1197,11992649,
4840,Meruliopsis taxicola,,1197,9019866,
4841,Resiniporus resinascens,,1198,10850434,
4842,Trametopsis cervina,,1199,2546002,
4843,Vitreoporus dichrous,,1200,10719947,
4844,Vitreoporus orientalis,,1200,10728336,
4845,Ischnoderma benzoinum,,1201,2543500,
4846,Ischnoderma resinosum,ヤニタケ,1201,2543487,
4847,Jianyunia sakaguchii,,1202,9647152,
4848,Juglanconis japonica,,1203,10717527,
4849,Juglanconis juglandina,,1203,9782927,
4850,Juglanconis oblonga,,1203,9670346,
4851,Khaleijomyces umikazeanus,,1204,12232165,
4852,Karstenella vernalis,,1205,2593328,
4853,Coemansia aciculifera,,1206,5250753,
4854,Coemansia erecta,,1206,5250751,
4855,Coemansia furcata,,1206,5250749,
4856,Coemansia helicoidea,,1206,10832025,
4857,Coemansia nantahalensis,,1206,5250745,
4858,Coemansia spiralis,,1206,5250743,
4859,Mycoemilia scoparia,,1207,2559472,
4860,Myconymphaea yatsukahoi,,1208,2559486,
4861,Pinnaticoemansia coronantispora,,1209,2559479,
4862,Ramicandelaber brevisporus,,1210,2559475,
4863,Unguispora rhaphidophoridarum,,1211,12185032,
4864,Kirschsteiniothelia atra,,1212,7908071,
4865,Solicorynespora foveolata,,1213,3442328,
4866,Bensingtonia ciliata,,1214,2556555,
4867,Bensingtonia naganoensis,,1214,2556554,
4868,Kondoa miscanthi,,1215,9791772,
4869,Kondoa phyllada,,1215,10072155,
4870,Kondoa sorbi,,1215,9771752,
4871,Kondoa subrosea,,1215,9662036,
4872,Kondoa yuccicola,,1215,9815598,
4873,Libkindia masarykiana,,1216,9764455,
4874,Meredithblackwellia eburnea,,1217,7974782,
4875,Phenoliferia psychrophenolica,,1218,9748859,
4876,Phenoliferia psychrophila,,1218,9667249,
4877,Yamadamyces rosulatus,,1219,9717174,
4878,Aporomyces uniflagellatus,,1220,2610665,
4879,Cucujomyces japonicus,,1221,5953239,
4880,Eucantharomyces japonicus,,1222,3441194,
4881,Hesperomyces harmoniae,,1223,12222975,
4882,Hesperomyces virescens,,1223,2610645,
4883,Laboulbenia agoni,,1224,5480215,
4884,Laboulbenia egens,,1224,6124009,
4885,Laboulbenia fasciculata,,1224,5261544,
4886,Laboulbenia filifera,,1224,5479997,
4887,Laboulbenia ishikawae,,1224,5480004,
4888,Laboulbenia nana,,1224,5480219,
4889,Laboulbenia nebriae,,1224,5261556,
4890,Laboulbenia okumurae,,1224,5480101,
4891,Laboulbenia oxyglymmatis,,1224,5480189,
4892,Laboulbenia pacifica,,1224,5480045,
4893,Laboulbenia protuberans,,1224,5480373,
4894,Laboulbenia pseudomasci,,1224,5261539,
4895,Laboulbenia rupae,,1224,5480062,
4896,Laboulbenia stipitata,,1224,5479847,
4897,Laboulbenia subterranea,,1224,5261543,
4898,Laboulbenia torta,,1224,5480033,
4899,Laboulbenia trochantericola,,1224,5480441,
4900,Laboulbenia vulgaris,,1224,5261540,
4901,Laboulbenia yoshidae,,1224,5479992,
4902,Rickia dichotoma,,1225,3440870,
4903,Rickia oceana,,1225,3440940,
4904,Albotricha acutipila,トガリケヒナノチャワンタケ,1226,2586652,
4905,Albotricha albotestacea,,1226,2586646,
4906,Belonidium japonicum,,1227,6334401,
4907,Brunnipila calycioides,,1228,2586138,
4908,Brunnipila clandestina,,1228,9166705,
4909,Brunnipila fuscescens,,1228,3489072,
4910,Brunnipila palearum,,1228,2586182,
4911,Capitotricha bicolor,,1229,2586154,
4912,Capitotricha rubi,,1229,2586157,
4913,Dasyscyphella cassandrae,,1230,3488431,
4914,Dasyscyphella dryina,,1230,2585719,
4915,Dasyscyphella longistipitata,,1230,3488435,
4916,Dasyscyphella montana,,1230,3488443,
4917,Dasyscyphella nivea,ニセヒナノチャワンタケ,1230,9190626,
4918,Dasyscyphus abieticola,,1231,3552659,
4919,Dasyscyphus citricolor,,1231,3293621,
4920,Dasyscyphus heterochaetus,,1231,3557896,
4921,Dasyscyphus pini,,1231,2585623,
4922,Erinella hyalopilosa,,1232,6334652,
4923,Erioscyphella abnormis,,1233,7507528,
4924,Erioscyphella brasiliensis,,1233,8135528,
4925,Erioscyphella hainanensis,,1233,11609067,
4926,Erioscyphella sclerotii,,1233,7829106,
4927,Erioscyphella sinensis,,1233,11857796,
4928,Incrucipulum ciliare,,1234,9182325,
4929,Incrucipulum foliicola,,1234,11598245,
4930,Incrucipulum hakonechloae-macrae,,1234,11445266,
4931,Incrucipulum longispineum,,1234,8347228,
4932,Incrucipulum pseudosulphurellum,,1234,11634111,
4933,Incrucipulum radiatum,,1234,7798917,
4934,Incrucipulum sinegoricum,,1234,12183000,
4935,Incrucipulum sulphurellum,,1234,2586616,
4936,Incrucipulum virtembergense,,1234,2586612,
4937,Lachnellula calyciformis,モミノコザラタケ,1235,8657827,
4938,Lachnellula calycina,,1235,8595785,
4939,Lachnellula ikenoi,,1235,3489871,
4940,Lachnellula occidentalis,,1235,2586797,
4941,Lachnellula pulverulenta,,1235,5895375,
4942,Lachnellula resinaria,,1235,2586776,
4943,Lachnellula subtilissima,,1235,2586742,
4944,Lachnellula suecica,,1235,2586758,
4945,Lachnellula willkommii,ラクネルルラ・ウィルコムミイ,1235,2586748,
4946,Lachnum alnifolium,,1236,3488908,
4947,Lachnum apalum,ハリミノヒナノチャワンタケ,1236,2586293,
4948,Lachnum asiaticum,タマケヒナノチャワンタケ,1236,3489241,
4949,Lachnum avellaneomelleum,,1236,3489240,
4950,Lachnum brevipilum,,1236,2586313,
4951,Lachnum capitatum,,1236,2586197,
4952,Lachnum carneolum,,1236,2586246,
4953,Lachnum controversum,,1236,2586145,
4954,Lachnum corticale,,1236,2586216,
4955,Lachnum diminutum,シロヒメチャワンタケ,1236,2586036,
4956,Lachnum lanariceps,,1236,2586277,
4957,Lachnum lasseri,,1236,3489238,
4958,Lachnum macrosporum,,1236,3489122,
4959,Lachnum mapirianum,,1236,7245980,
4960,Lachnum mollissimum,,1236,2586050,
4961,Lachnum nipponicum,,1236,2586101,
4962,Lachnum nudipes,シロヒナノチャワンタケモドキ,1236,2586251,
4963,Lachnum oncospermatum,,1236,3488939,
4964,Lachnum palmae,,1236,2586189,
4965,Lachnum papyraceum,,1236,2586190,
4966,Lachnum pritzelianum,ビロウバヒナノチャワンタケ,1236,2586312,
4967,Lachnum pteridophyllum,,1236,2586045,
4968,Lachnum pudibundum,,1236,2586185,
4969,Lachnum pygmaeum,,1236,2586319,
4970,Lachnum rachidicola,,1236,3488923,
4971,Lachnum rhytismatis,,1236,2586068,
4972,Lachnum roridum,モイワヒナノチャワンタケ,1236,3489015,
4973,Lachnum sasae,,1236,3488973,
4974,Lachnum soppittii,,1236,2586173,
4975,Lachnum subauratum,,1236,3489038,
4976,Lachnum sulphureum,,1236,2586055,
4977,Lachnum varians,,1236,2586264,
4978,Lachnum virgineum,シロヒナノチャワン,1236,2586103,
4979,Neodasyscypha cerina,,1237,5257501,
4980,Proliferodiscus alboviridis,,1238,2585498,
4981,Trichopeziza discolor,,1239,3488546,
4982,Trichoscyphella tenuipilosa,,1240,3566970,
4983,Scytinostromella olivaceoalba,,1241,2550648,
4984,Laetiporus cremeiporus,,1242,7444438,
4985,Laetiporus dilatohyphus,,1242,12240838,
4986,Laetiporus miniatus,,1242,2542161,
4987,Laetiporus montanus,,1242,8210723,
4988,Laetiporus portentosus,,1242,2542167,
4989,Laetiporus sulphureus,アイカワタケ,1242,9072021,
4990,Phaeolus rigidus,,1243,2541101,
4991,Phaeolus schweinitzii,カイメンタケ,1243,2542126,
4992,Wolfiporiella cartilaginea,,1244,12220429,
4993,Apiosordaria longicaudata,,1245,2573017,
4994,Apiosordaria microcarpa,,1245,2573029,
4995,Diffractella curvata,,1246,2573342,
4996,Lasiosphaeria culmorum,,1247,3456002,
4997,Lasiosphaeria ovina,,1247,8596460,
4998,Mammaria echinobotryoides,,1248,5254041,
4999,Naemaspora microspora,,1249,7909958,
5000,Zopfiella attenuata,,1250,2573152,
5001,Zopfiella tardifaciens,,1250,2573142,
5002,Pseudoasteromassaria fagi,,1251,7680209,
5003,Lauriomyces cylindricus,,1252,3491870,
5004,Laurobasidium hachijoense,,1253,10784772,
5005,Alyxoria varia,,1254,7472637,
5006,Clauzadeana macula,,1255,2606693,
5007,Glaucomaria rupicola,,1256,12180218,
5008,Glaucomaria sulphurea,,1256,10865667,
5009,Huea confluens,,1257,8546302,
5010,Japewia subaurifera,,1258,3396108,
5011,Japewia tornoensis,,1258,2607973,
5012,Lecanora aitema,,1259,2607071,
5013,Lecanora albella,,1259,7248584,
5014,Lecanora andoi,,1259,8470797,
5015,Lecanora argentata,,1259,12168954,
5017,Lecanora argentea,,1259,2607019,
5018,Lecanora atrella,,1259,3400467,
5019,Lecanora baekdudaeganensis,,1259,10773615,
5020,Lecanora boligera,,1259,2606885,
5021,Lecanora campestris,,1259,9151597,
5022,Lecanora chionocarpa,,1259,3400559,
5023,Lecanora cinereocarnea,,1259,7248657,
5024,Lecanora cinereofusca,,1259,2607039,
5025,Lecanora decorata,,1259,3399970,
5026,Lecanora formosa,,1259,3400188,
5027,Lecanora frustulosa,,1259,2607021,
5028,Lecanora fulvastra,,1259,3399802,
5029,Lecanora gangaleoides,,1259,2606877,
5030,Lecanora glabrata,,1259,2607100,
5031,Lecanora gongensiana,,1259,3398468,
5032,Lecanora hemiphracta,,1259,3398639,
5033,Lecanora imshaugi,,1259,3399518,
5034,Lecanora intricata,,1259,2606897,
5035,Lecanora iseana,,1259,3398325,
5036,Lecanora japonica,,1259,3398071,
5037,Lecanora kurokawae,,1259,10772721,
5038,Lecanora layana,,1259,9794981,
5039,Lecanora lecanactina,,1259,3401641,
5040,Lecanora leprosa,,1259,2606963,
5041,Lecanora megalocheila,,1259,3398350,
5042,Lecanora nipponica,,1259,3398083,
5043,Lecanora oreinoides,,1259,3401012,
5044,Lecanora polytropa,,1259,7248528,
5045,Lecanora pulicaris,,1259,2606859,
5046,Lecanora pulverulenta,,1259,3400518,
5047,Lecanora saligna,,1259,2606806,
5048,Lecanora sibirica,,1259,3400108,
5049,Lecanora strobilina,,1259,2606750,
5050,Lecanora subcinctula,,1259,3401760,
5051,Lecanora subfusca,,1259,9505196,
5052,Lecanora subgangaliza,,1259,3401607,
5053,Lecanora subimmergens,,1259,2606931,
5054,Lecanora subrugosa,,1259,2606832,
5055,Lecanora sulcata,,1259,3398004,
5056,Lecanora symmicta,,1259,7084587,
5057,Lecanora verrucifera,,1259,3400585,
5058,Lecanora xylophila,,1259,3400409,
5059,Lecidella asema,,1260,2607167,
5060,Lecidella bullata,,1260,7933882,
5061,Lecidella carpathica,,1260,8094896,
5062,Lecidella enteroleucella,,1260,2607187,
5063,Miriquidica complanata,,1261,11030168,
5064,Miriquidica intrudens,,1261,2606729,
5065,Myriolecis populicola,,1262,12222248,
5066,Omphalodina pseudistera,,1263,10812109,
5067,Protoparmeliopsis muralis,,1264,8622852,
5068,Straminella varia,,1265,10689122,
5069,Amygdalaria aeolotera,,1266,3434956,
5070,Amygdalaria consentiens,,1266,2603225,
5071,Amygdalaria panaeola,,1266,2603221,
5072,Bryobilimbia hypnorum,,1267,7778192,
5073,Farnoldia jurana,,1268,2603490,
5074,Lecidea aglaeida,,1269,3438003,
5075,Lecidea albofuscescens,,1269,7849355,
5076,Lecidea apochroeella,,1269,3436838,
5077,Lecidea auriculata,,1269,2603317,
5078,Lecidea berengeriana,,1269,2603287,
5079,Lecidea declinella,,1269,3437864,
5080,Lecidea erythrophaea,,1269,2603389,
5081,Lecidea flavovirescens,,1269,3436494,
5082,Lecidea fuscoatra,,1269,2603347,
5083,Lecidea helvola,,1269,7407957,
5084,Lecidea lactea,,1269,2603375,
5085,Lecidea lithophila,,1269,2603395,
5086,Lecidea orenioides,,1269,8488676,
5087,Lecidea phaeops,,1269,2603340,
5088,Lecidea plana,,1269,2603368,
5089,Lecidea roseotincta,,1269,3438670,
5090,Lecidea silacea,,1269,2603384,
5091,Porpidia albocaerulescens,,1270,11108459,
5092,Porpidia cinereoatra,,1270,2603475,
5093,Porpidia contraponenda,,1270,2603432,
5094,Porpidia crustulata,,1270,2603450,
5095,Porpidia flavicunda,,1270,2603540,
5096,Porpidia macrocarpa,,1270,11068273,
5097,Caudomyces japonicus,,1271,2558129,
5098,Pennella angustispora,,1272,5250284,
5099,Trichozygospora chironomidarum,,1273,2558094,
5100,Lembosina nipponica,,1274,3501179,
5101,Lentamyces zychae,,1275,3386119,
5102,Hydnocristella himantia,,1276,2521476,
5103,Kavinia alboviridis,,1277,2521466,
5104,Lentaria micheneri,,1278,2521449,
5105,Aquilomyces rebunensis,,1279,9750457,
5106,Katumotoa bambusicola,,1280,2619143,
5107,Keissleriella breviasca,,1281,9658864,
5108,Keissleriella culmifida,,1281,2618280,
5109,Keissleriella quadriseptata,,1281,9731121,
5110,Keissleriella taminensis,,1281,2618272,
5111,Keissleriella yonaguniensis,,1281,9659105,
5112,Lentithecium clioninum,,1282,9738296,
5113,Lentithecium fluviatile,,1282,5893940,
5114,Lentithecium pseudoclioninum,,1282,9718778,
5115,Neoophiosphaerella sasicola,,1283,9809211,
5116,Setoseptoria arundinacea,,1284,9782797,
5117,Setoseptoria magniarundinacea,,1284,9810584,
5118,Tingoldiago graminicola,,1285,5894003,
5119,Lentomitella crinigera,,1286,2572438,
5120,Lentoporia carbonica,,1287,9718477,
5121,Alatospora acuminata,,1288,5255218,
5122,Chlorencoilia versiformis,,1289,4281250,
5123,Flagellospora saccata,,1290,3454752,
5124,Leotia chlorocephala,アオズキンタケ,1291,2577643,
5125,Leotia japonica,,1291,3481066,
5126,Leotia lubrica,オオズキンタケ,1291,2577646,
5127,Leotia nigra,,1291,3481127,
5128,Leotia rutilans,アカズキンタケ,1291,3481084,
5129,Microglossum longisporum,ミミズタケ,1292,6335073,
5130,Microglossum olivaceum,トキワシャモジタケ,1292,7245703,
5131,Microglossum rufum,キシャモジタケ,1292,2586915,
5132,Microglossum viride,マツバシャモジタケ,1292,3558444,
5133,Lepidostroma asianum,,1293,7599720,
5134,Sulzbacheromyces sinensis,,1294,10889949,
5135,Leprocaulon nicholsiae,,1295,10855185,
5136,Leptodontidium irregulare,,1296,2584839,
5137,Leptodontidium trabinellum,,1296,7694176,
5138,Leptosphaeria acuta,,1297,2618497,
5139,Leptosphaeria anceps,,1297,2618312,
5140,Leptosphaeria artemisiae,,1297,2618480,
5141,Leptosphaeria avenaria,,1297,3538685,
5142,Leptosphaeria culmifraga,,1297,2618523,
5143,Leptosphaeria doliolum,,1297,2618459,
5144,Leptosphaeria dumetorum,,1297,2618487,
5145,Leptosphaeria eustoma,,1297,2619374,
5146,Leptosphaeria eustomoides,,1297,2618395,
5147,Leptosphaeria galiorum,,1297,9172823,
5148,Leptosphaeria gloeospora,,1297,2618413,
5149,Leptosphaeria helminthospora,,1297,2618431,
5150,Leptosphaeria hollosiana,,1297,3540557,
5151,Leptosphaeria iwamotoi,,1297,3540323,
5152,Leptosphaeria lelebae,,1297,3540278,
5153,Leptosphaeria maculans,,1297,8508382,
5154,Leptosphaeria marantae,,1297,3540582,
5155,Leptosphaeria modesta,,1297,2618492,
5156,Leptosphaeria ogilviensis,,1297,2618364,
5157,Leptosphaeria oryzina,,1297,3540135,
5158,Leptosphaeria pratensis,,1297,2618374,
5159,Leptosphaeria salviae,,1297,7253728,
5160,Leptosphaeria sclerotioides,,1297,8376501,
5161,Leptosphaeria solani,,1297,2618514,
5162,Leptosphaeria valesiaca,,1297,3539630,
5163,Longiseptatispora meliloti,,1298,12254251,
5164,Paraleptosphaeria macrospora,,1299,8132668,
5165,Plenodomus biglobosus,,1300,7602559,
5166,Plenodomus collinsoniae,,1300,7529317,
5167,Plenodomus confertus,,1300,7630226,
5168,Letrouitia domingensis,,1301,2608851,
5169,Letrouitia transgressa,,1301,2608861,
5170,Leucosporidium intermedium,,1302,11608959,
5171,Lichenoconium erodens,,1303,2590475,
5172,Ephebe solida,,1304,2587007,
5173,Gonohymenia iodopulchra,,1305,3567354,
5174,Lichinella hondoana,,1306,3477360,
5175,Lichinella japonica,,1306,3477366,
5176,Paulia japonica,,1307,5493865,
5177,Peccania coralloides,,1308,12045781,
5178,Phylliscum japonicum,,1309,3477261,
5179,Phylliscum microphyllum,,1309,3477249,
5180,Synalissa symphorea,,1310,7481517,
5181,Thyrea confusa,,1311,2586957,
5182,Thyrea hondana,,1311,3477057,
5183,Thyrea latissima,,1311,3477037,
5184,Lichtheimia corymbifera,,1312,2558326,
5185,Lichtheimia hyalospora,,1312,3386140,
5186,Lichtheimia ramosa,,1312,2558317,
5187,Rhizomucor miehei,,1313,2558889,
5188,Rhizomucor pusillus,,1313,2558898,
5189,Limnoperdon incarnatum,,1314,2550168,
5190,Aquimassariosphaeria typhicola,,1315,12208778,
5191,Lindgomyces breviappendiculatus,,1316,5893952,
5192,Lindgomyces ingoldianus,,1316,5893957,
5193,Lindgomyces okinawaensis,,1316,9656461,
5194,Lindgomyces pseudomadisonensis,,1316,9706111,
5195,Lindgomyces rotundatus,,1316,5893954,
5196,Lineolata rhizophorae,,1317,2626052,
5197,Babjevia hyphasca,,1318,12224606,
5198,Babjevia hyphoforaminiformans,,1318,12190332,
5199,Lipomyces amatsuensis,,1319,12199381,
5200,Lipomyces chibensis,,1319,12223481,
5201,Lipomyces chichibuensis,,1319,8207957,
5202,Lipomyces doorenjongii,,1319,3480529,
5203,Lipomyces haiminakanus,,1319,12260856,
5204,Lipomyces iriomotensis,,1319,12234216,
5205,Lipomyces japonicus,,1319,3480524,
5206,Lipomyces kamogawensis,,1319,12191484,
5207,Lipomyces kiyosumicus,,1319,12251450,
5208,Lipomyces komiensis,,1319,12182050,
5209,Lipomyces kononenkoae,,1319,3480528,
5210,Lipomyces lipofer,,1319,2599211,
5211,Lipomyces melibiosiraffinosiphilus,,1319,12254210,
5212,Lipomyces nakamensis,,1319,12236953,
5213,Lipomyces okinawensis,,1319,10831549,
5214,Lipomyces sakishimensis,,1319,12264948,
5215,Lipomyces spencermartinsiae,,1319,3480530,
5216,Lipomyces starkeyi,,1319,2599217,
5217,Lipomyces taketomicus,,1319,12215449,
5218,Lipomyces tetrasporus,,1319,3480521,
5219,Lipomyces yaeyamensis,,1319,12243527,
5220,Lipomyces yamadae,,1319,3480523,
5221,Lipomyces yamanashiensis,,1319,10766813,
5222,Lipomyces yarrowii,,1319,3480532,
5223,Myxozyma geophila,,1320,3480554,
5224,Myxozyma nipponensis,,1320,3480542,
5225,Dendriscosticta hookeri,,1321,12228363,
5226,Dendriscosticta insinuans,,1321,11452393,
5227,Dendriscosticta platyphylla,,1321,10787254,
5228,Dendriscosticta wrightii,,1321,9802109,
5229,Dendriscosticta yatabeana,,1321,11997549,
5230,Lobaria adscripta,,1322,7250366,
5231,Lobaria adscripturiens,,1322,7086426,
5232,Lobaria crassior,,1322,5477403,
5233,Lobaria dentata,,1322,8463360,
5234,Lobaria dentella,,1322,8669961,
5235,Lobaria discolor,,1322,7250235,
5236,Lobaria fuscotomentosa,,1322,6018211,
5237,Lobaria gyrophorica,,1322,5477356,
5238,Lobaria hallii,,1322,5260708,
5239,Lobaria isidiophora,,1322,5260709,
5240,Lobaria kazawaensis,,1322,5477368,
5241,Lobaria kurokawae,,1322,5477483,
5242,Lobaria linita,,1322,5260698,
5243,Lobaria meridionalis,,1322,7086386,
5244,Lobaria orientalis,,1322,3422020,
5245,Lobaria pseudopulmonaria,,1322,5477496,
5246,Lobaria pulmonaria,,1322,5260693,
5247,Lobaria retigera,,1322,10902897,
5248,Lobaria sachalinensis,,1322,7250401,
5249,Lobaria spathulata,,1322,5477412,
5250,Lobaria sublaevis,,1322,9424756,
5251,Lobaria subrretigera,,1322,5477458,
5252,Lobaria tuberculata,,1322,5477399,
5253,Lobaria yoshimurae,,1322,5477602,
5254,Lobarina scrobiculata,,1323,10116551,
5255,Pseudocyphellaria argyracea,,1324,3420789,
5256,Pseudocyphellaria aurata,,1324,2601468,
5257,Pseudocyphellaria bartlettii,,1324,2601471,
5258,Pseudocyphellaria carpoloma,,1324,8950594,
5259,Pseudocyphellaria crocata,,1324,2601424,
5260,Pseudocyphellaria mougeotiana,,1324,7250400,
5261,Pseudocyphellaria perpetua,,1324,2601505,
5262,Pseudocyphellaria semilanata,,1324,2601529,
5263,Ricasolia amplissima,,1325,6018203,
5264,Ricasolia japonica,,1325,10738546,
5265,Ricasolia quercizans,,1325,6337981,
5266,Ricasolia virens,,1325,10742260,
5267,Sticta damicornis,,1326,7250273,
5268,Sticta duplolimbata,,1326,5260675,
5269,Sticta filix,,1326,5260664,
5270,Sticta fuliginosa,,1326,8695592,
5271,Sticta gracilis,,1326,5477284,
5272,Sticta limbata,,1326,5260683,
5273,Sticta neocaledonica,,1326,5476864,
5274,Sticta sublimbata,,1326,5260676,
5275,Sticta tomentosa,,1326,7250329,
5276,Sticta weigelii,,1326,8026177,
5277,Yoshimuriella corrosa,,1327,8309993,
5278,Clydaea vesicula,,1328,3384459,
5279,Lobulomyces angularis,,1329,3283660,
5280,Crassiperidium octosporum,,1330,10728182,
5281,Crassiperidium quadrisporum,,1330,10895657,
5282,Pseudoxylomyces elegans,,1331,9649639,
5283,Lopadium disciforme,,1332,2607448,
5284,Lopadium hiroshii,,1332,3393910,
5285,Creosphaeria sassafras,ヒイロミコブタケ,1333,2577220,
5286,Lopadostoma massarae,,1334,3459803,
5287,Capulatispora sagittiformis,,1335,7956461,
5288,Crassiclypeus aquaticus,,1336,10837357,
5289,Lentistoma bipolare,,1337,11027109,
5290,Leptoparies palmarum,,1338,10715715,
5291,Lophionema vermisporum,,1339,2618788,
5292,Lophiopoacea winteri,,1340,7742474,
5293,Lophiostoma biappendiculatum,,1341,12024768,
5294,Lophiostoma compressum,,1341,2615738,
5295,Lophiostoma cornisporum,,1341,11399987,
5296,Lophiostoma corticola,,1341,2615708,
5297,Lophiostoma japonicum,,1341,11402248,
5298,Lophiostoma macrostomum,,1341,2615794,
5299,Lophiostoma multiseptatum,,1341,7794942,
5300,Lophiostoma nucula,,1341,2615684,
5301,Lophiostoma obtusisporum,,1341,11403029,
5302,Lophiostoma semiliberum,,1341,2615730,
5303,Lophiostoma tropicum,,1341,11395250,
5304,Lophiostoma vagabundum,,1341,2615688,
5305,Lophiotrema curreyi,,1342,2615659,
5306,Lophiotrema eburneoides,,1342,10754037,
5307,Lophiotrema fallopiae,,1342,9664974,
5308,Lophiotrema neoarundinaria,,1342,5953959,
5309,Lophiotrema neoarundinariae,,1342,12206458,
5310,Lophiotrema rubi,,1342,8371389,
5311,Muroia nipponica,,1343,2615647,
5312,Neovaginatispora fuckelii,,1344,10976117,
5313,Parapaucispora pseudoarmatispora,,1345,9881566,
5314,Paucispora quadrispora,,1346,8223416,
5315,Paucispora versicolor,,1346,8107374,
5316,Platystomum actinidiae,,1347,7957261,
5317,Pseudolophiostoma vitigenum,,1348,7884867,
5318,Pseudopaucispora brunneospora,,1349,10728829,
5319,Quintaria lignatilis,,1350,3541909,
5320,Sigarispora arundinis,,1351,8374445,
5321,Sigarispora caudata,,1351,8183749,
5322,Sigarispora caulium,,1351,7635486,
5323,Atrocalyx acutisporus,,1352,9693535,
5324,Crassimassarina macrospora,,1353,9662887,
5325,Cryptoclypeus oxysporus,,1354,9744312,
5326,Cryptoclypeus ryukyuensis,,1354,9676613,
5327,Galeaticarpa aomoriensis,,1355,9790861,
5328,Pseudocryptoclypeus yakushimensis,,1356,9707541,
5329,Kohlmeyeriella crassa,,1357,3457688,
5330,Kohlmeyeriella tubulata,,1357,2565879,
5331,Lindra obtusa,,1358,5486593,
5332,Lindra thalassiae,,1358,5252597,
5333,Lulwoana uniseptata,,1359,2565841,
5334,Lulwoidea lignoarenaria,,1360,2565882,
5335,Apioperdon pyriforme,,1361,10852503,
5336,Bovista aestivalis,タマネギチャブクロタケ,1362,2535220,
5337,Bovista delicata,,1362,3333386,
5338,Bovista flaccida,,1362,3333309,
5339,Bovista limosa,,1362,2535218,
5340,Bovista longispora,,1362,3333390,
5341,Bovista longissima,,1362,3333289,
5342,Bovista ochrotricha,スゴモリダンゴタケ,1362,3333375,
5343,Bovista plumbea,シバフダンゴタケ,1362,2535193,
5344,Bovista polymorpha,,1362,2535209,
5345,Bovista pusilla,,1362,2535211,
5346,Bovista yasudae,,1362,3333314,
5347,Bovistella japonica,,1363,5454092,
5348,Bovistella radicata,ダンゴタケ,1363,5243272,
5349,Bovistella utriformis,,1363,10828425,
5350,Bryoperdon acuminatum,,1364,10841791,
5351,Calvatia boninensis,オオノウタケ,1365,3339848,
5352,Calvatia candida,,1365,6014839,
5353,Calvatia craniiformis,ノウタケ,1365,7242423,
5354,Calvatia cyathiformis,スミレホコリタケ,1365,2536054,
5355,Calvatia gardneri,,1365,2536063,
5356,Calvatia lilacina,,1365,2536067,
5357,Calvatia nipponica,オニフスベ,1365,7733575,
5358,Calvatia rugosa,イロガワリホコリタケ,1365,3339846,
5359,Calvatia turneri,,1365,3339850,
5360,Langermannia fenzlii,,1366,3339994,
5361,Lycoperdon asperum,コツブホコリタケ,45,5453419,
5362,Lycoperdon atropurpureum,,45,5243215,
5363,Lycoperdon bispinosum,フタトゲホコリタケ,45,5453600,
5364,Lycoperdon candidum,,45,5243223,
5365,Lycoperdon caudatum,アラゲホコリタケモドキ,45,5243203,
5366,Lycoperdon compactum,ヤケアトホコリタケ,45,5243206,
5367,Lycoperdon curtisii,,45,5243276,
5368,Lycoperdon dermoxanthum,,45,5243267,
5369,Lycoperdon desmazieri,,45,5453713,
5370,Lycoperdon echinatum,アラゲホコリタケ,45,5243255,
5371,Lycoperdon ericaeum,,45,5243278,
5372,Lycoperdon excipuliforme,,45,5243279,
5373,Lycoperdon fasciculatum,,45,5453756,
5374,Lycoperdon fuligineum,,45,5243273,
5375,Lycoperdon henningsii,コメツブホコリタケ,45,5453449,
5376,Lycoperdon hiemale,,45,10694912,
5377,Lycoperdon lewisii,,45,5453522,
5378,Lycoperdon lividum,キホコリタケ,45,5243225,
5379,Lycoperdon mammiforme,オキナホコリタケ,45,5243221,
5380,Lycoperdon miyabei,ミヤベホコリタケ,45,5453443,
5381,Lycoperdon molle,コゲホコリタケ,45,5243240,
5382,Lycoperdon nigrescens,クロホコリタケ,45,8393921,
5384,Lycoperdon niveum,,45,5453654,
5385,Lycoperdon perlatum,キツネノチャブクロ,45,5243258,
5386,Lycoperdon polymorphum,,45,5242966,
5387,Lycoperdon pratense,ヒメホコリタケ,45,5243244,
5388,Lycoperdon purpuraceum,,45,5453806,
5390,Lycoperdon rimulatum,クロチャホコリタケ,45,5453829,
5391,Lycoperdon shimousanum,シモウサアシブトホコリタケ,45,5453733,
5392,Lycoperdon spadiceum,,45,5243228,
5393,Lycoperdon subincarnatum,,45,5243265,
5394,Lycoperdon subvelatum,,45,5453511,
5395,Lycoperdon umbrinoides,ネッタイツブホコリタケ,45,5453702,
5396,Lycoperdon umbrinum,ツブホコリタケ,45,5243243,
5397,Lycoperdon yasudae,トゲホコリタケ,45,5453378,
5398,Morganella puiggarii,,1367,5242934,
5399,Asterophora lycoperdoides,ヤグラタケ,1368,9210867,
5400,Asterophora parasitica,ナガエノヤグラタケ,1368,5241594,
5401,Calocybe gambosa,ユキワリ,1369,8936224,
5402,Calocybe gangraenosa,,1369,7526121,
5403,Calocybe graveolens,,1369,8835060,
5404,Calocybe ionides,ヒメムラサキシメジ,1369,8973629,
5405,Calocybe musashiensis,,1369,7517664,
5406,Gerhardtia foliicola,,1370,11836325,
5407,Hypsizygus marmoreus,ブナシメジ,1371,2530653,
5408,Hypsizygus tessulatus,,1371,9015458,
5409,Hypsizygus ulmarius,シロタモギタケ,1371,9113338,
5410,Lyophyllum decastes,ハタケシメジ,1372,9173236,
5411,Lyophyllum nigrescens,,1372,3347272,
5412,Lyophyllum semitale,スミゾメシメジ,1372,7390219,
5413,Lyophyllum shimeji,ホンシメジ,1372,2530742,
5414,Lyophyllum sykosporum,カクミノシメジ,1372,3347259,
5415,Lyophyllum transforme,,1372,8522042,
5416,Ossicaulis lignatilis,ヒメシロタモギタケ,1373,2530577,
5417,Sagaranella gibberosa,,1374,7409660,
5418,Sagaranella tylicolor,,1374,7365474,
5419,Tephrocybe ambusta,,1375,2530808,
5420,Tephrocybe anthracophila,ヤケノシメジ,1375,2530763,
5421,Termitomyces clypeatus,トガリアリヅカタケ,1376,2530598,
5422,Termitomyces eurrhizus,オオシロアリタケ,1376,8263562,
5423,Termitomyces intermedius,,1376,9772186,
5424,Termitomyces microcarpus,,1376,2530625,
5425,Macrocystidia cucumis,クリイロムクエタケ,1377,9107939,
5426,Buergenerula typhae,,1378,2569185,
5427,Clasterosporium eriobotryae,,1379,6123905,
5428,Clasterosporium flagellatum,,1379,2569240,
5429,Clasterosporium mori,,1379,3456900,
5430,Gaeumannomyces graminis,,1380,3456755,
5431,Mycoleptodiscus terrestris,,1381,2569300,
5432,Nakataea oryzae,,1382,7974617,
5433,Utrechtiana arundinacea,,1383,10770724,
5434,Malassezia dermatis,,1384,2518100,
5435,Malassezia furfur,,1384,2518103,
5436,Malassezia globosa,,1384,2518102,
5437,Malassezia japonica,,1384,2518092,
5438,Malassezia nana,,1384,2518099,
5439,Malassezia pachydermatis,,1384,2518094,
5440,Malassezia restricta,,1384,2518093,
5441,Malassezia sympodialis,,1384,2518098,
5442,Malassezia yamatoensis,,1384,3370673,
5443,Malmidea granifera,,1385,6755214,
5444,Amyloflagellula pulchra,,1386,2538161,
5445,Baeospora myosura,ニセマツカサシメジ,1387,2537958,
5446,Baeospora myriadophylla,フジイロアマタケ,1387,2537965,
5447,Calyptella campanula,,1388,2537382,
5448,Calyptella capula,エツキヒメサカズキタケ,1388,2537371,
5449,Campanella junghuhnii,アミヒダタケ,1389,5243785,
5450,Chaetocalathus fragilis,ヒダフウリンタケ,1390,3321469,
5451,Chaetocalathus galeatus,,1390,3321463,
5452,Clitocybula esculenta,オドタケ,1391,3320428,
5453,Crinipellis corvina,クロニセホウライタケ,1392,3321373,
5454,Crinipellis nigricaulis,クロカミオチバタケ,1392,7243818,
5455,Crinipellis rhizomorphica,ミドリニセホウライタケ,1392,7390958,
5456,Crinipellis scabella,カヤネダケ,1392,2538113,
5457,Gerronema albidum,,1393,2538211,
5458,Gerronema atrialbum,,1393,10853840,
5459,Gerronema nemorale,オリーブサカズキタケ,1393,3320170,
5460,Gerronema xanthophyllum,,1393,3347090,
5461,Glabrocyphella epileucina,,1394,2538041,
5462,Henningsomyces candidus,パイプタケ,1395,5243660,
5463,Lactocollybia cycadicola,ウスキカレエダタケ,1396,2537924,
5464,Marasmius alopecuis,,1397,3322160,
5465,Marasmius aurantiobasalis,,1397,2537230,
5466,Marasmius aurantioferrugineus,カバイロオオホウライタケ,1397,3323042,
5467,Marasmius brunneoaurantiacus,,1397,3322733,
5468,Marasmius brunneospermus,アミガサホウライタケ,1397,3322243,
5469,Marasmius capillaris,,1397,3321761,
5470,Marasmius capitatus,スギノオチバタケ,1397,3321938,
5471,Marasmius cohaerens,ミヤマオチバタケ,1397,8988651,
5472,Marasmius crinis-equi,,1397,2537268,
5473,Marasmius cryptomeriae,スギノヒメホウライタケ,1397,3321523,
5474,Marasmius curreyi,,1397,2537201,
5475,Marasmius echinulatus,,1397,3322963,
5476,Marasmius epiphyllus,,1397,2537306,
5477,Marasmius fulvoferrugineus,,1397,3321503,
5478,Marasmius glabellus,シワオチバタケ,1397,7243839,
5479,Marasmius graminum,ヒメホウライタケ,1397,2537202,
5480,Marasmius gregarius,,1397,3321958,
5481,Marasmius hemileucus,,1397,8668302,
5482,Marasmius insignis,オオカミノケタケ,1397,3321899,
5483,Marasmius leveilleanus,シワホウライタケ,1397,7243914,
5484,Marasmius luteolus,,1397,3322104,
5485,Marasmius maculosus,マダラホウライタケ,1397,3322892,
5486,Marasmius maximus,オオホウライタケ,1397,3322584,
5487,Marasmius nivicola,ユキホウライタケ,1397,3321696,
5488,Marasmius nocturnus,クロチャオチバタケ,1397,3321832,
5489,Marasmius occultatiformis,,1397,8182296,
5490,Marasmius occultatus,ヒカゲオチエダタケ,1397,3321821,
5491,Marasmius opulentus,カエンオチバタケ,1397,3321948,
5492,Marasmius oreades,シバフタケ,1397,2537250,
5493,Marasmius pulcherripes,ハナオチバタケ,1397,3322053,
5494,Marasmius purpureostriatus,スジオチバタケ,1397,3322912,
5495,Marasmius rotalis,,1397,7243775,
5496,Marasmius rotula,シロヒメホウライタケ,1397,8908488,
5497,Marasmius sarmentosus,ヤマウバノカミノケ,1397,3322422,
5498,Marasmius sasicola,ササノホウライタケ,1397,3322190,
5499,Marasmius shideiae,オノエホウライタケ,1397,3322567,
5500,Marasmius siccus,ハリガネオチバタケ,1397,3322936,
5501,Marasmius tenuissimus,,1397,3322454,
5502,Marasmius wisteriae,,1397,8196720,
5503,Moniliophthora canescens,,1398,8307394,
5504,Pleurocybella porrigens,スギヒラタケ,1399,2538000,
5505,Rectipilus fasciculatus,シロヒメツツタケ,1400,2537792,
5506,Tetrapyrgos nigripes,アシグロホウライタケ,1401,2537483,
5507,Trogia holochlora,,1402,2537894,
5508,Cyclaneusma niveum,,1403,2577773,
5509,Marthamyces culmigenus,,1404,10694197,
5510,Propolis farinosa,クチキマダラチャワンタケ,1405,2579078,
5511,Leptochidium albociliatum,,1406,2601055,
5512,Massalongia carnosa,,1407,7594645,
5513,Polychidium muscicola,,1408,2601063,
5514,Decaisnella mesascium,,1409,5490275,
5515,Massaria japonica,,1410,7803624,
5516,Massaria moricola,,1410,7849291,
5517,Exosporium mexicanum,,1411,3388065,
5518,Exosporium miyakei,,1411,7761458,
5519,Helminthosporium asterinum,,1412,2618162,
5520,Helminthosporium dactylidis,,1412,3535614,
5521,Helminthosporium dalbergiae,,1412,3535601,
5522,Helminthosporium desmodii,,1412,3535291,
5523,Helminthosporium magnisporum,,1412,3415923,
5524,Helminthosporium massarinum,,1412,9751348,
5525,Helminthosporium palmigenum,,1412,2618161,
5526,Helminthosporium solani,,1412,2618168,
5527,Helminthosporium velutinum,,1412,2618151,
5528,Massarina constricta,,1413,3535028,
5529,Massarina japonica,,1413,3535141,
5530,Massarina leucosarca,,1413,3535138,
5531,Massarina peerallyi,,1413,3535082,
5532,Massarina submediana,,1413,3535061,
5533,Massarina uniserialis,,1413,3535120,
5534,Massarinula gloeospora,,1414,3566328,
5535,Pseudosplanchnonema phorcioides,,1415,9685118,
5536,Vaginatispora amygdali,,1416,10694445,
5537,Vaginatispora scabrispora,,1416,10702812,
5538,Bombyliospora japonica,,1417,8440528,
5539,Megaloblastenia marginiflexa,,1418,3433892,
5540,Megalospora atrorubricans,,1419,11098397,
5541,Megalospora nipponensis,,1419,5479035,
5542,Megalospora sulphurata,,1419,2618911,
5543,Megalospora tuberculosa,,1419,8079472,
5544,Aspicilia cinerea,,1420,8067777,
5545,Lobothallia alphoplaca,,1421,3413650,
5546,Lobothallia radiosa,,1421,3412864,
5547,Melampsora abietis-populi,,1422,3373864,
5548,Melampsora arctica,,1422,2514037,
5549,Melampsora caprearum,,1422,2514041,
5550,Melampsora chelidonii-pierotii,,1422,3373741,
5551,Melampsora coleosporioides,,1422,2514013,
5552,Melampsora epiphylla,,1422,3373759,
5553,Melampsora epitea,,1422,7976978,
5554,Melampsora euphorbiae,,1422,8193400,
5555,Melampsora humilis,,1422,3373879,
5556,Melampsora hypericorum,,1422,2513996,
5558,Melampsora kiusiana,,1422,3373735,
5559,Melampsora kupreviczii,,1422,3373798,
5560,Melampsora kusanoi,,1422,2514039,
5561,Melampsora larici-epitea,,1422,3373842,
5562,Melampsora larici-populina,,1422,5897564,
5563,Melampsora laricis-pentandrae,,1422,2514067,
5564,Melampsora laricis-populina,,1422,2514062,
5565,Melampsora laricis-urbanianae,,1422,12259857,
5566,Melampsora lini,,1422,8425316,
5567,Melampsora magnusiana,,1422,2514066,
5568,Melampsora microsora,,1422,3373810,
5569,Melampsora microspora,,1422,3373814,
5571,Melampsora populnea,,1422,9812051,
5572,Melampsora ribesii-purpureae,,1422,3373838,
5573,Melampsora salicis-warburgii,,1422,3373820,
5574,Melampsora yezoensis,,1422,3373775,
5575,Melampsora yoshinagae,,1422,7384631,
5576,Melampsora yoshinagai,,1422,3373871,
5577,Dicarpella dryina,,1423,5253510,
5578,Dicarpella rubicola,,1423,5481746,
5579,Macrodiaporthe occulta,,1424,2567628,
5580,Melanconis groenlandica,,1425,9759302,
5581,Melanconis itoana,,1425,3445673,
5582,Melanconis juglandis,,1425,2568590,
5583,Melanconis marginalis,,1425,2568534,
5584,Melanconis stilbostoma,,1425,2568573,
5585,Melanconium bicolor,,1426,2568489,
5586,Melanconium gourdiforme,,1426,3445840,
5587,Melanconium hysterioides,,1426,3445859,
5588,Melanconium shiraianum,,1426,9239265,
5589,Pseudovalsella modonia,,1427,2568530,
5590,Pseudovalsella tetraspora,,1427,3445535,
5591,Pseudovalsella thelebola,,1427,2568625,
5592,Stegonsporium mori,,1428,3536065,
5593,Paraphomopsis obscurans,,1429,12181506,
5594,Alpinaria rhododendri,,1430,9654826,
5595,Beverwykella pulmonaria,,1431,2588562,
5596,Byssosphaeria schiedermayeriana,,1432,2619773,
5597,Camposporium laundonii,,1433,2589289,
5598,Caryosporella rhizophorae,,1434,2619608,
5599,Herpotrichia macrotricha,,1435,2615342,
5600,Herpotrichia nigrotuberculata,,1435,3542968,
5601,Herpotrichia pinetorum,,1435,2615362,
5602,Herpotrichia rhodosticta,,1435,2615348,
5603,Javaria shimekii,,1436,2619662,
5604,Melanomma glumarum,,1437,5513950,
5605,Melanomma japonicum,,1437,10390774,
5606,Melanomma oryzae,,1437,5514121,
5607,Melanomma pulvis-pyrius,,1437,9025616,
5608,Phragmocephala elliptica,,1438,2588487,
5609,Pleotrichocladium opacum,,1439,9815262,
5610,Pseudotrichia mutabilis,,1440,8928769,
5611,Sarimanas pseudofluviatile,,1441,7881891,
5612,Sarimanas shirakamiense,,1441,8128486,
5613,Seifertia azaleae,,1442,2598552,
5614,Sporidesmiella hyalosperma,,1443,3537055,
5615,Melanotaenium adoxae,,1444,3369052,
5616,Melanotaenium endogenum,,1444,2557802,
5617,Melanotaenium tochinaianum,,1444,3369057,
5618,Melaspilea gemella,,1445,3549800,
5619,Amazonia butleri,,1446,3523606,
5620,Appendiculella calostroma,,1447,2610981,
5621,Asteridiella aucubae,,1448,3523138,
5622,Haraea barbata,,1449,3523698,
5623,Haraea japonica,,1449,3523699,
5624,Meliola amphitricha,,1450,7255523,
5625,Meliola ardisiae,,1450,3521615,
5626,Meliola australis,,1450,3521226,
5627,Meliola bambusae,,1450,7255502,
5628,Meliola bambusicola,,1450,3520666,
5629,Meliola boninensis,,1450,3522021,
5630,Meliola camelliae,,1450,2611085,
5631,Meliola clerodendricola,,1450,2611068,
5632,Meliola dichotoma,,1450,7255643,
5633,Meliola kusanoi,,1450,2611090,
5634,Meliola osmanthi,,1450,2611073,
5635,Meliola rubicola,,1450,3521129,
5636,Meliola sakawensis,,1450,7255516,
5637,Meliola scolopiae,,1450,2611143,
5638,Meliola toddaliae,,1450,3521467,
5639,Meliolina quinqueseptata,,1451,3513667,
5640,Meliolina ryukyuensis,,1451,3513682,
5641,Endothia fluens,,617,2566425,
5642,Melogramma campylosporum,,1452,2565924,
5643,Meripilus giganteus,トンビマイタケ,1453,2540761,
5644,Rigidoporus cinereus,,1454,2540915,
5645,Rigidoporus crocatus,ニクイロアナタケモドキ,1454,2541032,
5646,Rigidoporus eminens,,1454,2541119,
5647,Rigidoporus furcatus,,1454,2541093,
5648,Rigidoporus lineatus,スルメタケ,1454,2540878,
5649,Rigidoporus microporus,ネッタイスルメタケ,1454,8667671,
5650,Rigidoporus pouzarii,,1454,7611950,
5651,Rigidoporus sanguinolentus,,1454,2541046,
5652,Rigidoporus ulmarius,オオシロサルノコシカケ,1454,2540997,
5653,Rigidoporus undatus,,1454,9198571,
5654,Rigidoporus vinctus,クロニクイロアナタケ,1454,2540917,
5655,Aegerita torulosa,,1455,2544902,
5656,Aurantiporus transformatus,,1456,2548965,
5657,Bulbillomyces farinosus,,1457,2544313,
5658,Ceriporiopsis aurantitingens,,1458,3362728,
5659,Ceriporiopsis mucida,,1458,9141667,
5660,Ceriporiopsis subvermispora,,1458,2541767,
5661,Climacodon javanicus,,1459,12202286,
5662,Climacodon pulcherrimus,アセハリタケ,1459,2541805,
5663,Climacodon septentrionalis,エゾハリタケ,1459,2541815,
5664,Crustodontia chrysocreas,,1460,2550226,
5665,Donkia pulcherrima,,1461,10831999,
5666,Hermanssonia centrifuga,,1462,10798844,
5667,Hydnophanerochaete odontoidea,,1463,9838011,
5668,Hydnophlebia alachuana,,1464,11637647,
5669,Hydnophlebia chrysorhiza,,1464,2543528,
5670,Hypochnicium albostramineum,,1465,2543578,
5671,Hypochnicium bombycinum,,1465,2543566,
5672,Hypochnicium cremicolor,,1465,2543561,
5673,Hypochnicium erikssonii,,1465,2543539,
5674,Hypochnicium geogenium,,1465,2543596,
5675,Hypochnicium longicystidiosum,,1465,2543549,
5676,Hypochnicium punctulatum,,1465,2543534,
5677,Hypochnicium subrigescens,,1465,2543565,
5678,Irpiciporus pachyodon,,1466,2543635,
5679,Mycoacia chrysella,キコハリタケ,1467,3361932,
5680,Mycoacia fuscoatra,,1467,2544428,
5681,Mycoacia gilvescens,,1467,10805530,
5682,Mycoacia livida,,1467,10716448,
5683,Mycoleptodonoides aitchisonii,ブナハリタケ,1468,2545232,
5684,Mycoleptodonoides pergamenea,,1468,2545241,
5685,Pappia fissilis,,1469,10847738,
5686,Phlebia acerina,ミダレシワタケ,1470,2545004,
5687,Phlebia brevispora,,1470,2545019,
5688,Phlebia coccineofulva,シュカワタケ,1470,2544957,
5689,Phlebia pallida,アメイロオクバタケ,1470,2519134,
5690,Phlebia radiata,コガネシワウロコタケ,1470,2545089,
5691,Phlebia rufa,チャシワウロコタケ,1470,2545043,
5692,Phlebia subserialis,ネリイロカワタケ,1470,2545085,
5693,Phlebia tremellosa,シワタケ,1470,2544300,
5694,Phlebia wrightii,,1470,9699589,
5695,Physisporinus vitreus,,1471,2541148,
5696,Sarcodontia spumea,,1472,2543606,
5697,Scopuloides hydnoides,,1473,5245893,
5698,Scopuloides rimosa,ツブニカワカワタケ,1473,5245889,
5699,Spongipellis profissilis,,1474,12193417,
5700,Metacapnodium neesii,,1475,12212923,
5701,Protoventuria arxii,,1476,2617565,
5702,Clavispora fructus,,1477,10747131,
5703,Clavispora lusitaniae,,1477,2599011,
5704,Metschnikowia bicuspidata,,1478,5260297,
5705,Metschnikowia kofuensis,,1478,11505300,
5706,Metschnikowia koreensis,,1478,5494246,
5707,Metschnikowia miensis,,1478,10829333,
5708,Metschnikowia pulcherrima,,1478,5260301,
5709,Metschnikowia reukaufii,,1478,5494271,
5710,Metschnikowia viticola,,1478,5494270,
5711,Acaulium retardatum,,1479,12080218,
5712,Canariomyces microsporus,,1480,10753965,
5713,Cephalotrichum heliciforme,,1481,8415159,
5714,Cephalotrichum microsporum,,1481,5252482,
5715,Cephalotrichum purpureofuscum,,1481,5252472,
5716,Cephalotrichum stemonitis,,1481,2626078,
5717,Cephalotrichum verrucisporum,,1481,7364892,
5718,Gamsia aggregata,,1482,2589874,
5719,Gamsia simplex,,1482,2589870,
5720,Graphium rigidum,,1483,5252434,
5721,Lophotrichus martinii,,1484,2565071,
5722,Microascus albonigrescens,,1485,5252454,
5723,Microascus gracilis,,1485,8138813,
5724,Microascus longirostris,,1485,5252460,
5725,Microascus manginii,,1485,5252451,
5726,Microascus singularis,,1485,5252450,
5727,Microascus trigonosporus,,1485,5252464,
5728,Parascedosporium putredinis,,1486,7739606,
5729,Petriella setifera,,1487,5252391,
5730,Pseudallescheria apiosperma,,1488,7461317,
5731,Pseudallescheria boydii,,1488,2564942,
5732,Scedosporium prolificans,,1489,2564914,
5733,Scopulariopsis brevicaulis,,1490,8456432,
5734,Scopulariopsis brumptii,,1490,2564999,
5735,Scopulariopsis canadensis,,1490,2565011,
5736,Scopulariopsis flava,,1490,2564997,
5737,Scopulariopsis halophilica,,1490,2564983,
5738,Scopulariopsis roseola,,1490,3448297,
5739,Wardomycopsis humicola,,1491,2565172,
5740,Kalmanago commelinae,,1492,12186888,
5741,Microbotryum anomalum,,1493,2556218,
5742,Microbotryum kuehneanum,,1493,2556110,
5743,Microbotryum nepalense,,1493,2556311,
5744,Microbotryum reticulatum,,1493,2556357,
5745,Microbotryum stygium,,1493,2556176,
5746,Microbotryum superbum,,1493,7389706,
5747,Microbotryum violaceum,,1493,2556337,
5748,Sphacelotheca arundinellae-hirtae,,1494,3384364,
5749,Sphacelotheca hydropiperis,,1494,2556020,
5750,Sphacelotheca polygoni-senticosi,,1494,3384305,
5751,Sphacelotheca rottboelliae,,1494,2556012,
5752,Microcalicium arenarium,,1495,2608799,
5753,Idriella lunata,,1496,2581672,
5754,Idriella rara,,1496,3487526,
5755,Dictyothyrina cauliperda,,1497,3513052,
5756,Micropeltella sasae,,1498,3562428,
5757,Stigmatodothis fici-nipponicae,,1499,3513058,
5758,Stigmatodothis sasae,,1499,3513057,
5759,Stomiopeltis betulae,,1500,2625072,
5760,Stomiopeltis citri,,1500,7253036,
5761,Microstroma album,,1501,2513175,
5762,Sympodiomycopsis paphiopedili,,1502,2513187,
5763,Antidactylaria ampulliformis,,1503,12173837,
5764,Asterinella hiugensis,ヒュウガハンチクキン,1504,3525020,
5765,Hidakaea tumidula,,1505,2613253,
5766,Isthmospora spinosa,,1506,3524756,
5767,Phragmothyrium semiarundinariae,,1507,3287140,
5768,Trichothyriella quercigena,,1508,2613248,
5769,Blastospora betulae,,1509,3374321,
5770,Blastospora itoana,,1509,3374319,
5771,Blastospora smilacis,,1509,3374323,
5772,Milesina asplenii-incisi,,1510,3374304,
5773,Milesina blechnicola,,1510,3374306,
5774,Milesina carpatica,,1510,3374286,
5775,Milesina carpatorum,,1510,2516882,
5776,Milesina chikugoensis,,1510,3374307,
5777,Milesina coniogrammes,,1510,3374281,
5778,Milesina cryptogrammes,,1510,3374269,
5779,Milesina dieteliana,,1510,2516891,
5780,Milesina diplazii,,1510,3374297,
5781,Milesina dryopteridis,,1510,3374305,
5782,Milesina erythrosora,,1510,3374288,
5783,Milesina exigua,,1510,3374316,
5784,Milesina faulliana,,1510,3374317,
5785,Milesina itoana,,1510,3374266,
5786,Milesina jezoensis,,1510,3374284,
5787,Milesina kameiana,,1510,3374300,
5788,Milesina microspora,,1510,3374275,
5789,Milesina miikensis,,1510,3374285,
5790,Milesina miyabei,,1510,3374267,
5791,Milesina niitakensis,,1510,3374273,
5792,Milesina odontosoriae,,1510,3374272,
5793,Milesina pteridicola,,1510,3374291,
5794,Milesina scolopendrii,,1510,8485344,
5795,Milesina sublevis,,1510,3374270,
5796,Milesina tobinagae,,1510,7464178,
5797,Milesina vogesiaca,,1510,2516858,
5798,Minutisphaera japonica,,1511,7389754,
5799,Mixia osmundae,,1512,2518034,
5800,Mniaecia jungermanniae,,1513,2581779,
5801,Mollisia albidomaculans,,1514,3490792,
5802,Mollisia albogrisea,,1514,7472405,
5803,Mollisia amenticola,,1514,2585070,
5804,Mollisia cinerea,ハイイロクズチャワンタケ,1514,3490580,
5805,Mollisia juncina,,1514,2585039,
5806,Mollisia melaleuca,,1514,12176512,
5807,Mollisia nigrescens,,1514,2585012,
5808,Mollisia nodosa,,1514,12250217,
5809,Mollisia oblonga,,1514,12143771,
5810,Mollisia panicicola,,1514,11589538,
5811,Mollisia polygoni,,1514,2583759,
5812,Mollisia protrusa,,1514,12172475,
5813,Mollisia rosae,,1514,2584490,
5814,Mollisia scopiformis,,1514,11944774,
5815,Mollisia velenovskyi,,1514,3490710,
5816,Mollisia ventosa,,1514,2585032,
5817,Phialocephala biguttulata,,1515,12178750,
5818,Phialocephala fortinii,,1515,3484868,
5819,Phialocephala mallochii,,1515,9762759,
5820,Phialocephala virens,,1515,2581326,
5821,Tapesia cinerella,,1516,5256904,
5822,Tapesia culcitella,,1516,5495462,
5823,Tapesia fusca,,1516,8913644,
5824,Tapesia subiculata,,1516,5495530,
5825,Trichobelonium kneiffii,,1517,2580660,
5826,Basipetospora chlamydospora,,1518,2597078,
5827,Monascus lunisporas,,1519,5490526,
5828,Monascus pilosus,,1519,5259756,
5829,Monascus purpureus,ベニコウジ,1519,5259748,
5830,Monascus ruber,,1519,5259746,
5831,Xeromyces bisporus,,1520,2597080,
5832,Moniliella madida,,1521,5955529,
5833,Moniliella megachiliensis,,1521,5955526,
5834,Anisomeridium biforme,,1522,2598821,
5835,Anisomeridium platypodum,,1522,3466881,
5836,Anisomeridium polypori,,1522,3466883,
5837,Anisomeridium subnexum,,1522,3466847,
5838,Trypetheliopsis boninensis,,1523,3466938,
5839,Disciotis venosa,カニタケ,1524,9032566,
5840,Imaia gigantea,,1525,5893679,
5841,Leucangium microspermum,,1526,11765071,
5842,Morchella angusticeps,,1527,2594624,
5843,Morchella costata,ヒロメノトガリアミガサタケ,1527,2594630,
5844,Morchella crassipes,アシブトアミガサタケ,1527,2594612,
5845,Morchella deliciosa,アシボソアミガサタケ,1527,2594620,
5846,Morchella elata,オオトガリアミガサタケ,1527,2594626,
5847,Morchella esculenta,アミガサタケ,1527,2594602,
5848,Morchella importuna,,1527,8426492,
5849,Morchella miyabeana,コンボウアミガサタケ,1527,3495708,
5850,Morchella nipponensis,,1527,12182857,
5851,Morchella semilibera,,1527,2594649,
5852,Morchella smithiana,オオアミガサタケ,1527,2594619,
5853,Verpa bohemica,オオズキンカブリ,1528,5259057,
5854,Verpa conica,ズキンカブリ,1528,5499531,
5855,Verpa digitaliformis,アカエノズキンカブリ,1528,5259070,
5856,Aquihelicascus thalassioideus,,1529,12221293,
5857,Clypeoloculus akitaensis,,1530,9718754,
5858,Clypeoloculus hirosakiensis,,1530,9770132,
5859,Clypeoloculus microsporus,,1530,9651990,
5860,Clypeoloculus towadaensis,,1530,9784596,
5861,Morosphaeria ramunculicola,,1531,5893885,
5862,Morosphaeria velatispora,,1531,7764380,
5863,Neohelicascus aquaticus,,1532,12238560,
5864,Neohelicascus elaterascus,,1532,12199691,
5865,Actinomortierella ambigua,,1533,12234911,
5866,Actinomortierella capitata,,1533,12189460,
5867,Actinomortierella wolfii,,1533,12253504,
5868,Dissophora globulifera,,1534,12055172,
5869,Entomortierella chlamydospora,,1535,12186835,
5870,Entomortierella echinosphaera,,1535,11998231,
5871,Entomortierella lignicola,,1535,12056997,
5872,Entomortierella parvispora,,1535,12028347,
5873,Gryganskiella cystojenkinii,,1536,12014163,
5874,Linnemannia amoeboidea,,1537,12038253,
5875,Linnemannia biramosa,,1537,12172682,
5876,Linnemannia cogitans,,1537,12179241,
5877,Linnemannia elongata,,1537,12168313,
5878,Linnemannia exigua,,1537,12160702,
5879,Linnemannia fatshederae,,1537,12263667,
5880,Linnemannia hyalina,,1537,11972631,
5881,Linnemannia nantahalensis,,1537,12107878,
5882,Linnemannia sclerotiella,,1537,12100433,
5883,Linnemannia zychae,,1537,11934508,
5884,Lunasporangiospora chienii,,1538,12081424,
5885,Lunasporangiospora selenospora,,1538,12124870,
5886,Modicella malleola,,1539,5250735,
5887,Modicella reniformis,,1539,5250736,
5888,Mortierella alliacea,,1540,2559416,
5889,Mortierella alpina,,1540,2559327,
5890,Mortierella echinula,,1540,2559317,
5891,Mortierella gemmifera,,1540,2559325,
5892,Mortierella globalpina,,1540,2559414,
5893,Mortierella humilis,,1540,8139416,
5894,Mortierella hypsicladia,,1540,2559312,
5895,Mortierella macrocystis,,1540,2559299,
5896,Mortierella macrocystopsis,,1540,2559366,
5897,Mortierella microzygospora,,1540,2559324,
5898,Mortierella mundensis,,1540,3385695,
5899,Mortierella mutabilis,,1540,2559364,
5900,Mortierella pseudozygospora,,1540,2559297,
5901,Mortierella pulchella,,1540,2559410,
5902,Mortierella rishikesha,,1540,2559369,
5903,Mortierella sarnyensis,,1540,2559351,
5904,Mortierella simplex,,1540,2559388,
5905,Mortierella tsukubaensis,,1540,2559383,
5906,Mortierella zonata,,1540,2559387,
5907,Podila clonocystis,,1541,12247177,
5908,Podila epicladia,,1541,11954641,
5909,Podila epigama,,1541,12152021,
5910,Podila horticola,,1541,11978062,
5911,Podila minutissima,,1541,12135386,
5912,Itersonilia perplexans,,1542,2518117,
5913,Krasilnikovozyma huempii,,1543,9802177,
5914,Mrakia aquatica,,1544,9682804,
5915,Mrakia cryoconiti,,1544,9675600,
5916,Mrakia frigida,,1544,2518133,
5917,Mrakia robertii,,1544,5899342,
5918,Phaffia rhodozyma,,1545,2518137,
5919,Tausonia pullulans,,1546,9802246,
5920,Udeniomyces megalosporus,,1547,2518168,
5921,Udeniomyces puniceus,,1547,2518171,
5922,Udeniomyces pyricola,,1547,5899333,
5923,Xanthophyllomyces dendrorhous,,1548,2518148,
5924,Chaetocladium jonesii,イトエダカビ,1549,2558469,
5925,Dicranophora fulva,,1550,5250598,
5926,Helicostylum pulchrum,,1551,2558491,
5927,Mucor abundans,,1552,5250523,
5928,Mucor bacilliformis,,1552,5250556,
5929,Mucor circinelloides,フサケカビ,1552,5250404,
5930,Mucor fragilis,,1552,5250484,
5931,Mucor genevensis,,1552,5250479,
5932,Mucor hachijyoensis,,1552,5250480,
5933,Mucor hiemalis,,1552,5250452,
5934,Mucor inaequisporus,,1552,5250438,
5935,Mucor irregularis,,1552,7707082,
5936,Mucor luteus,,1552,7761419,
5937,Mucor meguroensis,,1552,5250533,
5938,Mucor microsporus,,1552,7558233,
5939,Mucor minutus,,1552,5250485,
5940,Mucor moelleri,,1552,5250696,
5941,Mucor mucedo,ケカビ,1552,5250488,
5942,Mucor odoratus,,1552,5250432,
5943,Mucor piriformis,ナシガタケカビ,1552,5250558,
5944,Mucor plasmaticus,,1552,5250401,
5945,Mucor plumbeus,,1552,5250578,
5946,Mucor racemosus,,1552,5250507,
5947,Mucor silvaticus,,1552,5250476,
5948,Pilaira anomala,,1553,2558449,
5949,Sporodiniella umbellata,,1554,2558468,
5950,Thamnidium elegans,エダカビ,1555,5250642,
5951,Leptodiscella chlamydospora,,1556,3439635,
5952,Atheniella adonis,,1557,7825358,
5953,Atheniella aurantiidisca,,1557,8068072,
5954,Cruentomycena orientalis,,1558,9800019,
5955,Favolaschia gelatina,ニカワラッシタケ,1559,8096678,
5956,Favolaschia nipponica,ニカワアナタケ,1559,2527364,
5957,Favolaschia peziziformis,エナシラッシタケ,1559,2527423,
5958,Filoboletus manipularis,,1560,3295969,
5959,Heimiomyces neovelutipes,,1561,2527582,
5960,Hemimycena lactea,シラウメタケモドキ,1562,8864284,
5961,Hydropus atramentosus,,1563,5449113,
5962,Hydropus aurarius,キヒダサカズキタケ,1563,5449140,
5963,Hydropus hypnorum,サカズキガサ,1563,5449153,
5964,Hydropus kansaiensis,ウスキサカズキガサ,1563,5449228,
5965,Hydropus marginellus,ハイチャヒダサカズキタケ,1563,9171173,
5966,Hydropus nigrita,ミヤマシメジ,1563,5449087,
5967,Mycena acicula,ベニカノアシタケ,1564,2526861,
5968,Mycena alcalina,,1564,2526831,
5969,Mycena alphitophora,シロコナカブリ,1564,6095788,
5970,Mycena amicta,アオミノアシナガタケ,1564,4911825,
5971,Mycena aurantiomarginata,ダイダイフチドリクヌギタケ,1564,4911706,
5972,Mycena boninensis,,1564,5448610,
5973,Mycena borealis,ブシクヌギタケ,1564,5448216,
5974,Mycena chlorophos,ヤコウタケ,1564,3318221,
5975,Mycena chrysanthemiformis,キクモンクヌギタケ,1564,5447990,
5976,Mycena citrinomarginata,,1564,4911738,
5977,Mycena comata,,1564,9649286,
5978,Mycena crocata,アカチシオタケ,1564,2526838,
5979,Mycena crocea,ウスキブナノミタケ,1564,5447862,
5980,Mycena epipterygia,ナメアシタケ,1564,4911751,
5981,Mycena filopes,ニオイアシナガタケ,1564,2526843,
5982,Mycena flammifera,,1564,9797981,
5983,Mycena flos-nivium,,1564,2527172,
5984,Mycena galericulata,オオアシナガタケ,1564,2526880,
5985,Mycena galopus,ニセチシオタケ,1564,4911815,
5986,Mycena haematopus,チシオタケ,1564,2526942,
5987,Mycena inclinata,センボンアシナガタケ,1564,4911809,
5988,Mycena laevigata,センボンクヌギタケ,1564,5447692,
5989,Mycena lazulina,,1564,9793697,
5990,Mycena leaiana,コガネヌメリタケ,1564,5240596,
5991,Mycena leaina,,1564,6014366,
5992,Mycena luteopallens,,1564,5240466,
5993,Mycena lux-coeli,シイノトモシビタケ,1564,5448302,
5994,Mycena neoavenacea,フチドリクヌギタケ,1564,5447745,
5995,Mycena niveipes,ハイイロサクラタケ,1564,7243534,
5996,Mycena oregonensis,クチバタケ,1564,5448731,
5997,Mycena pelianthina,アカバシメジ,1564,4911724,
5998,Mycena picta,アリノカサタケ,1564,2527282,
5999,Mycena polygramma,アシナガタケ,1564,4911745,
6000,Mycena pterigena,,1564,2527248,
6001,Mycena pura,サクラタケ,1564,2527219,
6002,Mycena purpureofusca,,1564,4911839,
6003,Mycena rosea,,1564,4911705,
6004,Mycena rosella,,1564,2526972,
6005,Mycena roseocandida,ヒメサクラタケ,1564,7627855,
6006,Mycena roseomarginata,ウスベニフチタケ,1564,6124348,
6007,Mycena sanguinolenta,ヒメチシオタケ,1564,2527135,
6008,Mycena septentrionalis,,1564,2526971,
6009,Mycena silvae-nigrae,,1564,2526830,
6010,Mycena spinosissima,トサカオチエダタケ,1564,5241896,
6011,Mycena stipata,アクニオイタケ,1564,4911728,
6012,Mycena stylobates,キュウバンタケ,1564,2526866,
6013,Mycena subaquosa,シロサクラタケ,1564,5447797,
6014,Mycena viridimarginata,キアシクヌギタケ,1564,2527145,
6015,Mycena vulgaris,ハイイロナメアシタケ,1564,2527063,
6016,Panellus orientalis,ヤミスズメタケ,1565,3318850,
6017,Panellus pusillus,スズメタケ,1565,2527610,
6018,Panellus ringens,ミヤマヒメヒラタケ,1565,2527711,
6019,Panellus stipticus,ヒメカワキタケ,1565,9118025,
6020,Resinomycena japonica,ザラメタケ,1566,2527328,
6021,Resinomycena saccharifera,,1566,2527336,
6022,Roridomyces roridus,,1567,2527736,
6023,Tectella patellaris,ニセシジミタケ,1568,2526823,
6024,Xeromphalina brunneola,,1569,2527285,
6025,Xeromphalina campanella,ヒメカバイロタケ,1569,2527302,
6026,Xeromphalina cauticinalis,キチャホウライタケ,1569,8655572,
6027,Xeromphalina curtipes,,1569,3317148,
6028,Xeromphalina enigmatica,,1569,9660793,
6029,Xeromphalina tenuipes,ビロードエノキタケ,1569,2527269,
6030,Chaenothecopsis brevipes,,1570,3468622,
6031,Chaenothecopsis consociata,,1570,2595735,
6032,Chaenothecopsis debilis,,1570,2595723,
6033,Chaenothecopsis irregularis,,1570,3468609,
6034,Chaenothecopsis nana,,1570,2595711,
6035,Chaenothecopsis nigra,,1570,2595729,
6036,Chaenothecopsis pusilla,,1570,8613747,
6037,Chaenothecopsis pusiola,,1570,2595730,
6038,Chaenothecopsis sanguinea,,1570,3468607,
6039,Chaenothecopsis savonica,,1570,2595719,
6040,Mycocalicium albonigrum,,1571,2595673,
6041,Mycocalicium subtile,,1571,2595664,
6042,Phaeocalicium compressulum,,1572,8539950,
6043,Phaeocalicium flabelliforme,,1572,2595693,
6044,Phaeocalicium triseptatum,,1572,9024665,
6045,Stenocybe major,,1573,6019103,
6046,Stenocybe pullatula,,1573,5259424,
6047,Stenocybe septata,,1573,5259422,
6048,Asperisporium caricae,,1574,2592449,
6049,Cercospora achyranthis,,1575,5508459,
6050,Cercospora adenostemmatis,,1575,5506542,
6051,Cercospora alocasiae,,1575,7362922,
6052,Cercospora althaeina,,1575,5264721,
6053,Cercospora amphicarpaeae,,1575,5507975,
6054,Cercospora apii,,1575,5264574,
6055,Cercospora arachidicola,,1575,5264558,
6056,Cercospora arisaematis,,1575,9281575,
6057,Cercospora armoraciae,,1575,5264716,
6058,Cercospora asparagi,,1575,5264833,
6059,Cercospora astragali,,1575,5264647,
6060,Cercospora begoniae,,1575,5508557,
6061,Cercospora beticola,,1575,5264853,
6062,Cercospora bidentis,,1575,5264619,
6063,Cercospora brassicicola,,1575,5264857,
6064,Cercospora canescens,,1575,5264590,
6065,Cercospora capsici,,1575,5264625,
6066,Cercospora celosiae,,1575,5264664,
6067,Cercospora chrysanthemi,,1575,5264732,
6068,Cercospora commelinicola,,1575,8371832,
6069,Cercospora corchori,,1575,5506613,
6070,Cercospora crataegi,,1575,5264550,
6071,Cercospora deightonii,,1575,5506699,
6072,Cercospora dendrobii,,1575,5264998,
6073,Cercospora depazeoides,,1575,7728946,
6074,Cercospora dichondrae,,1575,5506529,
6075,Cercospora drymariae,,1575,5507468,
6076,Cercospora erythrinae,,1575,5264662,
6077,Cercospora erythrinicola,,1575,5264743,
6078,Cercospora eupteleae,,1575,7783043,
6079,Cercospora exosporioides,,1575,5264754,
6080,Cercospora fagopyri,,1575,5507098,
6081,Cercospora festucae,,1575,5264829,
6082,Cercospora feuillauboisii,,1575,10248222,
6083,Cercospora flagellaris,,1575,5508587,
6084,Cercospora fukushiana,,1575,5507069,
6085,Cercospora gerberae,,1575,5264786,
6086,Cercospora grandissima,,1575,5264566,
6087,Cercospora guatemalensis,,1575,5507082,
6088,Cercospora hederae,,1575,5508216,
6089,Cercospora helianthicola,,1575,5264749,
6090,Cercospora hostae,,1575,7557208,
6091,Cercospora juncicola,,1575,5264720,
6092,Cercospora kaki,,1575,5507974,
6093,Cercospora kikuchii,,1575,5264768,
6094,Cercospora kyotensis,,1575,5508027,
6095,Cercospora lactucae-sativae,,1575,5264711,
6096,Cercospora lespedezae,,1575,5264799,
6097,Cercospora longissima,,1575,7443719,
6098,Cercospora luffae,,1575,5506649,
6099,Cercospora maianthemi,,1575,5264573,
6100,Cercospora malayensis,,1575,5264685,
6101,Cercospora melongenae,,1575,5264570,
6102,Cercospora moricola,,1575,5264694,
6103,Cercospora nasturtii,,1575,5264617,
6104,Cercospora nicotianae,,1575,5264758,
6105,Cercospora paridis,,1575,5263748,
6106,Cercospora pellioniae,,1575,5506706,
6107,Cercospora petroselinicola,,1575,5506967,
6108,Cercospora physalidis,,1575,5264569,
6109,Cercospora picrasmae,,1575,5507349,
6110,Cercospora polygonacea,,1575,5894436,
6111,Cercospora psophocarpicola,,1575,5508212,
6112,Cercospora ribis,,1575,5264601,
6113,Cercospora sagittariae,,1575,5264589,
6114,Cercospora securinegicola,,1575,7978498,
6115,Cercospora sesami,,1575,5264709,
6116,Cercospora sojina,,1575,5264667,
6117,Cercospora solani-melongenae,,1575,5264744,
6118,Cercospora tosensis,,1575,5506472,
6119,Cercospora vignigena,,1575,7683062,
6120,Cercospora violae,,1575,5264665,
6121,Cercospora violae-silvaticae,,1575,5507901,
6122,Cercospora zebrina,,1575,5264727,
6123,Cercospora zinniae,,1575,5264765,
6124,Cercospora zonata,,1575,5264813,
6125,Cercosporella aesculi,,1576,3506798,
6126,Cercosporella toxicodendri,,1576,2621573,
6127,Cercosporella virgaureae,,1576,2621560,
6128,Cercosporidium insulare,,1577,3304920,
6129,Cercosporidium polygonati-maximowiczii,,1577,2621136,
6130,Cercosporina coffeicola,,1578,12248110,
6131,Cercosporina euphorbiae,,1578,3559942,
6132,Cercosporina tetragoniae,,1578,3566973,
6133,Chuppomyces handelii,,1579,10802321,
6134,Clarohilum henningsii,,1580,10760754,
6135,Collapsimycopappus styracis,,1581,11472614,
6136,Distocercospora pachyderma,,1582,2621551,
6137,Distocercosporaster dioscoreae,,1583,10697475,
6138,Dothistroma septosporum,,1584,2621905,
6139,Eriocercosporella vitis-heterophyllae,,1585,3503121,
6140,Euryachora rhytismoides,,1586,3524250,
6141,Fulvia fulva,,1587,5265337,
6142,Fusoidiella anethi,,1588,10624755,
6143,Fusoidiella depressa,,1588,9682697,
6144,Geastrumia polystigmatis,,1589,2589688,
6145,Graminopassalora graminis,,1590,10531841,
6146,Isariopsis cirsii,,1591,3287612,
6147,Lecanosticta acicola,,1592,2622090,
6148,Melanodothis caricis,,1593,2621400,
6149,Miuraea degenerans,,1594,3507739,
6150,Mycosphaerella acanthopanacis,,1595,3504885,
6151,Mycosphaerella aleuritis,,1595,2622061,
6152,Mycosphaerella asplenii,,1595,8210191,
6153,Mycosphaerella asteroma,,1595,2622111,
6154,Mycosphaerella bambusae,,1595,7254593,
6155,Mycosphaerella bambusicola,,1595,3505837,
6156,Mycosphaerella bambusifolia,,1595,3505265,
6157,Mycosphaerella berkeleyi,,1595,2622458,
6158,Mycosphaerella buna,,1595,3505878,
6159,Mycosphaerella callistea,,1595,3505492,
6160,Mycosphaerella cerasella,,1595,2622145,
6161,Mycosphaerella colocasiae,,1595,3505568,
6162,Mycosphaerella confusa,,1595,2621854,
6163,Mycosphaerella cruenta,,1595,2622178,
6164,Mycosphaerella cryptomeriae,,1595,3504783,
6165,Mycosphaerella daphniphylli,,1595,3504824,
6166,Mycosphaerella deightonii,,1595,2622065,
6167,Mycosphaerella dianthi,,1595,2620417,
6168,Mycosphaerella diospyri,,1595,3505817,
6169,Mycosphaerella exigua,,1595,3505576,
6170,Mycosphaerella fagi,,1595,2622233,
6171,Mycosphaerella fujiensis,,1595,8022818,
6172,Mycosphaerella gardeniae,,1595,2622333,
6173,Mycosphaerella gibsonii,,1595,2622482,
6174,Mycosphaerella horii,,1595,2622372,
6175,Mycosphaerella hostae,,1595,3505794,
6176,Mycosphaerella ikedae,,1595,7734780,
6177,Mycosphaerella lathyri,,1595,3505134,
6178,Mycosphaerella ligustri,,1595,2622216,
6179,Mycosphaerella luzonensis,,1595,3505759,
6180,Mycosphaerella maculiformis,,1595,2621848,
6181,Mycosphaerella millegrana,,1595,2622136,
6182,Mycosphaerella minoensis,,1595,3505357,
6183,Mycosphaerella minor,,1595,2622256,
6184,Mycosphaerella mori,,1595,2621869,
6185,Mycosphaerella moutan,,1595,3505050,
6186,Mycosphaerella myricae,,1595,8258236,
6187,Mycosphaerella pachysandrae,,1595,3505785,
6188,Mycosphaerella paulowniae,,1595,8361000,
6189,Mycosphaerella personata,,1595,2623814,
6190,Mycosphaerella phaseolicola,,1595,8636951,
6191,Mycosphaerella phyllostachydicola,,1595,3505326,
6192,Mycosphaerella podagrariae,,1595,2622310,
6193,Mycosphaerella podocarpicola,,1595,3505656,
6194,Mycosphaerella polygoni-cuspidati,,1595,3505079,
6195,Mycosphaerella pruni-persicae,,1595,2622571,
6196,Mycosphaerella punctiformis,,1595,2622502,
6197,Mycosphaerella pyri,,1595,2622098,
6198,Mycosphaerella recutita,,1595,9113070,
6199,Mycosphaerella ribis,,1595,2621971,
6200,Mycosphaerella shibataeae,,1595,3505406,
6201,Mycosphaerella shimabarensis,,1595,3505718,
6202,Mycosphaerella tassiana,,1595,2620425,
6203,Mycosphaerella theae,,1595,3506065,
6204,Mycosphaerella zelkovae,,1595,3506043,
6205,Mycovellosiella deightonii,,1596,3504513,
6206,Neocercospora carotae,,1597,12183706,
6207,Neophloeospora maculans,,1598,10868260,
6208,Neopseudocercosporella capsellae,,1599,9806712,
6209,Nothopassalora personata,,1600,10715367,
6210,Passalora bambusae,,1601,8069412,
6211,Passalora bataticola,,1601,2624494,
6212,Passalora bolleana,,1601,2624545,
6213,Passalora cercidicola,,1601,2622057,
6214,Passalora chaerophylli,,1601,3504226,
6215,Passalora chionea,,1601,3504238,
6216,Passalora concors,,1601,2624527,
6217,Passalora dubia,,1601,2623119,
6218,Passalora flexuosa,,1601,3503856,
6219,Passalora gotoana,,1601,3503787,
6220,Passalora hamamelidis,,1601,3504101,
6221,Passalora hydrocotyles,,1601,3504070,
6222,Passalora koepkei,,1601,2624432,
6223,Passalora lactucae,,1601,2624473,
6224,Passalora lateritia,,1601,3504093,
6225,Passalora miurae,,1601,3503756,
6226,Passalora montana,,1601,2624616,
6227,Passalora nattrassii,,1601,2624549,
6228,Passalora okinawaensis,,1601,3503914,
6229,Passalora omphacodes,,1601,2624436,
6230,Passalora puerariae,,1601,2624612,
6231,Passalora pyrrosiae,,1601,3504136,
6232,Passalora selini-gmelini,,1601,3504147,
6233,Passalora sequoiae,,1601,2624425,
6234,Passalora togashiana,,1601,8061616,
6235,Phaeoisariopsis robiniae,,1602,2622658,
6236,Phaeoramularia levieri,,1603,2621197,
6237,Pluripassalora bougainvilleae,,1604,10788756,
6238,Plurivorosphaerella nawae,,1605,10896140,
6239,Polythrincium trifolii,,1606,2621541,
6240,Pruniphilomyces circumscissus,,1607,11959477,
6241,Pseudocercospora abeliae,,1608,2624376,
6242,Pseudocercospora abelmoschi,,1608,2624335,
6243,Pseudocercospora acaciae-confusae,マルホシビョウ,1608,2623853,
6244,Pseudocercospora actinidiae,,1608,3502999,
6245,Pseudocercospora ageratoides,,1608,3503076,
6246,Pseudocercospora araliae,,1608,2624045,
6247,Pseudocercospora asystasiae,,1608,2623868,
6248,Pseudocercospora atromarginalis,,1608,2624005,
6249,Pseudocercospora balsaminae,,1608,2623993,
6250,Pseudocercospora boehmeriigena,,1608,3502215,
6251,Pseudocercospora bruceae,,1608,3502730,
6252,Pseudocercospora buddlejae,,1608,7829374,
6253,Pseudocercospora cadabae,,1608,3502773,
6254,Pseudocercospora callicarpae,,1608,3502791,
6255,Pseudocercospora cassiae-fistulae,,1608,3502780,
6256,Pseudocercospora catappae,,1608,2624360,
6257,Pseudocercospora cercidicola,,1608,7399516,
6258,Pseudocercospora cercidis-chinensis,,1608,3502963,
6259,Pseudocercospora chengtuensis,,1608,2623912,
6260,Pseudocercospora chionanthicola,,1608,3502800,
6261,Pseudocercospora chloranthi,,1608,3502708,
6262,Pseudocercospora chorisiae,,1608,3502691,
6263,Pseudocercospora cladrastidis,,1608,3502142,
6264,Pseudocercospora clerodendri,,1608,2623755,
6265,Pseudocercospora contraria,,1608,2623699,
6266,Pseudocercospora cornicola,,1608,3502058,
6267,Pseudocercospora corylopsidis,,1608,3502865,
6268,Pseudocercospora cotini,,1608,3502298,
6269,Pseudocercospora cotoneastri,,1608,3502292,
6270,Pseudocercospora cryptomeriicola,,1608,3502259,
6271,Pseudocercospora cyatheae,,1608,3502552,
6272,Pseudocercospora cydoniae,,1608,2623676,
6273,Pseudocercospora cylindrata,,1608,3502375,
6274,Pseudocercospora daphniphylli,,1608,2624214,
6275,Pseudocercospora depazeoides,,1608,7396005,
6276,Pseudocercospora destructiva,,1608,2624008,
6277,Pseudocercospora ebulicola,,1608,2624262,
6278,Pseudocercospora egenula,,1608,2624112,
6279,Pseudocercospora elaeagnicola,,1608,3502225,
6280,Pseudocercospora elaeocarpi,,1608,3502978,
6281,Pseudocercospora elaeocarpicola,,1608,3502804,
6282,Pseudocercospora eriobotryae,,1608,8104219,
6283,Pseudocercospora eucalyptorum,,1608,2623838,
6284,Pseudocercospora eumusae,,1608,3502661,
6285,Pseudocercospora euphorbiicola,,1608,3502388,
6286,Pseudocercospora fatouae,,1608,3502676,
6287,Pseudocercospora fici,,1608,2624101,
6288,Pseudocercospora fici-caricae,,1608,3502664,
6289,Pseudocercospora forsythiae,,1608,3502205,
6290,Pseudocercospora fraxinites,,1608,3503048,
6291,Pseudocercospora fukuii,,1608,3502917,
6292,Pseudocercospora fukuokaensis,,1608,3502579,
6293,Pseudocercospora fuligena,,1608,2624223,
6294,Pseudocercospora gei,,1608,3502597,
6295,Pseudocercospora glochidionis,,1608,3502928,
6296,Pseudocercospora griseola,,1608,2623973,
6297,Pseudocercospora guianensis,,1608,2624065,
6298,Pseudocercospora hibisci-cannabini,,1608,2623994,
6299,Pseudocercospora hiratsukana,,1608,2623962,
6300,Pseudocercospora horii,,1608,3502793,
6301,Pseudocercospora houttuyniae,,1608,3502522,
6302,Pseudocercospora humuli,,1608,3502606,
6303,Pseudocercospora ixorae,,1608,2623908,
6304,Pseudocercospora juniperi,,1608,2623591,
6305,Pseudocercospora jussiaeae,,1608,2623890,
6306,Pseudocercospora kadsurae,,1608,3502549,
6307,Pseudocercospora kaki,,1608,3502646,
6308,Pseudocercospora kakiigena,,1608,12255017,
6309,Pseudocercospora kalmiae,,1608,2623789,
6310,Pseudocercospora kurimensis,,1608,2623647,
6311,Pseudocercospora laburni,,1608,2624166,
6312,Pseudocercospora latens,,1608,3502558,
6313,Pseudocercospora lathyri,,1608,2624304,
6314,Pseudocercospora leucothoes,,1608,2624145,
6315,Pseudocercospora lilacis,,1608,3502732,
6316,Pseudocercospora litseigena,,1608,3502363,
6317,Pseudocercospora lonicericola,,1608,2623636,
6318,Pseudocercospora lyoniae,,1608,3502254,
6319,Pseudocercospora lythracearum,,1608,2624350,
6320,Pseudocercospora mali,,1608,2624306,
6321,Pseudocercospora malloticola,,1608,3502599,
6322,Pseudocercospora mori,,1608,2623694,
6323,Pseudocercospora musae,,1608,2622074,
6324,Pseudocercospora myrticola,,1608,2624099,
6325,Pseudocercospora naitoi,,1608,3502853,
6326,Pseudocercospora nandinae,,1608,2623716,
6327,Pseudocercospora neoliquidambaris,,1608,3502099,
6328,Pseudocercospora nojimae,,1608,3502536,
6329,Pseudocercospora nymphaeacea,,1608,3503046,
6330,Pseudocercospora obtegens,,1608,3502196,
6331,Pseudocercospora ocellata,,1608,3503035,
6332,Pseudocercospora oenotherae,,1608,2624313,
6333,Pseudocercospora perillulae,,1608,2624296,
6334,Pseudocercospora photiniae,,1608,3502085,
6335,Pseudocercospora pittospori,,1608,3502578,
6336,Pseudocercospora plumeriae,,1608,3502409,
6337,Pseudocercospora pouzolziae,,1608,2624266,
6338,Pseudocercospora profusa,,1608,3502965,
6339,Pseudocercospora prunicola,,1608,3502958,
6340,Pseudocercospora pseudehretiae,,1608,3502081,
6341,Pseudocercospora puderi,,1608,2624058,
6342,Pseudocercospora puerariicola,,1608,2623649,
6343,Pseudocercospora punicae,,1608,2621839,
6344,Pseudocercospora pyracanthae,,1608,3502162,
6345,Pseudocercospora rhapisicola,,1608,3502346,
6346,Pseudocercospora rhoina,,1608,2623611,
6347,Pseudocercospora riachueli,,1608,7254426,
6348,Pseudocercospora salicina,,1608,2622128,
6349,Pseudocercospora sawadae,,1608,2623597,
6350,Pseudocercospora securinegae,,1608,3502655,
6351,Pseudocercospora sordida,,1608,2622229,
6352,Pseudocercospora spiraeicola,,1608,3502322,
6353,Pseudocercospora stephanandrae,,1608,3502063,
6354,Pseudocercospora subsessilis,,1608,2624024,
6355,Pseudocercospora tecomae-heterophyllae,,1608,3502491,
6356,Pseudocercospora theae,,1608,2624181,
6357,Pseudocercospora timorensis,,1608,2624028,
6358,Pseudocercospora togashiana,,1608,12191760,
6359,Pseudocercospora ubi,,1608,2623686,
6360,Pseudocercospora udagawana,,1608,3502603,
6361,Pseudocercospora variicolor,,1608,2623998,
6362,Pseudocercospora viburnigena,,1608,2623703,
6363,Pseudocercospora violamaculans,,1608,3502090,
6364,Pseudocercospora viticis,,1608,3502147,
6365,Pseudocercospora vitis,,1608,2623806,
6366,Pseudocercospora xenosyzygiicola,,1608,3502263,
6367,Pseudocercospora yakushimensis,,1608,8125184,
6368,Pseudocercospora yoshinagiana,,1608,2623830,
6369,Pseudocercosporella fraxini,,1609,3512742,
6370,Pseudocercosporella gei,,1609,3512765,
6371,Pseudocercosporella inconspicua,,1609,2620809,
6372,Pseudocercosporella juglandis,,1609,3512717,
6373,Pseudocercosporella oxalidis,,1609,3512706,
6374,Ragnhildiana ferruginea,,1610,10714547,
6375,Ragnhildiana gnaphaliacea,,1610,10682593,
6376,Ramichloridium anceps,,1611,2621299,
6377,Ramichloridium apiculatum,,1611,2621291,
6378,Ramularia acris,,1612,5263646,
6379,Ramularia adoxae,,1612,5263686,
6380,Ramularia agrimoniae,,1612,5263714,
6381,Ramularia alborosella,,1612,5263820,
6382,Ramularia angelicae,,1612,5263531,
6383,Ramularia aplospora,,1612,5263688,
6384,Ramularia armoraciae,,1612,5263731,
6385,Ramularia aromatica,,1612,5263702,
6386,Ramularia coleosporii,,1612,5263648,
6387,Ramularia collo-cygni,,1612,5263625,
6388,Ramularia crassiuscula,,1612,5263493,
6389,Ramularia epilobii-palustris,,1612,5263720,
6390,Ramularia episphaeria,,1612,5263819,
6391,Ramularia geranii,,1612,5263527,
6392,Ramularia grevilleana,,1612,8507631,
6393,Ramularia haroldporteri,,1612,9722441,
6394,Ramularia hayachinensis,,1612,5503478,
6395,Ramularia heraclei,,1612,5263665,
6396,Ramularia lactucosa,,1612,5503447,
6397,Ramularia lamiicola,,1612,5263506,
6398,Ramularia leonuri,,1612,5503237,
6400,Ramularia pleuropteri,,1612,5503961,
6401,Ramularia pratensis,,1612,5263585,
6402,Ramularia rhombica,,1612,5503910,
6403,Ramularia rubella,,1612,5263637,
6404,Ramularia rumicis,,1612,5503436,
6405,Ramularia stachydis,,1612,5263618,
6406,Ramularia taraxaci,,1612,5263557,
6407,Ramularia trifolii,,1612,5503778,
6408,Ramularia tuberculiniformis,,1612,9645731,
6409,Ramularia uredinis,,1612,5263587,
6410,Ramularia variabilis,,1612,5263727,
6411,Ramularia variegata,,1612,6019791,
6412,Ramularia veronicicola,,1612,9792918,
6413,Rhabdospora haematommatum,,1613,5502076,
6414,Rosisphaerella rosicola,,1614,10210314,
6415,Septocylindrium angelicae,,1615,3291191,
6416,Septogloeum japonicum,,1616,3475593,
6417,Septogloeum sojae,,1616,3475618,
6418,Septoria adanensis,,1617,5264497,
6419,Septoria agropyrina,,1617,7382172,
6420,Septoria alni,,1617,5264296,
6421,Septoria apii,,1617,5264318,
6422,Septoria apiicola,,1617,5264317,
6423,Septoria artemisiae,,1617,7609611,
6424,Septoria astericola,,1617,5264408,
6425,Septoria betae,,1617,5264386,
6426,Septoria cannabis,,1617,5264537,
6427,Septoria centellae,,1617,7473769,
6428,Septoria cercosporoides,,1617,5504580,
6429,Septoria chelidonii,,1617,5264531,
6430,Septoria chrysanthemella,,1617,8331608,
6431,Septoria chrysanthemi,,1617,7822834,
6432,Septoria citri,,1617,5264314,
6433,Septoria convolvuli,,1617,5264289,
6434,Septoria corni-controversae,,1617,5504336,
6435,Septoria crawfurdiae,,1617,7960268,
6436,Septoria crepidis,,1617,5264254,
6437,Septoria cucurbitacearum,,1617,5264501,
6438,Septoria deutziae,,1617,5506421,
6439,Septoria dianthi,,1617,5264360,
6440,Septoria drummondii,,1617,5504131,
6441,Septoria duchesneae,,1617,5504379,
6442,Septoria emiliae,,1617,5505587,
6443,Septoria erigerontis,,1617,5504730,
6444,Septoria euonymi,,1617,5264343,
6445,Septoria expansa,,1617,5264320,
6446,Septoria fragariae,,1617,5264450,
6447,Septoria galiorum,,1617,5264398,
6448,Septoria gentianae,,1617,8387620,
6449,Septoria gladioli,,1617,5264442,
6450,Septoria glycines,,1617,5264331,
6451,Septoria helianthi,,1617,5264472,
6452,Septoria lactucae,,1617,5264432,
6453,Septoria leucanthemi,,1617,5264493,
6454,Septoria lycopersici,,1617,5264540,
6455,Septoria lysimachiae,,1617,5264529,
6456,Septoria menthae,,1617,5264313,
6458,Septoria nambuana,,1617,5505088,
6459,Septoria obesa,,1617,5264523,
6460,Septoria paeoniae,,1617,5264240,
6461,Septoria petroselini,,1617,5264372,
6462,Septoria polygonicola,,1617,5264510,
6463,Septoria polygonorum,,1617,5264334,
6464,Septoria potentillae,,1617,5264534,
6465,Septoria ranunculi-vernyi,,1617,5505622,
6466,Septoria scrophulariae,,1617,5264265,
6467,Septoria selenophomoides,,1617,5264351,
6468,Septoria senecionis,,1617,5264482,
6469,Septoria sii,,1617,5264383,
6470,Septoria stellariae,,1617,5264349,
6471,Septoria stenactidis,,1617,5504399,
6472,Septoria steviae,,1617,5506162,
6473,Septoria taraxaci,,1617,5264255,
6474,Septoria taraxacicola,,1617,5506194,
6475,Septoria trailiana,,1617,5264309,
6476,Septoria tussilaginis,,1617,8364665,
6477,Septoria viciae,,1617,5504784,
6478,Septoria villarsiae,,1617,5264403,
6479,Septoria violae-palustris,,1617,5264474,
6480,Septoria virgaureae,,1617,5264541,
6481,Sphaerellothecium cladoniae,,1618,2621738,
6482,Sphaerulina abeliceae,,1619,7897471,
6483,Sphaerulina aceris,,1619,7370004,
6484,Sphaerulina amelanchieris,,1619,10701556,
6485,Sphaerulina azaleae,,1619,8420774,
6486,Sphaerulina berberidis,,1619,7397290,
6487,Sphaerulina chaenomelis,,1619,9656402,
6488,Sphaerulina gei,,1619,8236361,
6489,Sphaerulina juglandis,,1619,5502907,
6490,Sphaerulina menispermi,,1619,7823178,
6491,Sphaerulina myriadea,,1619,5263979,
6492,Sphaerulina oryzina,,1619,5263965,
6493,Sphaerulina phyllostachydis,,1619,5502853,
6494,Sphaerulina rhabdoclinis,,1619,7488481,
6495,Sphaerulina rhodeae,,1619,5502886,
6496,Sphaerulina socia,,1619,8065839,
6497,Sphaerulina westendorpii,,1619,8324806,
6498,Stigmidium peltideae,,1620,2623509,
6499,Stigmidium schaereri,,1620,2623536,
6500,Stigmina carpophila,,1621,5263931,
6501,Stigmina elaeagni,,1621,5503015,
6502,Stigmina sapii,,1621,5263911,
6503,Trochophora fasciculata,,1622,5258240,
6504,Zasmidium alpiniae,,1623,7952158,
6505,Zasmidium cerophilum,,1623,10277506,
6506,Zasmidium citri,,1623,5894445,
6507,Zasmidium dianellae,,1623,7957353,
6508,Zasmidium dracaenae,,1623,8406794,
6509,Zasmidium gynurae,,1623,7884017,
6510,Zasmidium litseae-glutinosae,,1623,7820621,
6511,Zasmidium lythri,,1623,7855511,
6512,Zymoseptoria tritici,,1624,7897674,
6513,Mycotypha microspora,,1625,2558237,
6514,Myriangium duriaei,,1626,2613192,
6515,Myriangium haraeanum,,1626,2613195,
6516,Myrmecridium schulzeri,,1627,3454765,
6517,Emericellopsis mirabilis,,1628,2562009,
6518,Emericellopsis sphaerospora,,1628,2562011,
6519,Trichothecium campaniforme,,1629,2561993,
6520,Trichothecium parvum,,1629,2561994,
6521,Trichothecium roseum,バライロカビ,1629,2561979,
6522,Trichothecium sympodiale,,1629,7373967,
6523,Lophium arboricola,,1630,9706293,
6524,Lophium mytilinum,,1630,9097761,
6525,Pseudocamaropycnis pini,,1631,9787756,
6526,Taeniolella phaeophysciae,,1632,2618056,
6527,Taeniolella phialosperma,,1632,3528790,
6528,Myxotrichum cancellatum,,1633,2626653,
6529,Myxotrichum deflexum,,1633,2626659,
6530,Oidiodendron boninense,,1634,11654045,
6531,Oidiodendron cereale,,1634,2626634,
6532,Oidiodendron chlamydosporicum,,1634,2626639,
6533,Oidiodendron flavum,,1634,2626631,
6534,Oidiodendron griseum,,1634,2626627,
6535,Oidiodendron majus,,1634,3545399,
6536,Oidiodendron setiferum,,1634,2626632,
6537,Oidiodendron tenuissimum,,1634,2626628,
6538,Oidiodendron tokumasui,,1634,11812996,
6539,Oidiodendron truncatum,,1634,2626624,
6540,Naematelia aurantia,,1635,7976718,
6541,Tomasellia dispersa,,1636,8528500,
6542,Pseudorhypophila mangenotii,,1637,12187737,
6543,Pseudorhypophila marina,,1637,11679782,
6544,Pseudorhypophila pilifera,,1637,12215788,
6545,Acremoniopsis suttoniae,,1638,9796677,
6546,Albonectria rigidiuscula,,1639,2564269,
6547,Atractium stilbaster,,1640,3439632,
6548,Bisifusarium dimerum,,1641,7617664,
6549,Calonectria citri,,1642,5896356,
6550,Calonectria colhounii,,1642,2563244,
6551,Calonectria crousii,,1642,8110140,
6552,Calonectria ilicicola,,1642,2563254,
6553,Calonectria indusiata,,1642,3454205,
6554,Calonectria kyotensis,,1642,2563232,
6555,Calonectria morganii,,1642,2563233,
6556,Calonectria pacifica,,1642,5896347,
6557,Calonectria penicilloides,,1642,5896386,
6558,Calonectria pyrochroa,,1642,2563249,
6559,Campylospora chaetocladia,,1643,2589354,
6560,Chaetopsina fulva,,1644,2563043,
6561,Chaetopsinectria chaetopsinae-catenulatae,,1645,5952472,
6562,Ciliciopodium brevipes,,1646,2563027,
6563,Cinnamomeonectria cinnamomea,,1647,9777288,
6564,Coccinonectria pachysandricola,,1648,8366457,
6565,Corallomycetella repens,,1649,2563810,
6566,Corinectria fuckeliana,,1650,10910299,
6567,Cosmospora aurantiicola,,1651,2562925,
6568,Cosmospora coccinea,,1651,2562936,
6569,Cosmospora flammea,,1651,2563653,
6570,Cosmospora ustulinae,,1651,9584777,
6571,Cosmospora viliuscula,,1651,3454108,
6572,Cylindrocarpon ianthothele,,1652,3452343,
6573,Cylindrocarpon lichenicola,,1652,2563166,
6574,Cylindrocarpon panacis,,1652,3452409,
6575,Cylindrocarpon sagittariae,,1652,3452410,
6576,Cylindrocarpon supersimplex,,1652,3452386,
6577,Cylindrocladiella elegans,,1653,2563152,
6578,Cylindrocladiella hahajimaensis,,1653,7980107,
6579,Cylindrocladiella lageniformis,,1653,2563157,
6580,Cylindrocladiella parva,,1653,2563160,
6581,Cylindrocladiella queenslandica,,1653,8302854,
6582,Cylindrodendrum alicantinum,,1654,9681616,
6583,Dactylonectria estremocensis,,1655,7348768,
6584,Dactylonectria macrodidyma,,1655,8242336,
6585,Dialonectria episphaeria,,1656,2563463,
6586,Dialonectria magnusiana,,1656,12006182,
6587,Dialonectria sanguinea,,1656,2563466,
6588,Dialonectria volutella,,1656,12252639,
6589,Fusarium acuminatum,,1657,5251600,
6590,Fusarium acutatum,,1657,5251957,
6591,Fusarium ananatum,,1657,7834687,
6592,Fusarium anguioides,,1657,5252087,
6593,Fusarium armeniacum,,1657,5251952,
6594,Fusarium asiaticum,,1657,5485175,
6595,Fusarium avenaceum,,1657,5251668,
6596,Fusarium azukiicola,,1657,7527185,
6597,Fusarium brachygibbosum,,1657,5252158,
6598,Fusarium chlamydosporum,,1657,5252171,
6599,Fusarium ciliatum,,1657,5252082,
6600,Fusarium circinatum,,1657,5252196,
6601,Fusarium commune,,1657,5252108,
6602,Fusarium concentricum,,1657,5252192,
6603,Fusarium culmorum,,1657,5252189,
6604,Fusarium equiseti,,1657,5251613,
6605,Fusarium falciforme,,1657,5251447,
6606,Fusarium foetens,,1657,5252095,
6607,Fusarium fractiflexum,,1657,5484954,
6608,Fusarium fujikuroi,,1657,5252216,
6609,Fusarium globosum,,1657,5252203,
6610,Fusarium graminearum,,1657,5251676,
6611,Fusarium guttiforme,,1657,5252184,
6612,Fusarium haematococcum,,1657,8376209,
6613,Fusarium incarnatum,,1657,5252208,
6614,Fusarium keratoplasticum,,1657,7700331,
6615,Fusarium kyushuense,,1657,5485512,
6616,Fusarium lateritium,,1657,9157811,
6617,Fusarium lichenicola,,1657,8565738,
6618,Fusarium neocosmosporiellum,,1657,7356578,
6619,Fusarium nisikadoi,,1657,5251956,
6620,Fusarium nygamai,,1657,5252103,
6621,Fusarium oxysporum,,1657,5251961,
6622,Fusarium pallidoroseum,,1657,5252218,
6623,Fusarium phyllophilum,,1657,5252170,
6624,Fusarium poae,,1657,5252146,
6625,Fusarium polyphialidicum,,1657,5252162,
6626,Fusarium proliferatum,,1657,5252126,
6627,Fusarium pseudensiforme,,1657,8301234,
6628,Fusarium redolens,,1657,5252177,
6629,Fusarium roseum,,1657,5251675,
6630,Fusarium sacchari,,1657,5252151,
6631,Fusarium solani,,1657,9581851,
6632,Fusarium solani-melongenae,,1657,12174569,
6633,Fusarium sporotrichioides,,1657,5252098,
6634,Fusarium tenuicristatum,,1657,12203322,
6635,Fusarium tricinctum,,1657,5251607,
6636,Fusarium vanettenii,,1657,11659036,
6637,Fusarium vorosii,,1657,5484873,
6638,Fusicolla matuoi,,1658,7393190,
6639,Fusicolla merismoides,,1658,7893104,
6640,Fusidium griseum,,1659,2562916,
6641,Geejayessia matuoi,,1660,10840471,
6642,Gibberella fujikuroi,,1661,5251647,
6643,Gliocephalotrichum microchlamydosporum,,1662,2563214,
6644,Gliocephalotrichum simplex,,1662,2563216,
6645,Gliocladiopsis curvata,,1663,8031351,
6646,Gliocladiopsis tenuis,,1663,2563094,
6647,Hydropisphaera arenula,,1664,2561257,
6648,Hydropisphaera hypoxantha,,1664,2561245,
6649,Hydropisphaera leucotricha,,1664,2561226,
6650,Ilyonectria cyclaminicola,,1665,7630503,
6651,Ilyonectria destructans,,1665,7523992,
6652,Ilyonectria mors-panacis,,1665,8141732,
6653,Ilyonectria radicicola,,1665,8188884,
6654,Ilyonectria robusta,,1665,8141799,
6655,Lisea bambusae,,1666,3565262,
6656,Macronectria jungneri,,1667,9804285,
6657,Mariannaea camptospora,,1668,2562830,
6658,Mariannaea elegans,,1668,7418504,
6659,Mariannaea fusiformis,,1668,9658214,
6660,Mariannaea imbricatus,,1668,11378962,
6661,Mariannaea pinicola,,1668,7919550,
6662,Mariannaea samuelsii,,1668,7384582,
6663,Microcera coccophila,,1669,5251816,
6664,Microcera diploa,,1669,8276601,
6665,Microcera larvarum,,1669,7568407,
6666,Nectria asiatica,,1670,8097280,
6667,Nectria azureo-ostiolata,,1670,5484468,
6668,Nectria bactridioides,,1670,5251761,
6669,Nectria balansae,,1670,5251702,
6670,Nectria bolbophylli,,1670,5484270,
6671,Nectria cinnabarina,ベニアワツブタケ,1670,5251836,
6672,Nectria dematiosa,,1670,5484486,
6673,Nectria gracilipes,,1670,5251866,
6674,Nectria hachijoensis,,1670,5484629,
6675,Nectria inventa,,1670,5251787,
6676,Nectria magnispora,,1670,7495106,
6677,Nectria masseei,,1670,5484445,
6678,Nectria nigro-ostiolata,,1670,5484128,
6679,Nectria pallidula,,1670,5251820,
6680,Nectria pezizoides,,1670,5484650,
6681,Nectria phyllostachydis,,1670,5484512,
6682,Nectria pseudocinnabarina,,1670,5484511,
6683,Nectria pseudotrichia,アカツブタケ,1670,5251835,
6684,Nectria sylvana,,1670,5484544,
6685,Nectria vulpina,,1670,5251757,
6686,Nectricladiella viticola,,1671,7352604,
6687,Neocosmospora arxii,,1672,2563440,
6688,Neocosmospora boninensis,,1672,2563447,
6689,Neocosmospora striata,,1672,2563448,
6690,Neonectria coccinea,,1673,2563781,
6691,Neonectria ditissima,,1673,2563919,
6692,Neonectria microconidia,,1673,7974954,
6693,Neonectria obtusispora,,1673,7636936,
6694,Neonectria punicea,,1673,2563950,
6695,Neonectria ramulariae,,1673,2563543,
6696,Neonectria tokyoensis,,1673,3452507,
6697,Ophionectria trichospora,,1674,2563134,
6698,Penicillifer diparietisporus,,1675,8380948,
6699,Pseudocosmospora henanensis,,1676,9749243,
6700,Pseudocosmospora pseudepisphaeria,,1676,8024325,
6701,Pseudocosmospora vilior,,1676,7663816,
6702,Rugonectria castaneicola,,1677,7719409,
6703,Rugonectria neobalansae,,1677,8234681,
6704,Rugonectria rugulosa,,1677,8172504,
6705,Sarcopodium flavolanatum,,1678,7702873,
6706,Sarcopodium flocculentum,,1678,10783885,
6707,Scolecofusarium ciliatum,,1679,12262923,
6708,Stylonectria purtonii,,1680,7948189,
6709,Thelonectria amamiensis,,1681,7414169,
6710,Thelonectria discophora,,1681,8123989,
6711,Thelonectria lucida,,1681,8295223,
6712,Thelonectria mammoidea,,1681,7496613,
6713,Thelonectria olida,,1681,7755892,
6714,Thelonectria rubi,,1681,7520069,
6715,Thelonectria truncata,,1681,8094654,
6716,Thelonectria veuillotiana,,1681,7833725,
6717,Tubercularia lateritia,,1682,5251553,
6718,Tumenectria laetidisca,,1683,9670091,
6719,Neoantrodiella gypsea,,1684,7995589,
6720,Neocamarosporium calvescens,,1685,7809205,
6721,Brevicollum versicolor,,1686,10827025,
6722,Crassiparies quadrisporus,,1687,9704343,
6723,Neolecta irregularis,カベンタケモドキ,1688,2599671,
6724,Neolecta vitellina,ヒメカンムリタケ,1688,2599664,
6725,Neophysopella ampelopsidis,,1689,10762099,
6726,Neophysopella hornotina,,1689,10861854,
6727,Neophysopella kraunhiae,,1689,11885661,
6728,Neophysopella meliosmae,,1689,10820392,
6729,Neophysopella meliosmae-myrianthae,,1689,10753326,
6730,Neophysopella montana,,1689,10778947,
6731,Neophysopella orientalis,,1689,10887423,
6732,Neophysopella vitis,,1689,10711846,
6733,Neopyrenochaeta inflorescentiae,,1690,10677540,
6734,Apodus deciduus,,1691,2573077,
6735,Cercophora gossypina,,1692,5486132,
6736,Cercophora solaris,,1692,5254014,
6737,Cercophora thailandica,,1692,9791100,
6738,Jugulospora carbonaria,,1693,12233097,
6739,Nephroma arcticum,,1694,2601181,
6740,Nephroma bellum,,1694,2601191,
6741,Nephroma helveticum,,1694,2601185,
6742,Nephroma isidiosum,,1694,7086497,
6743,Nephroma laevigatum,,1694,7086494,
6744,Nephroma parile,,1694,2601180,
6745,Nephroma resupinatum,,1694,2601182,
6746,Nephroma squamigerum,,1694,6018235,
6747,Nephroma subparile,,1694,3422557,
6748,Nephroma tropicum,,1694,2601188,
6749,Flagelloscypha japonica,,1695,2530339,
6750,Flagelloscypha minutissima,,1695,2530324,
6751,Halocyphina villosa,,1696,2530449,
6752,Lachnella alboviolascens,,1697,5241490,
6753,Lachnella virginella,,1697,5446400,
6754,Merismodes anomala,,1698,2530462,
6755,Merismodes fasciculata,,1698,2530382,
6756,Nia vibrissa,,1699,2530477,
6757,Peyronelina glomerulata,,1700,5258026,
6758,Crucibulum laeve,ツネノチャダイゴケ,1701,5243575,
6759,Melanopsamma pomiformis,,1702,9050555,
6760,Miyakeomyces bambusae,,1703,2560823,
6761,Niesslia arctiicola,,1704,10713710,
6762,Niesslia curvisetosa,,1704,10804174,
6763,Niesslia exosporioides,,1704,2560768,
6764,Niesslia tenuis,,1704,10871075,
6765,Melanoporia nigra,クロサルノコシカケ,1705,2545997,
6766,Nigrofomes melanoporus,ミナミクロサルノコシカケ,1706,2546169,
6767,Nigrograna antibiotica,,1707,10743055,
6768,Nigrograna cangshanensis,,1707,9709921,
6769,Acanthonitschkea tristis,,1708,8693810,
6770,Fracchiaea americana,,1709,3300819,
6771,Fracchiaea subcongregata,,1709,3286082,
6772,Nitschkia acanthostroma,,1710,2577563,
6773,Nitschkia cupularis,,1710,2577568,
6774,Nowakowskiella elegans,,1711,2627324,
6775,Ochrolechia akagiensis,,1712,8496882,
6776,Ochrolechia androgyna,,1712,2600221,
6777,Ochrolechia arborea,,1712,2600199,
6778,Ochrolechia frigida,,1712,2600204,
6779,Ochrolechia pallescens,,1712,2600197,
6780,Ochrolechia parella,,1712,2600212,
6781,Ochrolechia parellula,,1712,3412478,
6782,Ochrolechia tartarea,,1712,2600216,
6783,Ochrolechia trochophora,,1712,2600234,
6784,Ochrolechia upsaliensis,,1712,2600196,
6785,Ochrolechia yasudae,,1712,2600225,
6786,Ochropsora ariae,,1713,2516464,
6787,Ochropsora nambuana,,1713,2516472,
6788,Ochropsora staphyleae,,1713,11460717,
6789,Beloniella skimmiae,,1714,6341677,
6790,Olpidium bornovanus,,1715,2626979,
6791,Olpidium paradoxum,,1715,2626981,
6792,Olpidium viciae,,1715,3385367,
6793,Anthracophyllum nigritum,ネッタイカタハ,1716,2537442,
6794,Collybiopsis biformis,,1717,12210029,
6795,Collybiopsis confluens,,1717,11993337,
6796,Collybiopsis dichroa,,1717,12181741,
6797,Collybiopsis melanopus,,1717,12247385,
6798,Collybiopsis peronata,,1717,12092733,
6799,Collybiopsis quercophila,,1717,12163330,
6800,Collybiopsis ramealis,,1717,12045840,
6801,Connopus acervatus,,1718,8114489,
6802,Gymnopus alkalivirens,ミドリホウライタケ,1719,5243749,
6803,Gymnopus androsaceus,,1719,7769302,
6804,Gymnopus brassicolens,,1719,3566115,
6805,Gymnopus densilamellatus,,1719,9648027,
6806,Gymnopus dryophilus,モリノカサ,1719,5243756,
6807,Gymnopus erythropus,カレバタケ,1719,8929763,
6808,Gymnopus exsculptus,,1719,7484755,
6809,Gymnopus foetidus,,1719,8091645,
6810,Gymnopus impudicus,コゲチャクサカレバタケ,1719,5243737,
6811,Gymnopus iocephalus,ニオイカレバタケ,1719,5449389,
6812,Gymnopus junquilleus,,1719,5449274,
6813,Gymnopus neobrevipes,,1719,10580707,
6814,Gymnopus oncospermatis,ヤシモリノカレバタケ,1719,5449417,
6815,Gymnopus subsulphureus,,1719,5449433,
6816,Lentinula edodes,シイタケ,1720,2537743,
6817,Marasmiellus arenaceus,,1721,9693244,
6818,Marasmiellus candidus,シロホウライタケ,1721,2537876,
6819,Marasmiellus chamaecyparidis,ヒノキオチバタケ,1721,3321114,
6820,Marasmiellus crassitunicatus,ムラサキヤマンバ,1721,3321058,
6821,Marasmiellus leiophyllus,ムニンシロホウライタケ,1721,3321073,
6822,Marasmiellus lucidus,,1721,9723357,
6823,Marasmiellus mesosporus,スナジホウライタケ,1721,3321152,
6824,Marasmiellus tenerrimus,,1721,7243832,
6825,Marasmiellus venosus,,1721,9744701,
6826,Micromphale pacificum,,1722,3567111,
6827,Mycetinis opacus,,1723,3556039,
6828,Mycetinis scorodonius,,1723,2537418,
6829,Neonothopanus nambi,シロヒカリタケ,1724,2538215,
6830,Omphalotus guepiniiformis,,1725,3321448,
6831,Omphalotus nidiformis,,1725,2538075,
6832,Rhodocollybia butyracea,エセオリミキ,1726,9217873,
6833,Rhodocollybia lentinoides,,1726,3321226,
6834,Rhodocollybia maculata,アカアザタケ,1726,3321205,
6835,Setulipes funaliformis,,1727,3321422,
6836,Setulipes hakgalensis,,1727,3321419,
6837,Amauroascus aureus,,1728,2596326,
6838,Amauroascus purpureus,,1728,3469197,
6839,Aphanoascus cinnabarinus,,1729,2596309,
6840,Aphanoascus fulvescens,,1729,2596294,
6841,Aphanoascus keratinophilus,,1729,2596286,
6842,Chrysosporium botryoides,,1730,2596257,
6843,Chrysosporium globiferum,,1730,2596259,
6844,Coccidioides posadasii,,1731,5894981,
6845,Keratinophyton fluviale,,1732,12159164,
6846,Keratinophyton indicum,,1732,12247026,
6847,Onygena corvina,ホネタケ,1733,5259475,
6848,Ophidiomyces ophiicola,,1734,8200173,
6849,Cresponea chloroconia,,1735,2592882,
6850,Cresponea japonica,,1735,10693421,
6851,Cresponea macrocarpoides,,1735,3546647,
6852,Cresponea premnea,,1735,2592883,
6853,Cresponea proximata,,1735,3546650,
6854,Fouragea viridistellata,,1736,10885322,
6855,Nyungwea anguinella,,1737,10779965,
6856,Opegrapha lichenicola,,1738,5516759,
6857,Ophioceras castillensis,,1739,12194629,
6858,Ophioceras commune,,1739,5486259,
6859,Albophoma yamanashiensis,,1740,2588746,
6860,Elaphocordyceps longisegmentis,,1741,2564364,
6861,Hirsutella coccidiicola,クビオレカイガラムシタケ,1742,5483642,
6862,Hirsutella graptopsaltriae,シンネマタケ,1742,5483678,
6863,Hirsutella nutans,エダウチカメムシタケ,1742,5483663,
6864,Hirsutella proturicola,,1742,7637546,
6865,Hirsutella satumaensis,サツマカビ,1742,5252241,
6866,Hymenostilbe odonatae,ヤンマタケ,1743,3450813,
6867,Ophiocordyceps acicularis,コメツキモドキツブタケ,1744,3450877,
6868,Ophiocordyceps agriotis,コメツキムシタケ,1744,3450984,
6869,Ophiocordyceps annulata,,1744,9802386,
6870,Ophiocordyceps appendiculata,エダウチツトノミタケ,1744,3450861,
6871,Ophiocordyceps arborescens,,1744,9660697,
6872,Ophiocordyceps asiana,,1744,11622670,
6873,Ophiocordyceps aurantia,サンチュウウスゲハリタケ,1744,3450979,
6874,Ophiocordyceps cicadellidicola,,1744,9651159,
6875,Ophiocordyceps citrina,,1744,9679444,
6876,Ophiocordyceps clavata,クチキフサノミタケ,1744,3450923,
6877,Ophiocordyceps clavulata,,1744,2560698,
6878,Ophiocordyceps coccidiicola,カイガラムシツブタケ,1744,3450989,
6879,Ophiocordyceps cochlidiicola,イラガツブタケ,1744,3450842,
6880,Ophiocordyceps crinalis,アワノミハリタケ,1744,3450983,
6881,Ophiocordyceps dipterigena,ハエヤドリタケ,1744,3450894,
6882,Ophiocordyceps elateridicola,ヤエヤマコメツキムシタケ,1744,3450855,
6883,Ophiocordyceps elongatiperitheciata,ナガツブハリタケ,1744,3450986,
6884,Ophiocordyceps elongatistromata,ツキヌキハチタケ,1744,3450965,
6885,Ophiocordyceps entomorrhiza,オサムシタンポタケ,1744,2560568,
6886,Ophiocordyceps ferruginosa,サビイロクビオレタケ,1744,3450958,
6887,Ophiocordyceps formicarum,マルミノアリタケ,1744,3450938,
6888,Ophiocordyceps geniculata,クチキムシコガネツブタケ,1744,3450864,
6889,Ophiocordyceps hiugensis,コツブサナギハリタケ,1744,3450932,
6890,Ophiocordyceps japonensis,アリタケ,1744,3450862,
6891,Ophiocordyceps jinggangshanensis,,1744,3450840,
6892,Ophiocordyceps konnoana,マルミノコガネムシタケ,1744,3450860,
6893,Ophiocordyceps longissima,ウスユキエゾハルゼミタケ,1744,3450936,
6894,Ophiocordyceps michiganensis,クチキウスイロツブタケ,1744,3450925,
6895,Ophiocordyceps minutissima,ヒメクビオレタケ,1744,3450848,
6896,Ophiocordyceps myrmecophila,,1744,2560565,
6897,Ophiocordyceps myrmicarum,,1744,7609126,
6898,Ophiocordyceps neovolkiana,コガネムシタンポタケ,1744,3450948,
6899,Ophiocordyceps nigripoda,アシグロクビオレタケ,1744,3450895,
6900,Ophiocordyceps nutans,カメムシタケ,1744,3451394,
6901,Ophiocordyceps obtusa,,1744,3450942,
6902,Ophiocordyceps odonatae,,1744,3450993,
6903,Ophiocordyceps ootakii,,1744,10749588,
6904,Ophiocordyceps osuzumontana,ヒメハリタケ,1744,3450867,
6905,Ophiocordyceps oxycephala,トガリスズメバチタケ,1744,3450841,
6906,Ophiocordyceps pseudolongissima,イリオモテセミタケ,1744,3450890,
6907,Ophiocordyceps pulvinata,コブガタアリタケ,1744,8341902,
6908,Ophiocordyceps purpureostromata,ムラサキクビオレタケ,1744,7256241,
6909,Ophiocordyceps rubiginosiperitheciata,,1744,3450829,
6910,Ophiocordyceps salganeicola,,1744,12251561,
6911,Ophiocordyceps sessilis,,1744,7579484,
6912,Ophiocordyceps sinensis,,1744,2560562,
6913,Ophiocordyceps sobolifera,セミタケ,1744,3450833,
6914,Ophiocordyceps sphecocephala,ハチタケ,1744,2560547,
6915,Ophiocordyceps stylophora,クチキツトノミタケ,1744,3451428,
6916,Ophiocordyceps superficialis,ジムシヤドリタケ,1744,7256242,
6917,Ophiocordyceps tricentri,アワフキムシタケ,1744,3450988,
6918,Ophiocordyceps uchiyamae,クロミノクチキムシタケ,1744,3450967,
6919,Ophiocordyceps unilateralis,クビオレアリタケ,1744,3450915,
6920,Ophiocordyceps variabilis,,1744,3450954,
6921,Ophiocordyceps yakusimensis,ヤクシマセミタケ,1744,3450918,
6922,Paraisaria coenomyiae,,1745,12162817,
6923,Paraisaria gracilioides,コナウスイロタンポタケ,1745,3450996,
6924,Paraisaria heteropoda,,1745,11996818,
6925,Perennicordyceps cuboidea,,1746,7462154,
6926,Perennicordyceps paracuboidea,,1746,7816088,
6927,Perennicordyceps prolifica,,1746,7890281,
6928,Perennicordyceps ryogamiensis,,1746,7997434,
6929,Pleurocordyceps nipponica,,1747,12254819,
6930,Pleurocordyceps ramosopulvinata,,1747,12254883,
6931,Polycephalomyces formosus,シロサンゴタケ,1748,2564290,
6932,Polycephalomyces kanzashianus,,1748,7946906,
6933,Polycephalomyces tomentosus,,1748,2564296,
6934,Purpureocillium atypicola,,1749,9766247,
6935,Purpureocillium lavendulum,,1749,7451706,
6936,Purpureocillium lilacinum,,1749,8276361,
6937,Purpureocillium takamizusanense,,1749,7547866,
6938,Tolypocladium,,1750,11629550,
6939,Tolypocladium bacillisporum,,1750,12186017,
6940,Tolypocladium capitatum,,1750,7455687,
6941,Tolypocladium cylindrosporum,,1750,2564413,
6942,Tolypocladium delicatistipitatum,,1750,8221286,
6943,Tolypocladium inegoense,,1750,8183160,
6944,Tolypocladium inflatum,,1750,2564398,
6945,Tolypocladium intermedium,,1750,7480780,
6946,Tolypocladium japonicum,,1750,7778338,
6947,Tolypocladium lignicola,,1750,2564402,
6948,Tolypocladium microsporum,,1750,2560900,
6949,Tolypocladium minazukiense,,1750,8310297,
6950,Tolypocladium ophioglossoides,,1750,7646591,
6951,Tolypocladium paradoxum,,1750,8205725,
6952,Tolypocladium toriharamontanum,,1750,8396868,
6953,Tolypocladium valvatistipitatum,,1750,8385218,
6954,Hypocenomyce scalaris,,1751,3434172,
6955,Ophioparma handelii,,1752,3434147,
6956,Ophioparma lapponica,,1752,3434150,
6957,Ophioparma ventosa,,1752,7248995,
6958,Ceratocystiopsis minuta,,1753,2574190,
6959,Dryadomyces quercivorus,,1754,12140182,
6960,Esteya vermicola,,1755,2590259,
6961,Graphilbum pleomorphum,,1756,2573846,
6962,Graphilbum pusillum,,1756,12178039,
6963,Graphilbum rectangulosporium,,1756,8082087,
6964,Leptographium gracile,,1757,8319338,
6965,Leptographium lundbergii,,1757,2574011,
6966,Leptographium pini-densiflorae,,1757,3458578,
6967,Leptographium procerum,,1757,2574007,
6968,Leptographium serpens,,1757,2574070,
6969,Leptographium wingfieldii,,1757,2574009,
6970,Leptographium yamaokae,,1757,8289125,
6971,Leptographium yunnanense,,1757,3458583,
6972,Raffaelea ellipticospora,,1758,8132092,
6973,Sporothrix epigloea,,1759,9724628,
6974,Sporothrix globosa,,1759,3458640,
6975,Sporothrix narcissi,,1759,9786266,
6976,Sporothrix pallida,,1759,2573966,
6977,Sporothrix schenckii,,1759,3458592,
6978,Sporothrix stenoceras,,1759,9763856,
6979,Arthrobotrys conoides,,1760,5257755,
6980,Arthrobotrys entomopagus,,1760,5257735,
6981,Arthrobotrys iridis,,1760,5257653,
6982,Dactylella chichisimensis,,1761,5493677,
6983,Dactylella microaquatica,,1761,5257690,
6984,Dicranidion fissile,,1762,3476472,
6985,Dicranidion fragile,,1762,2587271,
6986,Dicranidion inaequale,,1762,5954110,
6987,Hyalorbilia inflatula,,1763,2587419,
6988,Orbilia auricolor,,1764,2587417,
6989,Orbilia bembicodes,,1764,8047589,
6990,Orbilia ellipsospora,,1764,11955166,
6991,Orbilia limpida,タマニカワタケ,1764,3476250,
6992,Orbilia luteorubella,ヤマブキイロオルビリアキン,1764,2587394,
6993,Orbilia rectispora,,1764,2587402,
6994,Orbilia sarraziniana,ウスベニロウサラタケ,1764,2587439,
6995,Orbilia umbilicata,,1764,3476116,
6996,Orbilia xanthostigma,,1764,2587386,
6997,Retiarius bovicornutus,,1765,2590526,
6998,Orphella haysii,,1766,2558112,
6999,Otidea alutacea,カワリニセチャワンタケ,1767,2593795,
7000,Otidea bufonia,ウズマキワンタケ,1767,2593792,
7001,Otidea cantharella,,1767,2594217,
7002,Otidea grandis,クロチャニセチャワンタケ,1767,2593801,
7003,Otidea leporina,キミミタケ,1767,2593806,
7004,Otidea microspora,,1767,3496266,
7005,Otidea onotica,ウスベニミミタケ,1767,9128195,
7006,Oxyporus cinnamomeus,,1768,5239305,
7007,Oxyporus corticola,,1768,5239293,
7008,Oxyporus cuneatus,シロカイメンタケ,1768,5239286,
7009,Oxyporus obducens,,1768,5239277,
7010,Oxyporus populinus,シロサルノコシカケ,1768,5239325,
7011,Oxyporus ravidus,,1768,5239335,
7012,Cymatoderma caperatum,アラゲウロコタケ,1769,2544291,
7013,Cymatoderma elegans,フトウラスジタケ,1769,2544269,
7014,Cymatoderma plicatum,,1769,2544252,
7015,Panus conchatus,カワキジョウゴタケ,1770,8689071,
7016,Panus japonicus,アシブトカワキタケ,1770,5464312,
7017,Panus neostrigosus,,1770,7648570,
7018,Panus rudis,,1770,5246153,
7019,Panus similis,スジカワキタケ,1770,5247105,
7020,Panus tahitensis,,1770,5247141,
7021,Erioderma asahineae,,1771,8702181,
7022,Fuscopannaria ahlneri,,1772,2601307,
7023,Fuscopannaria dissecta,,1772,3425158,
7024,Fuscopannaria incisa,,1772,2601298,
7025,Fuscopannaria leucosticta,,1772,8228671,
7026,Fuscopannaria protensa,,1772,3425178,
7027,Fuscopannaria subimmixta,,1772,2601304,
7028,Fuscopannaria subincisa,,1772,3425157,
7029,Gibbosporina boninensis,,1773,9741521,
7030,Kroswia gemmascens,,1774,3424816,
7031,Lepidocollema adpressum,,1775,10829387,
7032,Lepidocollema brisbanense,,1775,7922643,
7033,Lepidocollema marianum,,1775,7537694,
7034,Lepidocollema stylophorum,,1775,7997729,
7035,Leptogidium byssoides,,1776,2601062,
7036,Leptogidium dendriscum,,1776,3424318,
7037,Pannaria asahinae,,1777,2601193,
7038,Pannaria conoplea,,1777,3424580,
7039,Pannaria elatior,,1777,2601205,
7040,Pannaria formosana,,1777,3424627,
7041,Pannaria fulvescens,,1777,2601206,
7042,Pannaria globigera,,1777,3424658,
7043,Pannaria insularis,,1777,2601201,
7044,Pannaria leucosticta,,1777,3424795,
7045,Pannaria lurida,,1777,2601215,
7046,Pannaria rubiginosa,,1777,2601198,
7047,Pannaria tavaresii,,1777,2601202,
7048,Parmeliella adglutinata,,1778,3425211,
7049,Parmeliella alnophila,,1778,3425231,
7050,Parmeliella asahinae,,1778,3425318,
7051,Parmeliella incisa,,1778,2601299,
7052,Parmeliella miradorensis,,1778,2601247,
7053,Parmeliella nigrocincta,,1778,7250179,
7054,Parmeliella serpentinicola,,1778,3425198,
7055,Parmeliella verruculosa,,1778,3425210,
7056,Physma byrsinum,,1779,7250509,
7057,Physma hondoanum,,1779,3423709,
7058,Physma radians,,1779,3423682,
7059,Protopannaria pezizoides,,1780,2601343,
7060,Psoroma sphinctrinum,,1781,2601214,
7061,Santessoniella grisea,,1782,3425113,
7062,Staurolemma perforatum,,1783,10822401,
7063,Steineropsis laceratula,,1784,12201333,
7064,Aquastroma magniostiolatum,,1785,9681377,
7065,Parabambusicola bambusina,,1786,9731883,
7066,Paraglomus albidum,,1787,7608689,
7067,Paraglomus brasilianum,,1787,2560239,
7068,Parasympodiella clarkii,,1788,2587985,
7069,Parasympodiella laxa,,1788,2587986,
7070,Alectoria lata,,1789,5261198,
7071,Alectoria ochroleuca,,1789,5261195,
7072,Alectoria sarmentosa,,1789,11022230,
7073,Anzia colpodes,,1790,6347854,
7074,Anzia colpota,,1790,5473176,
7075,Anzia gracilis,,1790,5473169,
7076,Anzia hypoleucoides,,1790,5473190,
7077,Anzia japonica,,1790,7247907,
7078,Anzia opuntiella,,1790,5473194,
7079,Anzia ornata,,1790,5473210,
7080,Anzia semiteres,,1790,5261135,
7081,Anzia stenophylla,,1790,5473198,
7082,Arctoparmelia centrifuga,,1791,2605301,
7083,Arctoparmelia incurva,,1791,2605297,
7084,Arctoparmelia separata,,1791,2605294,
7085,Asahinea chrysantha,,1792,7247858,
7086,Asahinea scholanderi,,1792,3409325,
7087,Bryocaulon divergens,,1793,7862893,
7088,Bryocaulon pseudosatoanum,,1793,8426962,
7089,Bryocaulon satoanum,,1793,3409330,
7090,Bryoria americana,,1794,3409010,
7091,Bryoria asiatica,,1794,3409037,
7092,Bryoria bicolor,,1794,2606567,
7093,Bryoria chalybeiformis,,1794,2606556,
7094,Bryoria confusa,,1794,3409009,
7095,Bryoria fremontii,,1794,3409059,
7096,Bryoria furcellata,,1794,2606550,
7097,Bryoria fuscescens,,1794,2606557,
7098,Bryoria lactinea,,1794,3409003,
7099,Bryoria lanestris,,1794,2606561,
7100,Bryoria nadvornikiana,,1794,2606539,
7101,Bryoria nitidula,,1794,2606551,
7102,Bryoria smithii,,1794,2606562,
7103,Bryoria trichodes,,1794,7083786,
7104,Bulbothrix goebelii,,1795,2605131,
7105,Bulbothrix isidiza,,1795,2605136,
7106,Bulbothrix laevigatula,,1795,2605165,
7107,Bulbothrix subscortea,,1795,7429489,
7108,Canoparmelia aptata,,1796,2606644,
7109,Canoparmelia owariensis,,1796,2606639,
7110,Canoparmelia texana,,1796,2606613,
7111,Cetraria arenaria,,1797,3408377,
7112,Cetraria braunsiana,,1797,6017800,
7113,Cetraria endocrocea,,1797,7248447,
7114,Cetraria ericetorum,,1797,2605262,
7115,Cetraria islandica,,1797,2605272,
7116,Cetraria laevigata,,1797,7247688,
7117,Cetraria laii,,1797,10873560,
7118,Cetraria odontella,,1797,6017804,
7119,Cetraria ornata,,1797,3408344,
7120,Cetraria rugosa,,1797,3408316,
7121,Cetraria sepincola,,1797,2605279,
7122,Cetraria straminea,,1797,7685246,
7123,Cetrariella delisei,,1798,2605703,
7124,Cetrariopsis pallescens,,1799,3403906,
7125,Cetrariopsis wallichiana,,1799,3403901,
7126,Cetrelia braunsiana,,1800,2605880,
7127,Cetrelia cetrarioides,,1800,2605867,
7128,Cetrelia chicitae,,1800,3403541,
7129,Cetrelia collata,,1800,2605885,
7130,Cetrelia isidiata,,1800,2605886,
7131,Cetrelia japonica,,1800,2605870,
7132,Cetrelia monachorum,,1800,2605874,
7133,Cetrelia nuda,,1800,2605861,
7134,Cetrelia olivetorum,,1800,2605872,
7135,Cetrelia pseudolivetorum,,1800,8661409,
7136,Cetrelia sanguinea,,1800,2605863,
7137,Cetreliopsis asahinae,,1801,3403250,
7138,Cetreliopsis rhytidocarpa,,1801,9397772,
7139,Cornicularia normoerica,,1802,5261206,
7140,Dolichousnea diffracta,,1803,3407874,
7141,Dolichousnea longissima,,1803,3407877,
7142,Dolichousnea trichodeoides,,1803,3407876,
7143,Eumitria baileyi,,1804,2606003,
7144,Eumitria pectinata,,1804,3284086,
7145,Evernia esorediosa,,1805,3404394,
7146,Evernia mesomorpha,,1805,2605255,
7147,Evernia prunastri,,1805,2605261,
7148,Flavoparmelia baltimorensis,,1806,2606191,
7149,Flavoparmelia caperata,,1806,2606178,
7150,Flavopunctelia soredica,,1807,2605672,
7151,Gowardia nigricans,,1808,7772359,
7152,Hypogymnia arcuata,,1809,3403438,
7153,Hypogymnia bullata,,1809,3403518,
7154,Hypogymnia enteromorpha,,1809,2606491,
7155,Hypogymnia fragillima,,1809,3403421,
7156,Hypogymnia fujisanensis,,1809,3403356,
7157,Hypogymnia hokkaidensis,,1809,3403479,
7158,Hypogymnia hypotrypa,,1809,7247660,
7159,Hypogymnia hypotrypella,,1809,3403480,
7160,Hypogymnia irregularis,,1809,7557816,
7161,Hypogymnia metaphysodes,,1809,2606516,
7162,Hypogymnia mundata,,1809,2606481,
7163,Hypogymnia nikkoensis,,1809,3403516,
7164,Hypogymnia physodes,,1809,7247635,
7165,Hypogymnia pseudoenteromorpha,,1809,3403360,
7166,Hypogymnia pseudophysodes,,1809,7247550,
7167,Hypogymnia pulverata,,1809,3403395,
7168,Hypogymnia sachalinensis,,1809,3403341,
7169,Hypogymnia stricta,,1809,3403352,
7170,Hypogymnia subcrustacea,,1809,3403436,
7171,Hypogymnia tubulosa,,1809,2606511,
7172,Hypogymnia vittata,,1809,2606513,
7173,Hypotrachyna adjuncta,,1810,2605463,
7174,Hypotrachyna cirrhata,,1810,9766879,
7175,Hypotrachyna exsecta,,1810,2605533,
7176,Hypotrachyna formosana,,1810,2605629,
7177,Hypotrachyna horrescens,,1810,2605659,
7178,Hypotrachyna incognita,,1810,3403798,
7179,Hypotrachyna koyaensis,,1810,2605513,
7180,Hypotrachyna laevigata,,1810,2605521,
7181,Hypotrachyna minarum,,1810,2605664,
7182,Hypotrachyna osseoalba,,1810,2605627,
7183,Hypotrachyna pseudosinuosa,,1810,2605508,
7184,Hypotrachyna revoluta,,1810,6608355,
7185,Hypotrachyna sinuosa,,1810,2605504,
7186,Hypotrachyna spumosa,,1810,2605652,
7187,Hypotrachyna sublaevigata,,1810,2605446,
7188,Imshaugia aleurites,,1811,7247632,
7189,Letharia vulpina,,1812,2605403,
7190,Lethariella togashii,Nayonayosagari-goke,1813,3409308,
7191,Melanelia hepatizon,,1814,2603707,
7192,Melanelia stygia,,1814,2603725,
7193,Melanelixia huei,,1815,3403325,
7194,Melanelixia subaurifera,,1815,2605685,
7195,Melanohalea olivacea,,1816,2605326,
7196,Menegazzia anteforata,,1817,3408900,
7197,Menegazzia asahinae,,1817,6017827,
7198,Menegazzia caesiopruinosa,,1817,2603655,
7199,Menegazzia capitata,,1817,3408936,
7200,Menegazzia caviisidia,,1817,3408854,
7201,Menegazzia pedicellata,,1817,3408864,
7202,Menegazzia primaria,,1817,3408872,
7203,Menegazzia subsimilis,,1817,3408876,
7204,Menegazzia terebrata,,1817,2603661,
7205,Montanelia panniformis,,1818,8600902,
7206,Montanelia predisjuncta,,1818,10733705,
7207,Montanelia sorediata,,1818,8522155,
7208,Myelochroa aurulenta,,1819,2605384,
7209,Myelochroa entotheiochroa,,1819,2605359,
7210,Myelochroa galbina,,1819,2605391,
7211,Myelochroa hayachinensis,,1819,2605362,
7212,Myelochroa irrugans,,1819,2605394,
7213,Myelochroa metarevoluta,,1819,2605376,
7214,Myelochroa perisidians,,1819,2605396,
7215,Nephromopsis americana,,1820,10793089,
7216,Nephromopsis chlorophylla,,1820,10474267,
7217,Nephromopsis cucullata,,1820,10307780,
7218,Nephromopsis endocrocea,,1820,7248153,
7219,Nephromopsis endoxantha,,1820,7248157,
7220,Nephromopsis gilva,,1820,10716373,
7221,Nephromopsis laeteflava,,1820,10797170,
7222,Nephromopsis laii,,1820,3408105,
7223,Nephromopsis microphyllica,,1820,10751819,
7224,Nephromopsis nephromoides,,1820,9817713,
7225,Nephromopsis nivalis,,1820,10375240,
7226,Nephromopsis ornata,,1820,3408109,
7227,Nephromopsis rugosa,,1820,3408080,
7228,Nephromopsis stracheyi,,1820,3408094,
7229,Nephromopsis togashii,,1820,3408113,
7230,Nephromopsis ulophylloides,,1820,10879894,
7231,Nipponoparmelia isidioclada,,1821,8279308,
7232,Nipponoparmelia laevior,,1821,7762156,
7233,Nipponoparmelia pseudolaevior,,1821,8052240,
7234,Oropogon formosanus,,1822,3408808,
7235,Oropogon loxensis,,1822,10872494,
7236,Oropogon orientalis,,1822,3408831,
7237,Oropogon tanakae,,1822,3408796,
7238,Parmelia adaugescens,,1823,2605928,
7239,Parmelia angustifolia,,1823,2605925,
7240,Parmelia coralloidea,,1823,7248481,
7241,Parmelia fertilis,,1823,2605917,
7242,Parmelia fraudans,,1823,2605957,
7243,Parmelia homogenes,,1823,7247999,
7244,Parmelia hypotrypella,,1823,3407095,
7245,Parmelia laevis,,1823,8465140,
7246,Parmelia marmariza,,1823,2605941,
7247,Parmelia marmorophylla,,1823,2605934,
7248,Parmelia niitakana,,1823,2605931,
7249,Parmelia nikkoensis,,1823,3407089,
7250,Parmelia olivaria,,1823,12228041,
7251,Parmelia omphalodes,,1823,6607819,
7252,Parmelia pinnatifida,,1823,2605922,
7253,Parmelia praesquarrosa,,1823,3404961,
7254,Parmelia pseudolaevis,,1823,8454966,
7255,Parmelia pseudophysodes,,1823,7247922,
7256,Parmelia pseudoshinanoana,,1823,2605968,
7257,Parmelia saxatilis,,1823,2605955,
7258,Parmelia shinanoana,,1823,2605949,
7259,Parmelia squarrosa,,1823,2605926,
7260,Parmelia subconspersa,,1823,8529089,
7261,Parmelia submutata,,1823,2605962,
7262,Parmelia sulcata,,1823,2605963,
7263,Parmelina crassata,,1824,5473247,
7264,Parmelina entotheiochroa,,1824,5261170,
7265,Parmelina homogenes,,1824,5473272,
7266,Parmelina irrugans,,1824,5473255,
7267,Parmelina leucotyliza,,1824,5261171,
7268,Parmelina quercina,,1824,6607865,
7269,Parmelina subaurulenta,,1824,5261174,
7270,Parmelina tiliacea,,1824,5261156,
7271,Parmelinella nimandairana,,1825,10841279,
7272,Parmelinella wallichiana,,1825,2605842,
7273,Parmeliopsis ambigua,,1826,2605814,
7274,Parmeliopsis hyperopta,,1826,7638024,
7275,Parmotrema arnoldii,,1827,2606314,
7276,Parmotrema austrosinense,,1827,2606279,
7277,Parmotrema cetratum,,1827,7247590,
7278,Parmotrema clavuliferum,,1827,3409361,
7279,Parmotrema crinitum,,1827,2606414,
7280,Parmotrema cristiferum,,1827,2606380,
7281,Parmotrema dilatatum,,1827,2606256,
7282,Parmotrema grayanum,,1827,2606239,
7283,Parmotrema hawaiiense,,1827,3407639,
7284,Parmotrema hypoleucinum,,1827,2606367,
7285,Parmotrema hypotropum,,1827,2606299,
7286,Parmotrema mellissii,,1827,2606424,
7287,Parmotrema pacificum,,1827,2606281,
7288,Parmotrema parahypotropum,,1827,2606263,
7289,Parmotrema perforatum,,1827,3407732,
7290,Parmotrema perlatum,,1827,2606308,
7291,Parmotrema praesorediosum,,1827,2606328,
7292,Parmotrema rampoddense,,1827,2606411,
7293,Parmotrema reticulatum,,1827,6017788,
7294,Parmotrema saccatilobum,,1827,2606324,
7295,Parmotrema subtinctorium,,1827,3403715,
7296,Parmotrema sulphuratum,,1827,2606302,
7297,Parmotrema tinctorium,,1827,3407691,
7298,Parmotrema tinctorum,,1827,2606268,
7299,Parmotrema ultralucens,,1827,2606236,
7300,Platismatia erosa,,1828,3409379,
7301,Platismatia glauca,,1828,2605342,
7302,Platismatia interrupta,,1828,3409380,
7303,Protoparmelia badia,,1829,2605894,
7304,Pseudephebe pubescens,,1830,2606438,
7305,Pseudevernia intensa,,1831,2605851,
7306,Punctelia borreri,,1832,2605241,
7307,Punctelia oxyspora,,1832,10737703,
7308,Punctelia rudecta,,1832,2605231,
7309,Punctelia ruderata,,1832,10680535,
7310,Punctelia subflava,,1832,2605233,
7311,Punctelia subrudecta,,1832,2605209,
7312,Relicina abstrusa,,1833,2605778,
7313,Relicina planiuscula,,1833,2605771,
7314,Relicina samoensis,,1833,2605731,
7315,Relicina sydneyensis,,1833,2605780,
7316,Rimelia subisidiosa,,1834,5261143,
7317,Sulcaria sulcata,,1835,7493035,
7318,Tuckermannopsis ciliaris,,1836,2605286,
7319,Tuckermanopsis platyphylloides,,1837,7696467,
7320,Tuckneraria laureri,,1838,3403262,
7321,Tuckneraria pseudocomplicata,,1838,3403271,
7322,Usnea aciculifera,,1839,7248092,
7323,Usnea angulata,,1839,2606124,
7324,Usnea arthroclada,,1839,7247703,
7325,Usnea asahinae,,1839,8671337,
7326,Usnea aurantiacoatra,,1839,7248058,
7327,Usnea barbata,,1839,7247607,
7328,Usnea bismolliuscula,,1839,2606091,
7329,Usnea cavernosa,,1839,2606041,
7330,Usnea ceratina,,1839,2606018,
7331,Usnea confusa,,1839,3410047,
7332,Usnea cornuta,,1839,7407993,
7333,Usnea dasopoga,,1839,10875145,
7334,Usnea dasypoga,,1839,9329610,
7335,Usnea filipendula,,1839,2606006,
7336,Usnea flexilis,,1839,3409661,
7337,Usnea florida,,1839,2606038,
7338,Usnea fulvoreagens,,1839,8396237,
7339,Usnea fuscorubens,,1839,3410038,
7340,Usnea glabrata,,1839,2606099,
7341,Usnea glabrescens,,1839,2606045,
7342,Usnea hakonensis,,1839,7247615,
7343,Usnea hesperina,,1839,7247515,
7344,Usnea himalayana,,1839,8628795,
7345,Usnea himantodes,,1839,2606056,
7346,Usnea hirta,,1839,2606030,
7347,Usnea intumescens,,1839,6017875,
7348,Usnea japonica,,1839,7247596,
7349,Usnea kajalae,,1839,4281375,
7350,Usnea merrillii,,1839,2606089,
7351,Usnea mutabilis,,1839,2606049,
7352,Usnea nidifica,,1839,2606060,
7353,Usnea nidularis,,1839,6017878,
7354,Usnea nipparensis,,1839,7248041,
7355,Usnea orientalis,,1839,7247667,
7356,Usnea pangiana,,1839,7248038,
7357,Usnea plicata,,1839,7247913,
7358,Usnea pseudomontisfujii,,1839,3410270,
7359,Usnea pseudorubescens,,1839,6017869,
7360,Usnea pygmoidea,,1839,3409910,
7361,Usnea roseola,,1839,9071755,
7362,Usnea rubicunda,,1839,2606096,
7363,Usnea rubrotincta,,1839,3410387,
7364,Usnea strigosa,,1839,2606137,
7365,Usnea strigosella,,1839,3410175,
7366,Usnea subfloridana,,1839,2606023,
7367,Usnea subintumescens,,1839,7248030,
7368,Usnea trichodea,,1839,7247751,
7369,Usnea wasmuthii,,1839,7759954,
7370,Usnocetraria kurokawae,,1840,10740882,
7371,Usnocetraria oakesiana,,1840,8332598,
7372,Vulpicida juniperinus,,1841,2605820,
7373,Vulpicida pinastri,,1841,2605831,
7374,Xanthoparmelia botryoides,,1842,2604802,
7375,Xanthoparmelia camtschadalis,,1842,3408010,
7376,Xanthoparmelia claviculata,,1842,2604539,
7377,Xanthoparmelia conspersa,,1842,2604379,
7378,Xanthoparmelia coreana,,1842,2604560,
7379,Xanthoparmelia cumberlandia,,1842,2604642,
7380,Xanthoparmelia hirosakiensis,,1842,2604508,
7381,Xanthoparmelia lusitana,,1842,3407930,
7382,Xanthoparmelia mexicana,,1842,2604007,
7383,Xanthoparmelia mougeotii,,1842,2604973,
7384,Xanthoparmelia orientalis,,1842,2604990,
7385,Xanthoparmelia piedmontensis,,1842,2604653,
7386,Xanthoparmelia saxeti,,1842,9756276,
7387,Xanthoparmelia scabrosa,,1842,2604936,
7388,Xanthoparmelia stenophylla,,1842,3407931,
7389,Xanthoparmelia subpolyphylloides,,1842,2604553,
7390,Xanthoparmelia subramigera,,1842,2603995,
7391,Xanthoparmelia tinctina,,1842,2604737,
7392,Xanthoparmelia togashii,,1842,2603892,
7393,Xanthoparmelia tuberculiformis,,1842,2604572,
7394,Xanthoparmelia umezuana,,1842,10759763,
7395,Parmularia peltata,,1843,5265480,
7396,Parodiella perisporioides,,1844,3542846,
7397,Dimerium gardeniicola,,1845,5442657,
7398,Dimerium ilicinum,,1845,5439806,
7399,Dimerium japonicum,,1845,7636539,
7400,Patellaria tetraspora,,1846,5261783,
7401,Rhytidhysteron rufulum,,1847,2612509,
7402,Gyrodon lividus,ハンノキイグチ,1848,8972210,
7403,Meiorganum curtisii,,1849,2540164,
7404,Melanogaster broomeanus,ホソミノアカダマタケ,1850,9697398,
7406,Melanogaster intermedius,アカダマタケ,1850,5240039,
7407,Paxillus cuprinus,,1851,7372487,
7408,Paxillus involutus,ヒダハタケ,1851,5240002,
7409,Paxillus rubicundulus,アカゲヒダハタケ,1851,5239994,
7410,Emmanuelia ravenelii,,1852,12182989,
7411,Peltigera aphthosa,,1853,2601143,
7412,Peltigera canina,,1853,2601144,
7413,Peltigera collina,,1853,2601174,
7414,Peltigera degenii,,1853,2601164,
7415,Peltigera didactyla,,1853,2601149,
7416,Peltigera dilacerata,,1853,7250082,
7417,Peltigera dolichorhiza,,1853,5953302,
7418,Peltigera elisabethae,,1853,2601166,
7419,Peltigera extenuata,,1853,7636212,
7420,Peltigera horizontalis,,1853,2601139,
7421,Peltigera hymenina,,1853,7475082,
7422,Peltigera leucophlebia,,1853,2601141,
7423,Peltigera malacea,,1853,2601168,
7424,Peltigera membranacea,,1853,2601169,
7425,Peltigera neopolydactyla,,1853,2601159,
7426,Peltigera nigripunctata,,1853,7250068,
7427,Peltigera polydactylon,,1853,2601145,
7428,Peltigera praetextata,,1853,2601162,
7429,Peltigera pruinosa,,1853,8498683,
7430,Peltigera rufescens,,1853,2601176,
7431,Peltigera scabrosa,,1853,2601156,
7432,Peltigera subincusa,,1853,3423852,
7433,Peltigera venosa,,1853,2601157,
7434,Solorina crocea,,1854,2601134,
7435,Solorina plathycarpa,,1854,3424263,
7436,Solorina saccata,,1854,2601135,
7437,Solorina simensis,,1854,7250127,
7438,Peltula euploca,,1855,10698690,
7439,Asterostroma apalum,,1856,2552687,
7440,Asterostroma cervicolor,ホシゲタケ,1856,2552695,
7441,Asterostroma macrosporum,,1856,8031612,
7442,Asterostroma muscicola,,1856,2552700,
7443,Baltazaria galactina,,1857,10295236,
7444,Dichostereum induratum,,1858,3356826,
7445,Dichostereum pallescens,,1858,2552575,
7446,Dichostereum rhodosporum,ツチウロコタケ,1858,2552568,
7447,Lachnocladium brasiliense,,1859,2552709,
7448,Lachnocladium schweinfurthianum,,1859,3356846,
7449,Peniophora albobadia,,1860,2552247,
7450,Peniophora cinerea,ハイイロカワタケ,1860,9224047,
7451,Peniophora discoidea,,1860,3357135,
7452,Peniophora incarnata,ニクカワタケ,1860,2552308,
7453,Peniophora limitata,,1860,9146864,
7454,Peniophora manshurica,コミノカワタケ,1860,2552216,
7455,Peniophora nuda,ツクシカワタケ,1860,2552121,
7456,Peniophora pini,,1860,2552187,
7457,Peniophora polygonia,,1860,2552298,
7458,Peniophora quercina,カワタケ,1860,8980864,
7459,Peniophora similis,キカワタケ,1860,3357115,
7460,Peniophora versicolor,サビカワタケ,1860,2552106,
7461,Peniophora versiformis,,1860,2552326,
7462,Scytinostroma artocreas,,1861,12182694,
7463,Scytinostroma duriusculum,ナミガタウロコタケ,1861,2552643,
7464,Scytinostroma odoratum,ニオイウロコタケ,1861,9034310,
7465,Scytinostroma portentosum,ヤケイロコウヤクタケ,1861,2552673,
7466,Vararia investiens,コウヤクタケモドキ,1862,2552740,
7467,Vararia ochroleuca,,1862,2552738,
7468,Periconia byssoides,,1863,2615410,
7469,Periconia cookei,,1863,2615421,
7470,Periconia elegans,,1863,3536300,
7471,Periconia homothallica,,1863,9815353,
7472,Periconia lateralis,,1863,2615418,
7473,Periconia macrospinosa,,1863,2615417,
7474,Periconia pseudobyssoides,,1863,7484818,
7475,Periconia pseudodigitata,,1863,9680596,
7476,Parodiopsis gregaria,,1864,3293378,
7477,Lepra amara,,1865,10789004,
7478,Lepra commutata,,1865,9682466,
7479,Lepra composita,,1865,12265515,
7480,Lepra corallina,,1865,10739943,
7481,Lepra leucosora,,1865,10877889,
7482,Lepra leucosorodes,,1865,10787567,
7483,Lepra multipuncta,,1865,10870435,
7484,Lepra multipunctoides,,1865,9745113,
7485,Lepra ophthalmiza,,1865,10782893,
7486,Lepra panyrga,,1865,10875552,
7487,Lepra sphaerophora,,1865,10834972,
7488,Lepra subcomposita,,1865,10743690,
7489,Lepra submultipuncta,,1865,12190146,
7490,Lepra variolina,,1865,12239006,
7491,Lepra variolosa,,1865,10718038,
7492,Lepra violacea,,1865,10798848,
7493,Pertusaria astomoides,,1866,3412025,
7494,Pertusaria borealis,,1866,2600103,
7495,Pertusaria flavicans,,1866,2600137,
7496,Pertusaria hakkodensis,,1866,3411008,
7497,Pertusaria laeviganda,,1866,3410999,
7498,Pertusaria leioplaca,,1866,7250842,
7499,Pertusaria nakamurae,,1866,3411053,
7500,Pertusaria obsolescens,,1866,3412113,
7501,Pertusaria oshioi,,1866,3411422,
7502,Pertusaria pertusa,,1866,7250766,
7503,Pertusaria petrophyes,,1866,2599986,
7504,Pertusaria pseudocorallina,,1866,2600047,
7505,Pertusaria pustulata,,1866,2600136,
7506,Pertusaria quartans,,1866,3410976,
7507,Pertusaria rupicola,,1866,7250844,
7508,Pertusaria stenospora,,1866,10870082,
7509,Pertusaria subfallens,,1866,3410867,
7510,Pertusaria subobducens,,1866,3411633,
7511,Pertusaria subobductans,,1866,3411628,
7512,Pertusaria subvaginata,,1866,7250854,
7513,Pertusaria trochophora,,1866,3412273,
7514,Pertusaria tuberculifera,,1866,7250827,
7515,Porina chrysophora,,1867,4911346,
7516,Porina eminentior,,1867,5260889,
7517,Porina epiphylla,,1867,7249977,
7518,Porina exasperatula,,1867,5476355,
7519,Porina hirsuta,,1867,8849847,
7520,Porina internigrans,,1867,2602152,
7521,Porina leptosperma,,1867,7984785,
7522,Porina rufula,,1867,2602225,
7523,Porina tetracerae,,1867,8607076,
7524,Porina thujopsidicola,,1867,12213368,
7525,Porina triseptata,,1867,5476033,
7526,Porina virescens,,1867,2602272,
7527,Sagedia simoensis,,1868,6755122,
7528,Segestria leptalea,,1869,5476100,
7529,Segestria rubentior,,1869,5475897,
7530,Verseghya thysanophora,,1870,10816452,
7531,Ciliochorella castaneae,,1871,3475085,
7532,Neopestalotiopsis asiatica,,1872,7886110,
7533,Neopestalotiopsis clavispora,,1872,7759357,
7534,Neopestalotiopsis foedans,,1872,8152503,
7535,Pestalotia acaciae,,1873,2574737,
7536,Pestalotia diospyri,,1873,2574692,
7537,Pestalotia filisetula,,1873,3463421,
7538,Pestalotia longisetula,,1873,2574687,
7539,Pestalotia olivacea,,1873,2574711,
7540,Pestalotia photiniae,,1873,2574739,
7541,Pestalotia populi-nigrae,,1873,2574740,
7542,Pestalotia rosae,,1873,2574722,
7543,Pestalotiopsis aceris,,1874,10735747,
7544,Pestalotiopsis adusta,,1874,2574898,
7545,Pestalotiopsis algeriensis,,1874,10798541,
7546,Pestalotiopsis annulata,,1874,2574864,
7547,Pestalotiopsis breviseta,,1874,2574900,
7548,Pestalotiopsis calabae,,1874,2574912,
7549,Pestalotiopsis caroliniana,,1874,10750998,
7550,Pestalotiopsis cephalotaxi,,1874,2574876,
7551,Pestalotiopsis clavata,,1874,8109785,
7552,Pestalotiopsis conspicua,,1874,10762223,
7553,Pestalotiopsis crassiuscula,,1874,2574881,
7554,Pestalotiopsis cruenta,,1874,2574858,
7555,Pestalotiopsis cryptomeriae,,1874,3462505,
7556,Pestalotiopsis disseminata,,1874,2574935,
7557,Pestalotiopsis distincta,,1874,3462552,
7558,Pestalotiopsis elasticola,,1874,3462593,
7559,Pestalotiopsis eugeniae,,1874,2574695,
7560,Pestalotiopsis fici,ペスタロチアビョウ,1874,2574951,
7561,Pestalotiopsis flagisetula,,1874,10671962,
7562,Pestalotiopsis funerea,,1874,2574871,
7563,Pestalotiopsis glandicola,,1874,2574887,
7564,Pestalotiopsis gracilis,,1874,2574866,
7565,Pestalotiopsis guepinii,,1874,2574974,
7566,Pestalotiopsis ixorae,,1874,3462506,
7567,Pestalotiopsis japonica,,1874,2574955,
7568,Pestalotiopsis jesteri,,1874,3462607,
7569,Pestalotiopsis langloisii,,1874,3462473,
7570,Pestalotiopsis lespedezae,,1874,3462539,
7571,Pestalotiopsis longiaristata,,1874,7986241,
7572,Pestalotiopsis longiseta,,1874,3462535,
7573,Pestalotiopsis macrochaeta,,1874,2574925,
7574,Pestalotiopsis maculans,,1874,2574919,
7575,Pestalotiopsis maculiformans,,1874,2574984,
7576,Pestalotiopsis malicola,,1874,3462578,
7577,Pestalotiopsis mayumbensis,,1874,2574945,
7578,Pestalotiopsis menezesiana,,1874,3462492,
7579,Pestalotiopsis montellica,,1874,2574976,
7580,Pestalotiopsis neglecta,,1874,2574856,
7581,Pestalotiopsis oleandri,,1874,3462517,
7582,Pestalotiopsis paeoniae,,1874,2574883,
7583,Pestalotiopsis paeoniicola,,1874,3462570,
7584,Pestalotiopsis pallidotheae,,1874,7444179,
7585,Pestalotiopsis palmarum,,1874,2574860,
7586,Pestalotiopsis palustris,,1874,3462594,
7587,Pestalotiopsis planimi,,1874,3462583,
7588,Pestalotiopsis podocarpi,,1874,3462585,
7589,Pestalotiopsis portugallica,,1874,7747836,
7590,Pestalotiopsis quadriciliata,,1874,3462474,
7591,Pestalotiopsis rhododendri,,1874,10811116,
7592,Pestalotiopsis shiraiana,,1874,10833875,
7593,Pestalotiopsis sydowiana,,1874,2574943,
7594,Pestalotiopsis trachycarpicola,,1874,7396210,
7595,Pestalotiopsis uvicola,,1874,2574885,
7596,Pestalotiopsis versicolor,,1874,2574862,
7597,Pseudopestalotiopsis theae,,1875,7534901,
7598,Seiridium cupressi,,1876,10765435,
7599,Adelphella babingtonii,,1877,3494731,
7600,Chromelosporium fulvum,,1878,2595087,
7601,Daleomyces petersii,,1879,12196556,
7602,Iodophanus carneus,,1880,2595140,
7603,Iodophanus testaceus,,1880,8908776,
7604,Legaliana badia,,1881,12081600,
7605,Luteoamylascus aculeatus,,1882,9727595,
7606,Malvipezia emileia,,1883,11590197,
7607,Malvipezia lividula,,1883,11988034,
7608,Marcelleina persoonii,マルセルムラサキサラタケ,1884,8675735,
7609,Oedocephalum glomerulosum,,1885,2593290,
7610,Oedocephalum nayoroense,,1885,3495956,
7611,Ostracoderma ochraceum,,1886,5259182,
7612,Pachyella adnata,,1887,3493042,
7613,Pachyella celtica,,1887,2595038,
7614,Pachyella clypeata,カバイロチャワンタケ,1887,2595014,
7615,Pachyella globispora,マルミノカバイロチャワンタケ,1887,3493051,
7616,Pachyella violaceonigra,ケシムラサキチャワンタケ,1887,2595033,
7617,Pachyphlodes citrina,,1888,7919803,
7618,Pachyphlodes nemoralis,,1888,8952307,
7619,Paragalactinia michelii,,1889,12006390,
7620,Paragalactinia succosa,,1889,12149748,
7621,Peziza ammophila,スナヤマチャワンタケ,1890,5259322,
7622,Peziza arvernensis,モリノチャワンタケ,1890,5259318,
7623,Peziza atrovinosa,,1890,5259387,
7624,Peziza aurata,,1890,5259376,
7625,Peziza castanea,,1890,5498442,
7626,Peziza domiciliana,ナヤノシロチャワンタケ,1890,5259249,
7627,Peziza echinospora,,1890,5259382,
7628,Peziza fimeti,,1890,7675285,
7629,Peziza micropus,タヌキノチャワンタケ,1890,5259335,
7630,Peziza moravecii,イバリチャワンタケ,1890,5259253,
7631,Peziza ostracoderma,,1890,5259236,
7632,Peziza praetervisa,フジイロチャワンタケモドキ,1890,5259265,
7633,Peziza repanda,オオヒラチャワンタケ,1890,9141652,
7635,Peziza scissa,,1890,5498808,
7636,Peziza suzukii,,1890,5498297,
7637,Peziza vesiculosa,オオチャワンタケ,1890,5259242,
7638,Phylloscypha phyllogena,,1891,11986601,
7639,Plicariella flavovirens,,1892,7692335,
7640,Allophylaria nana,,1893,3487564,
7641,Allophylaria subhyalina,,1893,2582519,
7642,Calycellina dennisii,,1894,5496765,
7643,Calycellina fagina,,1894,5496782,
7644,Calycellina lachnobrachya,,1894,5521339,
7645,Calycellina populina,,1894,7541010,
7646,Calycellina punctata,,1894,5257274,
7647,Calycina chionea,,1895,5257172,
7648,Calycina citrina,,1895,5256859,
7649,Calycina claroflava,,1895,8008418,
7650,Calycina herbarum,,1895,5256449,
7651,Calycina lactea,,1895,7738726,
7652,Calycina vulgaris,,1895,5257138,
7653,Chalara clidemiae,,1896,9813364,
7654,Chalara longipes,,1896,2591619,
7655,Chalara piceae-abietis,,1896,3498729,
7656,Chalara pseudoaffinis,,1896,8112829,
7657,Chalara vaccinii,,1896,2591666,
7658,Gemmina gemmarum,,1897,2584909,
7659,Mollisina acerina,,1898,2586695,
7660,Mollisina uncinata,,1898,3489450,
7661,Psilachnum chrysostigmum,,1899,7245991,
7662,Setoscypha lachnobrachyoidea,,1900,3306114,
7664,Bulgaria prunicola,サクラゴムタケ,308,3481222,
7665,Phacidium lauri,,1901,7440379,
7666,Phaeochora livistonae,,1902,2569755,
7667,Lichenostigma alpinum,,1903,7723076,
7668,Ampelomyces humuli,,1904,3538576,
7669,Ampelomyces quisqualis,,1904,2619225,
7670,Chaetosphaeronema coonsii,,1905,7477689,
7671,Eudarluca australis,,1906,2619097,
7672,Eudarluca biconica,,1906,3539170,
7673,Hadrospora fallax,,1907,2619106,
7674,Hawksworthiana peltigericola,,1908,2589743,
7675,Hendersonia grossulariae,,1909,6096236,
7676,Hendersonia striatospora,,1909,6348772,
7677,Metameris japonica,,1910,3543844,
7678,Neosetophoma italica,,1911,7622515,
7679,Nodulosphaeria dolioloides,,1912,2619135,
7680,Nodulosphaeria franconica,,1912,3539201,
7681,Nodulosphaeria galiorum,,1912,7253516,
7682,Nodulosphaeria nipponica,,1912,3539186,
7683,Ophiobolus acuminatus,,1913,5263086,
7684,Ophiobolus anguillides,,1913,5263094,
7685,Ophiobolus graffianus,,1913,5514614,
7686,Ophiobolus oryzae,,1913,5514630,
7687,Ophiosphaerella agrostidis,,1914,2619577,
7688,Ophiosphaerella herpotricha,,1914,2619581,
7689,Paraphoma chrysanthemicola,,1915,8427105,
7690,Paraphoma radicina,,1915,2614519,
7691,Phaeoseptoria eucalypti,,1916,2619563,
7692,Phaeoseptoria japonica,,1916,3539150,
7693,Phaeoseptoria oryzae,,1916,3539162,
7694,Phaeosphaeria bambusae,,1917,3538708,
7695,Phaeosphaeria caricinella,,1917,2619241,
7696,Phaeosphaeria caricis,,1917,2619258,
7697,Phaeosphaeria equiseti,,1917,6020596,
7698,Phaeosphaeria eustoma,,1917,2619369,
7699,Phaeosphaeria fuckelii,,1917,2619333,
7700,Phaeosphaeria fuckelioides,,1917,3538592,
7701,Phaeosphaeria graminis,,1917,2619309,
7702,Phaeosphaeria herpotrichoides,,1917,2619252,
7703,Phaeosphaeria luctuosa,,1917,2619367,
7704,Phaeosphaeria nigrans,,1917,2619235,
7705,Phaeosphaeria oryzae,,1917,2619331,
7706,Phaeosphaeria punctillum,,1917,3538598,
7707,Phaeosphaeria rousseliana,,1917,2619391,
7708,Phaeosphaeria sparsa,,1917,2619244,
7709,Phaeosphaeria tofieldiae,,1917,2619345,
7710,Phaeosphaeriopsis glaucopunctata,,1918,2614260,
7711,Phaeosphaeriopsis obtusispora,,1918,2614274,
7712,Piniphoma wesendahlina,,1919,10698923,
7713,Saccharicola taiwanensis,,1920,8607432,
7714,Sclerostagonospora cycadis,,1921,8266373,
7715,Septoriella elongata,,1922,10734417,
7716,Septoriella vagans,,1922,10723755,
7717,Setomelanomma rostrata,,1923,10559610,
7718,Setophoma sacchari,,1924,7753876,
7719,Setophoma terrestris,,1924,7436896,
7720,Sphaerellopsis filum,,1925,5263161,
7721,Stagonospora arenaria,,1926,2619527,
7722,Stagonospora fuckelii,,1926,2619488,
7723,Stagonospora hachijoensis,,1926,3538735,
7724,Stagonospora maackiae,,1926,3538966,
7725,Stagonospora maculata,,1926,2619493,
7726,Stagonospora perfecta,,1926,7407616,
7727,Stagonospora pini-pumilae,,1926,3538839,
7728,Stagonospora pseudoperfecta,,1926,9736705,
7729,Stagonospora sparti,,1926,9791394,
7730,Stagonospora tainanensis,,1926,3538791,
7731,Stagonospora theae,,1926,3538883,
7732,Gelidatrema spencermartinsiae,,1927,9661380,
7733,Phaeotrichum setosum,,1928,2613952,
7734,Cyberlindnera euphorbiae,,1929,3283829,
7735,Cyberlindnera fabianii,,1929,3283830,
7736,Cyberlindnera jadinii,,1929,3283823,
7737,Cyberlindnera japonica,,1929,3283835,
7738,Cyberlindnera misumaiensis,,1929,3283826,
7739,Cyberlindnera mrakii,,1929,3283837,
7740,Cyberlindnera rhodanensis,,1929,3283825,
7741,Cyberlindnera saturnus,,1929,3283839,
7742,Cyberlindnera veronae,,1929,3283831,
7743,Cyberlindnera xylebori,,1929,8167757,
7744,Starmera quercuum,,1930,3479670,
7745,Cerotelium fici,,1931,9206047,
7746,Kweilingia divina,,1932,2514111,
7747,Monosporidium machili,,1933,2514250,
7748,Nothoravenelia japonica,,1934,2514228,
7749,Phakopsora artemisiae,,1935,2514150,
7750,Phakopsora ehretiae,,1935,3383597,
7751,Phakopsora euvitis,,1935,2514163,
7752,Phakopsora fici-erectae,,1935,3383612,
7753,Phakopsora formosana,,1935,3383660,
7754,Phakopsora glochidii,,1935,3383636,
7755,Phakopsora incompleta,,1935,2514132,
7756,Phakopsora itoana,,1935,3383663,
7757,Phakopsora malloti,,1935,3383626,
7758,Phakopsora pachyrhizi,,1935,2514154,
7759,Phakopsora pipturi,,1935,12216335,
7760,Phakopsora ziziphi-vulgaris,,1935,3383603,
7761,Pucciniostele clarkiana,,1936,7543068,
7762,Pucciniostele mandschurica,,1936,3383568,
7763,Aseroe coccinea,アカヒトデタケ,1937,7761837,
7764,Aseroe rubra,アカイカタケ,1937,4911642,
7765,Blumenavia rhacodes,,1938,2524052,
7766,Clathrus archeri,,1939,5239483,
7767,Clathrus columnatus,ヨツデタケ,1939,5239478,
7768,Clathrus ruber,アカカゴタケ,1939,5239476,
7769,Ileodictyon gracile,カゴタケ,1940,2524065,
7770,Jansia boninensis,シマイヌノエフデ,1941,3297297,
7771,Laternea columnata,,1942,2523978,
7772,Lysurus arachnoideus,,1943,8170343,
7773,Lysurus borealis,,1943,7245007,
7774,Lysurus mokusin,ゴリョウタケ,1943,8697118,
7775,Lysurus periphragmoides,キアミズキンタケ,1943,5445796,
7776,Mutinus bambusinus,ウシノエフデ,1944,5239468,
7777,Mutinus boninensis,シマイヌノエフデ,1944,12244228,
7778,Mutinus borneensis,コイヌノエフデ,1944,5239464,
7779,Mutinus caninus,キタキツネノロウソク,1944,5239473,
7780,Mutinus fleischeri,,1944,5445887,
7781,Mutinus ravenelii,,1944,5239466,
7782,Phallus flavocostatus,キイロスッポンタケ,1945,3314978,
7783,Phallus hadriani,アカダマスッポンタケ,1945,2524103,
7784,Phallus impudicus,スッポンタケ,1945,3314876,
7785,Phallus indusiatus,キヌガサタケ,1945,2524108,
7786,Phallus luteus,ウスキキヌガサタケ,1945,8055182,
7787,Phallus multicolor,,1945,8618631,
7788,Phallus rubicundus,アカダマノオオタイマツ,1945,6014310,
7789,Phallus rubrovolvatus,アカダマキヌガサタケ,1945,3314882,
7790,Phallus rugulosus,キツネノタイマツ,1945,3314884,
7791,Protuberella borealis,ニカワショウロ,1946,2524054,
7792,Pseudocolus fusiformis,アカサンコタケ,1947,2524071,
7793,Protubera nipponica,,1948,2524097,
7794,Atheliachaete galactites,,1949,7509026,
7795,Bjerkandera adusta,ヒメヤケイロタケ,1950,2543824,
7796,Bjerkandera fumosa,ヒメモグサタケ,1950,2543885,
7797,Hapalopilus croceus,オオカボチャタケ,1951,2548619,
7798,Hapalopilus rutilans,アカゾメタケ,1951,8383534,
7799,Inflatostereum glabrum,ヒメサジタケ,1952,2541285,
7800,Phaeophlebiopsis himalayensis,,1953,10811181,
7801,Phaeophlebiopsis ravenelii,,1953,10801525,
7802,Phanerina mellea,,1954,9345501,
7803,Phanerochaete burtii,ウスキヒモカワタケ,1955,2541486,
7804,Phanerochaete laevis,ヒラカワタケ,1955,2541425,
7805,Phanerochaete luteoaurantiaca,,1955,2541419,
7806,Phanerochaete sordida,ウスキイロカワタケ,1955,2541441,
7807,Phanerodontia chrysosporium,,1956,5955153,
7808,Phlebiopsis castanea,,1957,9541569,
7809,Phlebiopsis crassa,,1957,7898018,
7810,Phlebiopsis gigantea,カミカワタケ,1957,8899548,
7811,Porostereum spadiceum,オリーブウロコタケ,1958,9145383,
7812,Rhizochaete filamentosa,,1959,2541789,
7813,Terana caerulea,,1960,5244849,
7814,Terana coerulea,アイイロオオコウヤクタケ,1960,5244852,
7815,Helicogloea compressa,,1961,10683432,
7816,Phleogena faginea,トメバリキン,1962,2557842,
7817,Phlyctis argena,,1963,8620875,
7818,Phomatospora albomaculans,,1964,3462342,
7819,Phomatospora aucubae,,1964,2574496,
7820,Phomatospora dinemasporium,,1964,2574485,
7821,Arthuriomyces peckianus,,1965,2516617,
7822,Gerwasia rubi,,1966,2516712,
7823,Hamaspora ozeensis,,1967,3374059,
7824,Hamaspora rubi-sieboldii,,1967,2516658,
7825,Kuehneola callicarpae,,1968,3373914,
7826,Kuehneola japonica,,1968,2516635,
7827,Kuehneola uredinis,,1968,2516636,
7828,Phragmidium alpinum,,1969,3373954,
7829,Phragmidium americanum,,1969,2516584,
7830,Phragmidium brevipedicellatum,,1969,3373983,
7831,Phragmidium duchesneae,,1969,2516502,
7832,Phragmidium fragariae,,1969,10881322,
7833,Phragmidium fusiforme,,1969,2516527,
7834,Phragmidium griseum,,1969,2516521,
7835,Phragmidium heterosporum,,1969,3374018,
7836,Phragmidium itoanum,,1969,3373960,
7837,Phragmidium kamtschatkae,,1969,8632065,
7838,Phragmidium miyabeanum,,1969,3373998,
7839,Phragmidium miyakeanum,,1969,3374054,
7840,Phragmidium montivagum,,1969,3374043,
7841,Phragmidium mucronatum,,1969,7789914,
7842,Phragmidium nambuanum,,1969,3374056,
7843,Phragmidium pauciloculare,,1969,2517530,
7844,Phragmidium potentillae,,1969,2516510,
7845,Phragmidium rosae-multiflorae,,1969,2516572,
7846,Phragmidium rosae-pimpinellifoliae,,1969,2516614,
7847,Phragmidium rosae-rugosae,,1969,3373974,
7848,Phragmidium rubi,,1969,2516537,
7849,Phragmidium rubi-idaei,,1969,2516590,
7850,Phragmidium rubi-japonici,,1969,3373999,
7851,Phragmidium rubi-oldhami,,1969,3374021,
7852,Phragmidium tuberculatum,,1969,2516514,
7853,Phragmidium violaceum,,1969,10757028,
7854,Phragmidium warburgianum,,1969,12226080,
7855,Phragmidium yamadanum,,1969,3373946,
7856,Phragmidium yezoense,,1969,3373952,
7857,Phragmotelium barnardii,,1970,2517520,
7858,Phragmotelium rubi-thunbergii,,1970,2517531,
7859,Xenodochus carbonarius,,1971,5237140,
7860,Xenodochus minor,,1971,5237141,
7861,Phycomyces nitens,ヒゲカビ,1972,2558258,
7862,Spinellus fusiger,,1973,2558273,
7863,Bagnisiopsis rhoina,,1974,2569988,
7864,Catacauma nipponicum,,1975,2569890,
7865,Coccodiella arundinariae,タケクロイボタケ,1976,2570258,
7866,Endodothella tosensis,,1977,2572218,
7867,Phyllachora anthistiriae,,1978,4910567,
7868,Phyllachora arthraxonis,,1978,2571801,
7869,Phyllachora arundinis,,1978,2571402,
7870,Phyllachora bromi,,1978,4910397,
7871,Phyllachora chimonobambusae,,1978,2571303,
7872,Phyllachora dimeriae,,1978,2571186,
7873,Phyllachora fici-wightianae,,1978,2571177,
7874,Phyllachora ficuum,,1978,2570555,
7875,Phyllachora graminis,,1978,3457327,
7876,Phyllachora hibiscicola,,1978,2571612,
7877,Phyllachora ischaemi,,1978,2570361,
7878,Phyllachora leptotheca,,1978,2570630,
7879,Phyllachora luteomaculata,,1978,8078913,
7880,Phyllachora minuta,,1978,2570980,
7881,Phyllachora minutissima,,1978,2570800,
7882,Phyllachora miscanthi,,1978,2571078,
7883,Phyllachora orbis,,1978,2571085,
7884,Phyllachora oryzopsidis,,1978,2571482,
7885,Phyllachora paspalicola,,1978,2571346,
7886,Phyllachora phyllostachydis,,1978,2571434,
7887,Phyllachora pogonatheri,,1978,2570714,
7888,Phyllachora puncta,,1978,4909732,
7889,Phyllachora setariicola,,1978,2570689,
7890,Phyllachora shiraiana,,1978,2570848,
7891,Phyllachora tehonis,,1978,2571832,
7892,Polystigma fulvum,,1979,5253871,
7893,Polystigma haraeanum,,1979,5253895,
7894,Polystigma uniloculare,,1979,5253885,
7895,Rehmiodothis osbeckiae,,1980,2572096,
7896,Trabutiella macrospora,,1981,6355681,
7897,Trabutiella microthyrioides,,1981,6355693,
7898,Guignardia alnigena,,1982,3519284,
7899,Guignardia ardisiae,,1982,3519515,
7900,Guignardia camelliae,,1982,2611428,
7901,Guignardia cryptomeriae,,1982,3519359,
7902,Guignardia sawadae,,1982,3519471,
7903,Phyllosticta aconiti,,1983,3514978,
7904,Phyllosticta akaisiana,,1983,3516703,
7905,Phyllosticta alcides,,1983,3514352,
7906,Phyllosticta alliacea,,1983,3514808,
7907,Phyllosticta ampelicida,,1983,2611418,
7908,Phyllosticta ardisiicola,,1983,3515956,
7909,Phyllosticta argyrea,,1983,3514658,
7910,Phyllosticta aspidistricola,,1983,3515946,
7911,Phyllosticta azevinhi,,1983,3515635,
7912,Phyllosticta broussonetiae,,1983,3516721,
7913,Phyllosticta camelliae,,1983,2612049,
7914,Phyllosticta capitalensis,,1983,2612180,
7915,Phyllosticta chrysanthemi,,1983,3516231,
7916,Phyllosticta citricarpa,,1983,2611486,
7917,Phyllosticta citricola,,1983,3514764,
7918,Phyllosticta comanthosphacea,,1983,3514725,
7919,Phyllosticta concentrica,,1983,2612065,
7920,Phyllosticta cordylines,,1983,2612210,
7921,Phyllosticta cordylinophila,,1983,2612162,
7922,Phyllosticta cruenta,,1983,7255034,
7923,Phyllosticta cryptomeriae,,1983,3514953,
7924,Phyllosticta destruens,,1983,7255000,
7925,Phyllosticta erratica,,1983,3515853,
7926,Phyllosticta fallopiae,,1983,3514767,
7927,Phyllosticta gardeniicola,,1983,3514815,
7929,Phyllosticta hamamelidis,,1983,2612126,
7930,Phyllosticta haynaldii,,1983,3516381,
7931,Phyllosticta horai,,1983,3514796,
7932,Phyllosticta hostae,,1983,7801576,
7933,Phyllosticta jasmini,,1983,2611991,
7934,Phyllosticta kerriae,,1983,3515933,
7935,Phyllosticta kobayashii,,1983,3516657,
7936,Phyllosticta kobus,,1983,3514293,
7937,Phyllosticta ligustricola,,1983,3514845,
7938,Phyllosticta mahoniicola,,1983,2612199,
7939,Phyllosticta minima,,1983,2611949,
7940,Phyllosticta miurae,,1983,3514380,
7941,Phyllosticta miyakei,,1983,2612032,
7942,Phyllosticta musarum,,1983,2611478,
7943,Phyllosticta neopyrolae,,1983,7897472,
7944,Phyllosticta nigromaculans,,1983,3514412,
7945,Phyllosticta oleandri,,1983,3515294,
7946,Phyllosticta oryzae,,1983,7676641,
7947,Phyllosticta oryzina,,1983,3516265,
7948,Phyllosticta osmanthicola,,1983,3516437,
7949,Phyllosticta paviae,,1983,2611366,
7950,Phyllosticta persicae,,1983,3514824,
7951,Phyllosticta phanerura,,1983,2612040,
7952,Phyllosticta phaseolina,,1983,2611969,
7953,Phyllosticta philoprina,,1983,8047779,
7954,Phyllosticta pilospora,,1983,12259930,
7955,Phyllosticta pittospori,,1983,3515249,
7956,Phyllosticta plantaginella,,1983,3516761,
7957,Phyllosticta polygonati,,1983,3514795,
7958,Phyllosticta rhapidis,,1983,3514307,
7959,Phyllosticta solitaria,,1983,2612138,
7960,Phyllosticta spinarum,,1983,2612155,
7961,Phyllosticta take,,1983,3514628,
7962,Phyllosticta theae,,1983,3516621,
7963,Phyllosticta thujopsidis,,1983,3514557,
7964,Phyllosticta zingiberis,,1983,2611976,
7965,Phyllostictina hysterella,,1984,3297359,
7966,Phyllostictina vaccinii,,1984,9604754,
7967,Phyllotopsis nidulans,ウスベニクワタケ,1985,2531625,
7968,Anastrophella podocarpicola,,1986,2537456,
7969,Armillaria bulbosa,,1987,2536851,
7970,Armillaria cepistipes,クロゲナラタケ,1987,2536888,
7971,Armillaria ectypa,ヤチヒロヒダタケ,1987,8342003,
7972,Armillaria gallica,ヤワナラタケ,1987,2536847,
7973,Armillaria gigantea,,1987,3341128,
7974,Armillaria jezoensis,コバリナラタケ,1987,3341245,
7975,Armillaria mellea,ナラタケ,1987,2536891,
7976,Armillaria nabsnona,ヤチナラタケ,1987,3341115,
7977,Armillaria obscura,,1987,2536871,
7978,Armillaria ostoyae,オニナラタケ,1987,2536899,
7979,Armillaria sinapina,ホテイナラタケ,1987,2536870,
7980,Armillaria singula,ヒトリナラタケ,1987,3341170,
7981,Cibaomyces glutinis,,1988,7491109,
7982,Cryptomarasmius aucubae,,1989,8084755,
7983,Cryptomarasmius minutus,,1989,8246276,
7984,Cylindrobasidium argenteum,ケンピビョウキン,1990,3341074,
7985,Cylindrobasidium evolvens,,1990,8022674,
7986,Cylindrobasidium laeve,エビオオコウヤクタケ,1990,2537020,
7987,Cyptotrama asprata,ダイダイガサ,1991,2536991,
7988,Cyptotrama chrysopepla,,1991,7961664,
7989,Desarmillaria ectypa,,1992,9694273,
7990,Desarmillaria tabescens,,1992,9713443,
7991,Flammulina fennae,,1993,5243611,
7992,Flammulina filiformis,,1993,10418172,
7993,Flammulina rossica,,1993,5459190,
7994,Flammulina velutipes,エノキタケ,1993,3341441,
7995,Gloiocephala epiphylla,,1994,3562971,
7996,Hymenopellis amygdaliformis,,1995,7955858,
7997,Hymenopellis aureocystidiata,,1995,7569627,
7998,Hymenopellis furfuracea,,1995,7518425,
7999,Hymenopellis japonica,,1995,7708800,
8000,Hymenopellis megalospora,,1995,8088863,
8001,Hymenopellis orientalis,,1995,8205813,
8002,Hymenopellis radicata,,1995,8031042,
8003,Hymenopellis raphanipes,,1995,7732734,
8004,Hymenopellis trichofera,,1995,7743810,
8005,Hymenopellis vinocontusa,,1995,8277935,
8006,Mucidula brunneomarginata,,1996,8372518,
8007,Mucidula mucida,,1996,2537081,
8008,Oudemansiella canarii,ネッタイヌメリタケ,1997,5243653,
8009,Oudemansiella ephippium,,1997,5459150,
8010,Oudemansiella latilamellata,ヒロハツエタケ,1997,5459119,
8011,Oudemansiella rhodophylla,アカハツエタケ,1997,5459176,
8012,Paraxerula hongoi,,1998,7845758,
8013,Physalacria bambusae,,1999,2536920,
8014,Physalacria cryptomeriae,スギノタマバリタケ,1999,2536937,
8015,Physalacria inflata,,1999,2536938,
8016,Physalacria komabensis,ヒメタマバリタケ,1999,3341080,
8017,Physalacria orientalis,,1999,2536928,
8018,Physalacria sasae,タマバリタケ,1999,2536923,
8019,Physalacria stilboidea,,1999,2536931,
8020,Ponticulomyces kedrovayae,,2000,7441379,
8021,Ponticulomyces orientalis,,2000,8265416,
8022,Rhodotus palmatus,ホシアンズタケ,2001,2537058,
8023,Strobilurus esculentus,マツカサキノコ,2002,5243623,
8024,Strobilurus ohshimae,スギエダタケ,2002,9747922,
8025,Strobilurus stephanocystis,マツカサキノコモドキ,2002,5243617,
8026,Strobilurus tenacellus,マツカサシメジ,2002,8903955,
8027,Xerula pudens,ビロードツエタケ,2003,2536820,
8028,Xerula sinopudens,コブリビロードツエタケ,2003,3341291,
8029,Xerula strigosa,,2003,3341268,
8030,Anaptychia esorediata,,2004,7251052,
8031,Anaptychia isidiza,,2004,3427422,
8032,Heterodermia diademata,,2005,2609358,
8033,Heterodermia dissecta,,2005,7251166,
8034,Heterodermia hypochraea,,2005,3427565,
8035,Heterodermia isidiophora,,2005,2609375,
8036,Heterodermia obscurata,,2005,2609327,
8037,Heterodermia pacifica,,2005,3427531,
8038,Heterodermia pandurata,,2005,3427552,
8039,Heterodermia podocarpa,,2005,2609341,
8040,Heterodermia pseudospeciosa,,2005,2609331,
8041,Heterodermia speciosa,,2005,2609349,
8042,Heterodermia subascendens,,2005,3427579,
8043,Huriopsis chrysidiata,,2006,12241678,
8044,Huriopsis luteonigra,,2006,12246805,
8045,Huriopsis xanthophaea,,2006,12248326,
8046,Hyperphyscia crocata,,2007,3427743,
8047,Johnsheardia zwackhiana,,2008,12190355,
8048,Kashiwadia orientalis,,2009,10720763,
8049,Klauskalbia flabellata,,2010,12180401,
8050,Kurokawia isidiata,,2011,12220508,
8051,Kurokawia palmulata,,2011,12237374,
8052,Leucodermia boryi,,2012,10824082,
8053,Leucodermia leucomelos,,2012,10841226,
8054,Mischoblastia oxydata,,2013,3562699,
8055,Phaeophyscia ciliata,,2014,2609167,
8056,Phaeophyscia endococcina,,2014,2609172,
8057,Phaeophyscia endococcinodes,,2014,2609141,
8058,Phaeophyscia erythrocardia,,2014,3427019,
8059,Phaeophyscia exornatula,,2014,3427029,
8060,Phaeophyscia hirsuta,,2014,2609143,
8061,Phaeophyscia hirtuosa,,2014,3427093,
8062,Phaeophyscia hispidula,,2014,2609177,
8063,Phaeophyscia imbricata,,2014,3427049,
8064,Phaeophyscia limbata,クロムカデゴケ,2014,3427095,
8065,Phaeophyscia orbicularis,,2014,2609145,
8066,Phaeophyscia primaria,,2014,3427013,
8067,Phaeophyscia pyrrhophora,,2014,3427040,
8068,Phaeophyscia rubropulchra,,2014,7519986,
8070,Phaeophyscia saxatilis,,2014,10845597,
8071,Phaeophyscia sciastra,,2014,2609154,
8072,Phaeophyscia spinellosa,,2014,3427033,
8073,Phaeophyscia squarrosa,,2014,3427024,
8074,Phaeophyscia trichophora,,2014,3427092,
8075,Physcia aipolia,,2015,2608929,
8076,Physcia alba,,2015,2608887,
8077,Physcia albinea,,2015,10897291,
8078,Physcia caesia,,2015,2608920,
8079,Physcia dubia,,2015,2608913,
8080,Physcia leana,,2015,3428423,
8081,Physcia phaea,,2015,2608903,
8082,Physcia poncinsii,,2015,2608945,
8083,Physcia sorediosa,,2015,2608937,
8084,Physcia stellaris,,2015,2608941,
8085,Physcia tribacia,,2015,7858957,
8086,Physcia undulata,,2015,2608902,
8087,Physcia vitii,,2015,8331155,
8088,Physciella chloantha,,2016,2608948,
8089,Physciella denigrata,,2016,3287935,
8090,Physciella melanchra,,2016,2608947,
8091,Physconia detersa,,2017,2609409,
8092,Physconia distorta,,2017,2609422,
8093,Physconia grumosa,,2017,3427733,
8094,Physconia kurokawae,,2017,3427695,
8095,Physconia perisidiosa,,2017,2609406,
8096,Physconia pulverulenta,,2017,7250996,
8097,Poeltonia grisea,,2018,12243943,
8098,Polyblastidium albicans,,2019,12183431,
8099,Polyblastidium dendriticum,,2019,10814638,
8100,Polyblastidium fragilissimum,,2019,10834250,
8101,Polyblastidium hypocaesium,,2019,10798969,
8102,Polyblastidium hypoleucum,,2019,10865899,
8103,Polyblastidium japonicum,,2019,10850077,
8104,Polyblastidium microphyllum,,2019,10888345,
8105,Polyblastidium propaguliferum,,2019,10872629,
8106,Polyblastidium squamulosum,,2019,10898183,
8107,Rinodina ascociscana,,2020,3428659,
8108,Rinodina buckii,,2020,7981893,
8109,Rinodina compensata,,2020,3429138,
8110,Rinodina conradii,,2020,8138423,
8111,Rinodina degeliana,,2020,3429324,
8112,Rinodina excrescens,,2020,3428918,
8113,Rinodina exigua,,2020,2609126,
8114,Rinodina hypobadia,,2020,10683468,
8115,Rinodina kozukensis,,2020,3429368,
8116,Rinodina moziana,,2020,6018430,
8117,Rinodina polyspora,,2020,2608998,
8118,Rinodina sophodes,,2020,2609075,
8119,Rinodina subalbida,,2020,3429248,
8120,Rinodina subminuta,,2020,3429045,
8121,Rinodina subpariata,,2020,3428877,
8122,Rinodina subparieta,,2020,10280172,
8123,Physoderma alfalfae,,2021,2626815,
8124,Physoderma dulichii,,2021,3386969,
8125,Physoderma fabae,,2021,3386916,
8126,Physoderma kriegeriana,,2021,8402348,
8127,Physoderma maydis,,2021,2626833,
8128,Physoderma trifolii,,2021,2626828,
8129,Nakazawaea ernobii,,2022,7668008,
8130,Nakazawaea holstii,,2022,2599412,
8131,Nakazawaea ishiwadae,,2022,7935955,
8132,Pileolaria brevipes,,2023,5237293,
8133,Pileolaria klugkistiana,,2023,5237290,
8134,Pileolaria shiraiana,,2023,5468437,
8135,Pileolaria terebinthi,,2023,5237294,
8136,Pileolaria toxicodendri,,2023,5468447,
8137,Pilobolus crystallinus,ミズタマカビ,2024,2558983,
8138,Lopadium purpuratum,,1332,3393782,
8139,Piptocephalis curvata,,2025,2559054,
8140,Piptocephalis fimbriata,,2025,2559057,
8141,Piptocephalis minuta,,2025,2559050,
8142,Piptocephalis moniliformis,,2025,10855092,
8143,Piptocephalis tieghemiana,,2025,2559055,
8144,Piptocephalis xenophila,,2025,2559036,
8145,Syncephalis tenuis,,2026,2559080,
8146,Piskurozyma capsuligena,,2027,10819704,
8147,Piskurozyma cylindrica,,2027,9684450,
8148,Piskurozyma taiwanensis,,2027,9748302,
8149,Solicoccozyma aeria,,2028,9775597,
8150,Solicoccozyma fuscescens,,2028,9712105,
8151,Solicoccozyma terrea,,2028,9779160,
8152,Solicoccozyma terricola,,2028,9755839,
8153,Achroceratosphaeria potamia,,2029,8169501,
8154,Placynthium nigrum,,2030,7250436,
8155,Planistromella cattleyae,,2031,3523870,
8156,Glomopsis corni,,2032,2517990,
8157,Platygloea disciformis,,2033,2517964,
8158,Platygloea navispora,,2033,3383810,
8159,Gibellulopsis nigrescens,,2034,2569088,
8160,Gibellulopsis piscis,,2034,2569094,
8161,Musicillium theobromae,,2035,2569176,
8162,Musidium stromaticum,,2036,10850328,
8163,Paragibellulopsis chrysanthemi,,2037,10808852,
8164,Plectosphaerella cucumerina,,2038,5254402,
8165,Plectosphaerella melonis,,2038,8140501,
8166,Plectosphaerella pauciseptata,,2038,7484861,
8167,Plectosphaerella populi,,2038,8392308,
8168,Sodiomyces alcalophilus,,2039,10690801,
8169,Verticillium alboatrum,,2040,5895938,
8170,Verticillium alfalfae,,2040,8142167,
8171,Verticillium dahliae,,2040,2569149,
8172,Verticillium longisporum,,2040,2569168,
8173,Verticillium nonalfalfae,,2040,8366023,
8174,Verticillium tricorpus,,2040,2569167,
8175,Verticillium zaregamsianum,,2040,8083235,
8176,Asteromassaria macroconidica,,2041,3535777,
8177,Asteromassaria pulchra,,2041,3535788,
8178,Pleomassaria siparia,,2042,3535813,
8179,Pleomassaria swidae,,2042,3536176,
8180,Prosthemium canba,,2043,3536187,
8181,Prosthemium intermedium,,2043,8140054,
8182,Prosthemium orientale,,2043,8429551,
8183,Scolicosporium campsosperma,,2044,8009613,
8184,Splanchnonema argus,,2045,3535865,
8185,Splanchnonema maximum,,2045,3535809,
8186,Splanchnonema mori,,2045,3535831,
8187,Pleohelicoon richonis,,2046,10856346,
8188,Alternaria allii,,2047,2616206,
8189,Alternaria alstroemeriae,,2047,2616319,
8190,Alternaria alternata,,2047,2616163,
8191,Alternaria angustiovoidea,,2047,2616106,
8192,Alternaria arborescens,,2047,2616108,
8193,Alternaria aspera,,2047,8157575,
8194,Alternaria atra,,2047,7357851,
8195,Alternaria bataticola,,2047,2616162,
8196,Alternaria betae-kenyensis,,2047,3531231,
8197,Alternaria botrytis,,2047,8407362,
8198,Alternaria brassicae,,2047,2616257,
8199,Alternaria brassicicola,,2047,2616139,
8200,Alternaria calendulae,,2047,2616306,
8201,Alternaria celosiicola,,2047,7376080,
8202,Alternaria chartarum,,2047,2616517,
8203,Alternaria chlamydospora,,2047,2616115,
8204,Alternaria cinerariae,,2047,2616314,
8205,Alternaria citri,,2047,2616137,
8206,Alternaria crassa,,2047,2616128,
8207,Alternaria cucumerina,,2047,2616342,
8208,Alternaria cumini,,2047,3531410,
8209,Alternaria dauci,,2047,2616356,
8210,Alternaria dianthi,,2047,2616308,
8211,Alternaria embellisia,,2047,7382337,
8212,Alternaria gaisen,,2047,12206489,
8214,Alternaria gomphrenae,,2047,2616643,
8215,Alternaria hyacinthi,,2047,8231501,
8216,Alternaria iridicola,,2047,3531432,
8217,Alternaria japonica,,2047,2616196,
8218,Alternaria longipes,,2047,2616188,
8219,Alternaria longissima,,2047,2615876,
8220,Alternaria macrospora,,2047,2616263,
8221,Alternaria mali,,2047,2616157,
8222,Alternaria nobilis,,2047,2616288,
8223,Alternaria oudemansii,,2047,8414214,
8224,Alternaria padwickii,,2047,2616231,
8225,Alternaria panax,,2047,2616200,
8226,Alternaria pellucida,,2047,2616124,
8227,Alternaria penicillata,,2047,8267798,
8228,Alternaria petasitis,,2047,3531096,
8229,Alternaria petroselini,,2047,2616209,
8230,Alternaria porri,,2047,2616325,
8231,Alternaria radicina,,2047,2616281,
8232,Alternaria raphani,,2047,2616227,
8233,Alternaria rhadina,,2047,2616315,
8234,Alternaria ricini,,2047,2616171,
8235,Alternaria saponariae,,2047,2616312,
8236,Alternaria solani,,2047,2616205,
8237,Alternaria steviae,,2047,2616350,
8238,Alternaria tabacina,,2047,3531068,
8239,Alternaria tagetica,,2047,2616158,
8240,Alternaria tenuissima,,2047,2616214,
8241,Alternaria tomato,,2047,2616229,
8242,Alternaria triticicola,,2047,8414376,
8243,Alternaria zinniae,,2047,2616333,
8244,Alternariaster helianthi,,2048,2617228,
8245,Asteromyces cruciatus,,2049,5257841,
8246,Bipolaris chloridis,,2050,3530850,
8247,Bipolaris coicis,,2050,2617134,
8248,Bipolaris cookei,,2050,2617182,
8249,Bipolaris cynodontis,,2050,2616001,
8250,Bipolaris gigantea,,2050,12252248,
8251,Bipolaris heveae,,2050,2617163,
8252,Bipolaris leersiae,,2050,2617143,
8253,Bipolaris oryzae,,2050,2615973,
8254,Bipolaris panici-miliacei,,2050,2617184,
8255,Bipolaris papendorfii,,2050,2617124,
8256,Bipolaris peregianensis,,2050,3530843,
8257,Bipolaris sacchari,,2050,2617187,
8258,Bipolaris sorokiniana,,2050,2615927,
8259,Bipolaris victoriae,,2050,2615916,
8260,Bipolaris zeae,,2050,2617162,
8261,Bipolaris zeicola,,2050,2615904,
8262,Cochliobolus akaii,,2051,2615966,
8263,Cochliobolus bicolor,,2051,2615934,
8264,Cochliobolus eleusines,,2051,2615977,
8265,Cochliobolus geniculatus,,2051,2615939,
8266,Cochliobolus heterostrophus,,2051,2615946,
8267,Cochliobolus setariae,,2051,2615886,
8268,Cochliobolus stenospilus,,2051,2616011,
8269,Curvularia affinis,,2052,2616478,
8270,Curvularia akaii,,2052,3531479,
8271,Curvularia australiensis,,2052,8216905,
8272,Curvularia clavata,,2052,2616422,
8273,Curvularia coicis,,2052,7741966,
8274,Curvularia eragrostidis,,2052,2616090,
8275,Curvularia fallax,,2052,2616468,
8276,Curvularia gladioli,,2052,2616477,
8277,Curvularia hawaiiensis,,2052,8240153,
8278,Curvularia inaequalis,,2052,2616436,
8279,Curvularia intermedia,,2052,2616446,
8280,Curvularia kusanoi,,2052,9801619,
8281,Curvularia lunata,,2052,2616016,
8282,Curvularia matsushimae,,2052,3531482,
8283,Curvularia micropus,,2052,10891800,
8284,Curvularia miyakei,,2052,9789188,
8285,Curvularia nodulosa,,2052,9725211,
8286,Curvularia pallescens,,2052,2616087,
8287,Curvularia panici,,2052,3531452,
8288,Curvularia prasadii,,2052,2616420,
8289,Curvularia protuberata,,2052,2616425,
8290,Curvularia senegalensis,,2052,2616455,
8291,Curvularia spicifera,,2052,2615960,
8292,Curvularia trifolii,,2052,2616426,
8293,Curvularia tsudae,,2052,8190104,
8294,Curvularia tuberculata,,2052,2615945,
8295,Curvularia verruculosa,,2052,2616083,
8296,Decorospora gaudefroyi,,2053,2616367,
8297,Drechslera yamadae,,2054,3530947,
8298,Drechslera zizaniae,,2054,2617036,
8299,Exserohilum frumentacei,,2055,3530882,
8300,Exserohilum monoceras,,2055,2617009,
8301,Exserohilum neoregeliae,,2055,7439469,
8302,Exserohilum prolatum,,2055,2617015,
8303,Exserohilum rostratum,,2055,2617004,
8304,Exserohilum turcicum,,2055,2616982,
8305,Paradendryphiella arenariae,,2056,7666928,
8306,Paradendryphiella salina,,2056,7740276,
8307,Pleospora ambigua,,2057,5262624,
8308,Pleospora chlamydospora,,2057,6020354,
8309,Pleospora comata,,2057,5262716,
8310,Pleospora ephedricola,,2057,5510956,
8311,Pleospora helvetica,,2057,5262737,
8312,Pleospora herbarum,,2057,7905592,
8313,Pleospora hidakana,,2057,5511348,
8314,Pleospora lactucicola,,2057,5262621,
8315,Pleospora laricina,,2057,5262613,
8316,Pleospora rubelloides,,2057,5262698,
8317,Pleospora scirpicola,,2057,5262639,
8318,Pleospora straminis,,2057,5262706,
8319,Pyrenophora avenae,,2058,2616556,
8320,Pyrenophora biseptata,,2058,7649664,
8321,Pyrenophora bromi,,2058,2616557,
8322,Pyrenophora catenaria,,2058,7865254,
8323,Pyrenophora chaetomioides,,2058,2616582,
8324,Pyrenophora dactylidis,,2058,2616587,
8325,Pyrenophora dematioidea,,2058,9718971,
8326,Pyrenophora dictyoides,,2058,2616625,
8327,Pyrenophora erythrospila,,2058,2616568,
8328,Pyrenophora grahamii,,2058,7770054,
8329,Pyrenophora graminea,,2058,2616571,
8330,Pyrenophora japonica,,2058,2616595,
8331,Pyrenophora lolii,,2058,2616553,
8332,Pyrenophora nisikadoi,,2058,10691458,
8333,Pyrenophora nobleae,,2058,7993837,
8334,Pyrenophora polytricha,,2058,8062618,
8335,Pyrenophora teres,,2058,2616563,
8336,Pyrenophora tritici-repentis,,2058,2616606,
8337,Stemphylium astragali,,2059,3530571,
8338,Stemphylium botryosum,,2059,7485478,
8339,Stemphylium lancipes,,2059,2616043,
8340,Stemphylium lycopersici,,2059,2616051,
8341,Stemphylium sarciniforme,,2059,2616058,
8342,Stemphylium solani,,2059,2616061,
8343,Stemphylium trifolii,,2059,3530532,
8344,Stemphylium vesicarium,,2059,2616067,
8345,Typhicola typharum,,2060,10878121,
8346,Wettsteinina lacustris,,2061,2618220,
8347,Venustampulla echinocandica,,2062,10832903,
8348,Venustampulla parva,,2062,10723990,
8349,Pleurostoma richardsiae,,2063,9691067,
8350,Hohenbuehelia cystidioides,,2064,3329327,
8351,Hohenbuehelia grisea,ツメタケ,2064,2526413,
8352,Hohenbuehelia lividula,オガサワラヒメカタハ,2064,3329360,
8353,Hohenbuehelia petaloides,,2064,2526256,
8354,Hohenbuehelia reniformis,ヒメムキタケ,2064,2526296,
8355,Hohenbuehelia silvana,,2064,2526353,
8356,Hohenbuehelia squamula,,2064,3329390,
8357,Hohenbuehelia testudo,,2064,2526333,
8358,Nothopanus eugrammus,,2065,2538179,
8359,Pleurotus citrinopileatus,,2066,2526504,
8360,Pleurotus cornucopiae,タモギタケ,2066,2526649,
8362,Pleurotus cyatheae,ヘゴシロカタハ,2066,3329782,
8363,Pleurotus cystidiosus,アワビタケ,2066,2526556,
8364,Pleurotus djamor,トキイロヒラタケ,2066,2526599,
8365,Pleurotus dryinus,ツバヒラタケ,2066,2526564,
8366,Pleurotus eryngii,,2066,9075265,
8367,Pleurotus incarnatus,,2066,2526661,
8368,Pleurotus minutoniger,,2066,3329881,
8369,Pleurotus nitidus,,2066,9816366,
8370,Pleurotus ostreatus,アワビタケ,2066,2526530,
8371,Pleurotus perpusillus,フブキタケ,2066,2528344,
8372,Pleurotus populinus,,2066,2526667,
8373,Pleurotus pulmonarius,ウスヒラタケ,2066,2526548,
8374,Pleurotus tuber-regium,,2066,2545411,
8375,Resupinatus applicatus,アクゲシジミタケ,2067,2532215,
8376,Resupinatus merulioides,,2067,2532226,
8377,Resupinatus poriaeformis,,2067,2532192,
8378,Resupinatus striatulus,ヒメシジミタケ,2067,2532235,
8379,Resupinatus trichotis,クロゲシジミタケ,2067,2532179,
8380,Pleurothecium obovoideum,,2068,2572815,
8381,Pleurothecium recurvatum,,2068,2572812,
8382,Rhexoacrodictys erecta,,2069,3442372,
8383,Cadophora dextrinospora,,2070,11543072,
8384,Cadophora fallopiae,,2070,11551641,
8385,Cadophora fastigiata,,2070,2598665,
8386,Cadophora luteo-olivacea,,2070,2598540,
8387,Cadophora malorum,,2070,2598544,
8388,Cylindrosporium camelliae,,2071,3486196,
8389,Cylindrosporium komarowii,,2071,3486159,
8390,Cylindrosporium spiraeae-thunbergii,,2071,3486046,
8391,Mycochaetophora gentianae,,2072,8344836,
8392,Mycochaetophora japonica,,2072,3442166,
8393,Neospermospora avenae,,2073,11560203,
8394,Oculimacula yallundae,,2074,2584202,
8395,Pyrenopeziza ebuli,,2075,2583768,
8396,Pyrenopeziza nervicola,,2075,2583808,
8397,Pyrenopeziza orientalipetiolaris,,2075,12196727,
8398,Pyrenopeziza petiolaris,,2075,7869710,
8399,Rhynchobrunnera orthospora,,2076,12171389,
8400,Rhynchosporium secalis,,2077,2584242,
8401,Pluteus aporpus,,2078,5449636,
8402,Pluteus atrofuscus,クロベニヒダタケ,2078,10814456,
8403,Pluteus atromarginatus,クロフチシカタケ,2078,5241354,
8404,Pluteus aurantiorugosus,ヒイロベニヒダタケ,2078,5241254,
8405,Pluteus brunneidiscus,,2078,5449964,
8406,Pluteus castroae,,2078,7686842,
8407,Pluteus cervinus,,2078,7446067,
8408,Pluteus chrysophaeus,キイロウラベニガサ,2078,5241298,
8409,Pluteus chrysophlebius,,2078,5241370,
8410,Pluteus cinereofuscus,,2078,5241262,
8411,Pluteus eugraptus,,2078,5449816,
8412,Pluteus fenzlii,,2078,5241372,
8413,Pluteus griseodiscus,,2078,9788713,
8414,Pluteus hongoi,,2078,5449616,
8415,Pluteus leoninus,ベニヒダタケ,2078,5241259,
8416,Pluteus longistriatus,,2078,5449655,
8417,Pluteus nanus,ヒメベニヒダタケ,2078,5241384,
8418,Pluteus pantherinus,ヒョウモンウラベニガサ,2078,5449737,
8419,Pluteus petasatus,クサミノシカタケ,2078,5241275,
8420,Pluteus phlebophorus,コシワベニヒダタケ,2078,7641695,
8421,Pluteus plautus,,2078,5241290,
8422,Pluteus podospileus,ザラツキウラベニガサ,2078,5241244,
8423,Pluteus pouzarianus,,2078,5241271,
8424,Pluteus robertii,,2078,5241268,
8425,Pluteus romellii,キアシベニヒダタケ,2078,5241339,
8426,Pluteus roseipes,,2078,5449973,
8427,Pluteus rubrotomentosus,,2078,5449789,
8428,Pluteus salicinus,ビロードベニヒダタケ,2078,5241274,
8429,Pluteus semibulbosus,,2078,5241329,
8430,Pluteus shikae,,2078,8179876,
8431,Pluteus subcervinus,,2078,5449881,
8432,Pluteus thomsonii,カサヒダタケ,2078,5241265,
8433,Pluteus umbrosus,フチドリベニヒダタケ,2078,5241351,
8434,Pluteus variabilicolor,,2078,5449629,
8435,Pluteus velutinus,,2078,8379208,
8436,Volvariella bombycina,キヌオオフクロタケ,2079,5241399,
8437,Volvariella caesiotincta,,2079,5241397,
8438,Volvariella hypopithys,モリノコフクロタケ,2079,5241451,
8439,Volvariella microspila,,2079,5449579,
8440,Volvariella pusilla,ヒメフクロタケ,2079,9162314,
8441,Volvariella subtaylorii,,2079,5449519,
8442,Volvariella volvacea,クロフクロタケ,2079,5241445,
8443,Volvopluteus asiaticus,,2080,8032070,
8444,Volvopluteus earlei,ヒメシロフクロタケ,2080,7590178,
8445,Volvopluteus gloiocephalus,,2080,8329645,
8446,Podonectria coccicola,,2081,2613658,
8447,Abortiporus biennis,ニクウチワタケ,2082,2544114,
8448,Podoscypha elegans,タチウロコタケ,2083,2544834,
8449,Podoscypha mellissii,,2083,2544889,
8450,Podoscypha nitidula,サカズキウロコタケ,2083,2544841,
8451,Podoscypha pusilla,,2083,8116557,
8452,Cladorrhinum leucotrichum,,2084,12212758,
8453,Cladorrhinum samala,,2084,2572945,
8454,Podospora communis,,2085,5254102,
8455,Podospora inquinata,,2085,5254121,
8456,Triangularia angulispora,,2086,5254047,
8457,Triangularia backusii,,2086,5254049,
8458,Triangularia longicaudata,,2086,10771899,
8459,Triangularia matsushimae,,2086,5486025,
8460,Triangularia samala,,2086,12199220,
8461,Triangularia setosa,,2086,10830294,
8462,Triangularia verruculosa,,2086,10844974,
8463,Abundisporus fuscopurpureus,クロブドウタケ,2087,2545601,
8464,Abundisporus pubertatis,ホウネンタケ,2087,2545622,
8465,Abundisporus quercicola,,2087,2545627,
8466,Abundisporus roseoalbus,,2087,2545629,
8467,Amauroderma auriscalpium,,2088,5248348,
8468,Amauroderma omphalodes,,2088,5464104,
8469,Amauroderma scopulosum,ナンバンウチワタケ,2088,5248326,
8470,Amauroderma subrugosum,,2088,5248320,
8471,Cellulariella acuta,,2089,7356678,
8472,Cerioporus choseniae,,2090,9747359,
8473,Cerioporus leptocephalus,,2090,9284704,
8474,Cerioporus scutellatus,,2090,10884231,
8475,Cerioporus squamosus,,2090,2547092,
8476,Cerioporus varius,,2090,9400640,
8477,Coriolopsis byrsina,,2091,2546438,
8478,Coriolopsis gallica,カタシラガタケ,2091,2546533,
8479,Coriolopsis luteo-olivacea,,2091,3365316,
8480,Coriolopsis occidentalis,,2091,2546390,
8481,Coriolus sprucei,,2092,6324583,
8482,Cryptoporus sinensis,,2093,5248042,
8483,Cryptoporus volvatus,ヒトクチタケ,2093,5248035,
8484,Cubamyces lactineus,,2094,12254103,
8485,Cubamyces menziesii,,2094,12172879,
8486,Cyanosporus bifarius,,2095,11490404,
8487,Cyanosporus caesius,,2095,2542912,
8488,Cyanosporus populi,,2095,11881719,
8489,Cyanosporus subcaesius,,2095,10700083,
8490,Daedaleopsis conchiformis,シジミアミタケ,2096,3365952,
8491,Daedaleopsis confragosa,チャミダレアミタケ,2096,2545670,
8492,Daedaleopsis nipponica,,2096,2545706,
8493,Daedaleopsis tricolor,チャカイガラタケ,2096,8698842,
8494,Dichomitus amygdalinus,,2097,3363317,
8495,Dichomitus squalens,エゾオシロイタケ,2097,2547329,
8496,Diplomitoporus crustulinus,,2098,2549083,
8497,Diplomitoporus flavescens,キイロダンアミタケ,2098,2549065,
8498,Earliella scabrosa,シマレンガタケ,2099,2549396,
8499,Echinochaete brachypora,,2100,2547651,
8500,Echinochaete maximipora,,2100,7973678,
8501,Echinochaete ruficeps,サビハチノスタケ,2100,2547668,
8502,Echinochaete russiceps,,2100,2547670,
8503,Epithele typhae,カミコウヤクタケ,2101,2548930,
8504,Erastia aurantiaca,,2102,12217186,
8505,Erastia salmonicolor,,2102,2549043,
8506,Fabisporus sanguineus,,2103,2546050,
8507,Favolus acervatus,,2104,7361346,
8508,Favolus curtipes,,2104,5464123,
8509,Favolus glaber,,2104,5464203,
8510,Favolus grammocephalus,,2104,7645293,
8511,Favolus philippinensis,,2104,11062913,
8512,Favolus pseudobetulinus,,2104,8103143,
8513,Favolus subspathulatus,,2104,5464119,
8514,Favolus tenuiculus,ミナミアシグロタケ,2104,5246358,
8515,Fomes angulus,,2105,3363548,
8516,Fomes castaneus,,2105,3363760,
8517,Fomes fasciatus,,2105,2549360,
8518,Fomes fomentarius,ツリガネタケ,2105,2549323,
8520,Fomes longinquus,,2105,3363481,
8521,Fomes nigrolaccatus,,2105,2549358,
8522,Fomes pusilla,,2105,3363716,
8523,Fomitella supina,,2106,2542329,
8524,Funalia aspera,,2107,7432235,
8525,Funalia floccosa,,2107,7451024,
8526,Funalia hispida,,2107,10679315,
8527,Ganoderma amboinense,,2108,6016774,
8528,Ganoderma applanatum,コフキサルノコシカケ,2108,2549834,
8529,Ganoderma australe,オオミノコフキタケ,2108,2549779,
8530,Ganoderma boninense,シママンネンタケ,2108,2549546,
8531,Ganoderma carnosum,マゴジャクシ,2108,2549719,
8532,Ganoderma curtisii,ツヤケシサイワイタケ,2108,2549725,
8533,Ganoderma dejongii,,2108,2549658,
8534,Ganoderma dimidiatum,,2108,9777660,
8535,Ganoderma fornicatum,,2108,3362919,
8536,Ganoderma gibbosum,,2108,7241321,
8537,Ganoderma lucidum,サイワイタケ,2108,2549730,
8538,Ganoderma mangiferae,,2108,3362947,
8539,Ganoderma neojaponicum,,2108,2549640,
8540,Ganoderma nitidum,,2108,2549815,
8541,Ganoderma orbiforme,,2108,2549540,
8542,Ganoderma oregonense,,2108,2549628,
8543,Ganoderma polychromum,,2108,3363083,
8544,Ganoderma resinaceum,オオマンネンタケ,2108,2549683,
8545,Ganoderma sichuanense,,2108,2549668,
8546,Ganoderma subumbraculum,,2108,3362994,
8547,Ganoderma tropicum,ミナミオオマンネンタケ,2108,2549614,
8548,Ganoderma tsugae,,2108,7241318,
8549,Ganoderma tsunodae,エビタケ,2108,3363044,
8550,Ganoderma valesiacum,ツガノマンネンタケ,2108,2549723,
8551,Grammothele bambusicola,,2109,2549019,
8552,Grammothele fuligo,アイアナタケ,2109,2549008,
8553,Grammothele lineata,,2109,2548995,
8554,Grammothele pulchella,,2109,2548993,
8555,Haploporus odorus,エゾシロアミタケ,2110,5247530,
8556,Hexagonia bivalvis,,2111,6016800,
8557,Hexagonia cucullata,,2111,5464904,
8558,Hexagonia umbrinella,,2111,5247435,
8559,Hornodermoporus latissimus,,2112,12243272,
8560,Laccocephalum hartmannii,,2113,2545719,
8561,Lentinus arcularius,,2114,7542962,
8562,Lentinus brumalis,,2114,7838425,
8563,Lentinus concavus,,2114,3363977,
8564,Lentinus concinnus,,2114,2545287,
8565,Lentinus connatus,シロコカワキタケ,2114,2545500,
8566,Lentinus lamelliporus,,2114,2545499,
8567,Lentinus longiporus,,2114,9653382,
8568,Lentinus ramosii,,2114,3364046,
8569,Lentinus sajor-caju,ネッタイカワキタケ,2114,9031899,
8570,Lentinus squarrosulus,ケガワタケ,2114,2545536,
8571,Lentinus substrictus,,2114,9445944,
8572,Lentinus tigrinus,ケガワタケ,2114,9154166,
8573,Lenzites alboluteus,,2115,5245447,
8574,Lenzites betulinus,アミカイガラタケ,2115,5465199,
8575,Lenzites earlei,,2115,5465186,
8576,Lenzites glabrescens,,2115,5465318,
8577,Lenzites kusanoi,,2115,5465200,
8578,Lenzites murinus,,2115,5245442,
8579,Lenzites repandus,,2115,7240993,
8580,Lenzites sinensis,,2115,5465290,
8581,Lenzites styracinus,,2115,5247349,
8582,Lenzites undulatus,,2115,5465274,
8583,Lenzites yoshinagae,,2115,5465192,
8584,Lopharia cinerascens,クシノハシワタケ,2116,2546066,
8585,Lopharia javanica,,2116,3365120,
8586,Lopharia rugulosa,,2116,3365113,
8587,Loweporus ochraceicinctus,,2117,2548824,
8588,Mariorajchenbergia leucoplaca,,2118,12190287,
8589,Megasporia cavernulosa,,2119,12176144,
8590,Megasporoporia setulosa,,2120,2548983,
8591,Melanoderma boninense,,2121,10756122,
8592,Microporellus obovatus,,2122,5247904,
8593,Microporus affinis,ウチワタケ,2123,5246307,
8594,Microporus longisporus,,2123,5246336,
8595,Microporus nipponicus,アカギタケ,2123,5465059,
8596,Microporus ochrotinctus,ワニスタケ,2123,5465048,
8597,Microporus vernicepes,,2123,6124364,
8598,Microporus xanthopus,ツヤジョウゴタケ,2123,5246344,
8599,Neofavolus alveolaris,,2124,7865386,
8600,Neofavolus cremeoalbidus,,2124,7373351,
8601,Neofavolus mikawae,,2124,7947359,
8602,Neofavolus suavissimus,,2124,9474024,
8603,Neofomitella rhodophaea,,2125,7907953,
8604,Pachykytospora alabamae,,2126,2547641,
8605,Pachykytospora papyracea,,2126,8617142,
8606,Pachykytospora tuberculosa,,2126,2547633,
8607,Perenniporia afrominuta,,2127,10754974,
8608,Perenniporia inflexibilis,,2127,2549232,
8609,Perenniporia maackiae,,2127,2549125,
8610,Perenniporia medulla-panis,ウスキアナタケ,2127,2549130,
8611,Perenniporia tenuis,,2127,3365062,
8612,Perenniporia truncatospora,ヒメウズラアミタケ,2127,3365073,
8613,Perenniporia unita,,2127,2549134,
8614,Perenniporia variegata,,2127,2549257,
8615,Perenniporiopsis minutissima,,2128,10877074,
8616,Picipes admirabilis,,2129,9756560,
8617,Picipes badius,,2129,9439058,
8618,Picipes dictyopus,,2129,12215633,
8619,Picipes melanopus,,2129,9251438,
8620,Picipes tubaeformis,,2129,9519869,
8621,Podofomes mollis,,2130,12210015,
8622,Podofomes stereoides,,2130,12251355,
8623,Hexagonia rigida,,2131,5464934,
8624,Polyporus alneus,,2131,5465459,
8625,Polyporus alveolarius,,2131,7873980,
8626,Polyporus annulatus,,2131,5246798,
8627,Polyporus brumalis,オツネンタケモドキ,2131,7828039,
8628,Polyporus calvatioides,,2131,5466662,
8629,Polyporus cryptomeriae,,2131,12193818,
8630,Polyporus flabellaris,,2131,5465516,
8631,Polyporus gleadowii,,2131,5466563,
8632,Polyporus guianensis,,2131,5246707,
8633,Polyporus leprieurii,,2131,5246994,
8634,Polyporus lithophylloides,,2131,5465931,
8635,Polyporus malacotis,,2131,5466049,
8636,Polyporus musashiensis,,2131,5466431,
8637,Polyporus patouillardii,,2131,8009473,
8638,Polyporus picipes,,2131,5246722,
8639,Polyporus pocula,,2131,5466435,
8640,Polyporus rugulosus,,2131,5246855,
8641,Polyporus setosus,,2131,5465992,
8642,Polyporus squamosus,アミヒラタケ,2131,7365370,
8643,Polyporus subpertusus,,2131,5465418,
8644,Polyporus trabeus,,2131,5955041,
8645,Polyporus tuberaster,タマチョレイタケ,2131,8666066,
8647,Polyporus umbellatus,チョレイ,2131,7518131,
8649,Polyporus varius,キアシグロタケ,2131,7670765,
8650,Polyporus yoshinagae,,2131,8356938,
8651,Poria attenuata,,2132,7240769,
8652,Poriella subacida,,2133,12211741,
8653,Porogramme aurantiotingens,,2134,3365922,
8654,Poronidulus conchifer,サカズキカワラタケ,2135,2547299,
8655,Pseudofavolus miquelii,,2136,2546375,
8656,Pseudofavolus tenuis,,2136,3364917,
8657,Rhodonia placenta,,2137,2542856,
8658,Royoporus spatulatus,,2138,8281099,
8659,Theleporus calcicolor,アナタケモドキ,2139,2540755,
8660,Tinctoporellus epimiltinus,キゾメタケ,2140,2547179,
8661,Tomophagus colossus,,2141,2549579,
8662,Trachyderma tsunodae,,2142,2549925,
8663,Trametes azurea,,2143,2548266,
8664,Trametes cingulata,,2143,2548136,
8665,Trametes cinnabarina,,2143,9227816,
8666,Trametes coccinea,,2143,8134528,
8667,Trametes elegans,チリメンタケ,2143,2547564,
8668,Trametes gibbosa,オオチリメンタケ,2143,9208081,
8669,Trametes gilvoides,,2143,3365590,
8670,Trametes glabrata,シロオウギタケ,2143,3365612,
8671,Trametes glabrorigens,,2143,7647423,
8672,Trametes heteropora,,2143,10995490,
8673,Trametes hirsuta,アラゲカワラタケ,2143,8032257,
8675,Trametes hirta,,2143,8070717,
8676,Trametes incana,,2143,7368307,
8677,Trametes kusanoi,,2143,3365677,
8678,Trametes lactinea,クジラタケ,2143,9259588,
8679,Trametes marianna,カワラケタケ,2143,2548047,
8680,Trametes meyenii,,2143,2548106,
8681,Trametes mimetes,,2143,2548043,
8682,Trametes minima,,2143,10877391,
8683,Trametes nigroaspera,,2143,3365889,
8684,Trametes nivosa,,2143,2548023,
8685,Trametes ochracea,カワラタケモドキ,2143,2548374,
8686,Trametes orientalis,クジラタケ,2143,3365664,
8687,Trametes ornata,,2143,3365540,
8688,Trametes palisotii,,2143,3365799,
8689,Trametes pocas,アミカワラタケ,2143,2548082,
8690,Trametes polyzona,,2143,7353637,
8691,Trametes pubescens,シロモンパカワラタケ,2143,7621208,
8692,Trametes rigidiceps,,2143,3365806,
8693,Trametes roseola,,2143,2547915,
8694,Trametes strumosa,,2143,8020892,
8695,Trametes styracicola,,2143,3365882,
8696,Trametes suaveolens,シロアミタケ,2143,9166502,
8697,Trametes subserpens,,2143,3365548,
8698,Trametes tenuis,,2143,8052761,
8699,Trametes trogii,,2143,2546282,
8700,Trametes truncatispora,,2143,3365785,
8701,Trametes vernicipes,,2143,8265225,
8702,Trametes versicolor,アイカワラタケ,2143,2548311,
8704,Trametes vespacea,,2143,7583772,
8705,Trametes villosa,フルイカワラタケ,2143,2547976,
8706,Trametes williamsii,,2143,3365783,
8707,Truncospora japonica,,2144,10686398,
8708,Truncospora livida,,2144,10777877,
8709,Truncospora ochroleuca,,2144,7828728,
8710,Truncospora tephropora,,2144,10788846,
8711,Vanderbylia fraxinea,,2145,2549204,
8712,Yuchengia narymica,,2146,7533790,
8713,Dothidella ulmi,,2147,2567575,
8714,Pseudosagedia aenea,,2148,2602137,
8715,Pseudosagedia corruscans,,2148,2602189,
8716,Pseudosagedia nitidula,,2148,2602200,
8717,Hydropodia subalpina,,2149,12213418,
8718,Phloeomana clavata,,2150,9727550,
8719,Phloeomana hiemalis,,2150,8014687,
8720,Phloeomana minutula,,2150,7919483,
8721,Phloeomana speirea,,2150,8213692,
8722,Porotheleum fimbriatum,,2151,2540861,
8723,Pseudohydropus floccipes,,2152,12179616,
8724,Saitoella complicata,,2153,5258444,
8725,Candolleomyces candolleanus,,2154,12008655,
8726,Candolleomyces efflorescens,,2154,12226941,
8727,Coprinellus disseminatus,イヌセンボンタケ,2155,2534625,
8728,Coprinellus domesticus,,2155,2534604,
8729,Coprinellus ellisii,,2155,2534586,
8730,Coprinellus flocculosus,ヤケノワタヒトヨ,2155,2534575,
8731,Coprinellus micaceus,キララタケ,2155,2534578,
8732,Coprinellus radians,コキララタケ,2155,2534651,
8733,Coprinellus silvaticus,,2155,8109355,
8734,Coprinellus xanthothrix,,2155,2534583,
8735,Coprinopsis acuminata,アシボソヒトヨタケ,2156,5242778,
8736,Coprinopsis atramentaria,ヒトヨタケ,2156,5242740,
8737,Coprinopsis candidolanata,,2156,5448892,
8738,Coprinopsis cineraria,,2156,9761316,
8739,Coprinopsis cinerea,ウシグソヒトヨタケ,2156,5242754,
8740,Coprinopsis cortinata,,2156,8183016,
8741,Coprinopsis echinospora,ザラミノヒトヨタケモドキ,2156,5242760,
8742,Coprinopsis friesii,ヒメヒトヨタケ,2156,5242729,
8743,Coprinopsis igarashii,ウシグソコナヒトヨタケ,2156,9759363,
8744,Coprinopsis insignis,,2156,5242776,
8745,Coprinopsis kimurae,マルミノヒトヨタケ,2156,5242752,
8746,Coprinopsis laanii,ヒメコナヒトヨタケ,2156,5242780,
8747,Coprinopsis lagopus,,2156,8945216,
8748,Coprinopsis macrocephala,,2156,5242744,
8749,Coprinopsis narcotica,ニオイコナヒトヨタケ,2156,5242783,
8750,Coprinopsis neolagopus,コツブザラエノヒトヨタケ,2156,5448880,
8751,Coprinopsis nivea,コナヒトヨタケ,2156,5242773,
8752,Coprinopsis phlyctidospora,ザラミノヒトヨタケ,2156,5242712,
8753,Coprinopsis radiata,ネナガノヒトヨタケ,2156,5242763,
8754,Coprinopsis rhizophora,,2156,10704840,
8755,Coprinopsis stercorea,トフンヒトヨタケ,2156,5242717,
8756,Coprinopsis strossmayeri,ホソネヒトヨタケ,2156,5448853,
8757,Coprinopsis urticicola,,2156,5242731,
8758,Cystoagaricus strobilomyces,クロヒメオニタケ,2157,2534666,
8759,Homophron spadiceum,,2158,7686337,
8760,Kauffmania larga,,2159,7448626,
8761,Lacrymaria lacrymabunda,ムジナタケ,2160,5242798,
8762,Lacrymaria pyrotricha,,2160,5242792,
8763,Narcissea ephemeroides,,2161,12236917,
8764,Narcissea patouillardii,,2161,11782580,
8765,Ozonium auricomum,キワタタケ,2162,2593189,
8766,Ozonium castaneum,,2162,3383941,
8767,Parasola auricoma,オオカバイロヒトヨタケ,2163,2534537,
8768,Parasola conopilea,,2163,10364983,
8769,Parasola leiocephala,コツブヒメヒガサヒトヨ,2163,2534546,
8770,Parasola plicatilis,ヒメヒガサヒトヨ,2163,2534522,
8771,Psathyrella ammophila,スナジクズタケ,2164,2534773,
8772,Psathyrella bipellis,ウスベニイタチタケ,2164,8100833,
8773,Psathyrella corrugis,ナヨタケモドキ,2164,2534804,
8774,Psathyrella fennoscandica,,2164,7861568,
8775,Psathyrella multissima,センボンクズタケ,2164,3319318,
8776,Psathyrella obtusata,コナヨタケ,2164,3319514,
8777,Psathyrella olympiana,ヒカゲイタチタケ,2164,2534798,
8778,Psathyrella pennata,ヤケノヒメイタチタケ,2164,9607713,
8780,Psathyrella piluliformis,ムササビタケ,2164,2534836,
8781,Psathyrella spadiceogrisea,アシナガイタチタケ,2164,2535021,
8782,Psathyrella spintrigera,ミヤマイタチタケ,2164,2534827,
8783,Psathyrella stellatifurfuracea,キラライタチタケ,2164,3319674,
8784,Psathyrella turcosomarginata,カワセミイタチタケ,2164,7520891,
8785,Tulosesus angulatus,,2165,12223000,
8786,Tulosesus aokii,,2165,12205212,
8787,Tulosesus marculentus,,2165,10927251,
8788,Typhrasa delineata,,2166,12175087,
8789,Typhrasa gossypina,,2166,7983444,
8790,Geomyces auratus,,2167,2625630,
8791,Geomyces cretaceus,,2167,3484204,
8792,Gymnostellatospora canadensis,,2168,3545361,
8793,Pseudeurotium bakeri,,2169,2625574,
8794,Pseudogymnoascus appendiculatus,,2170,3527276,
8795,Pseudogymnoascus destructans,,2170,8295448,
8796,Pseudogymnoascus pannorum,,2170,8229004,
8797,Pseudogymnoascus roseus,,2170,2625563,
8798,Pseudogymnoascus verrucosus,,2170,3527272,
8799,Bonomyces sinopicus,,2171,8308180,
8800,Pseudoclitocybe cyathiformis,クロサカズキシメジ,2172,9095397,
8801,Pseudoclitocybe obbata,クロサカズキタケ,2172,2531324,
8802,Petrakia aesculi,,2173,9761427,
8803,Petrakia fagi,,2173,12218715,
8804,Petrakia minima,,2173,11797414,
8805,Pseudohalonectria aomoriensis,,2174,2569203,
8806,Pseudolophiotrema elymicola,,2175,9679500,
8807,Leiosphaerella dicalycis,,2176,3462263,
8808,Leiosphaerella ilicis,,2176,3462262,
8809,Pseudomassaria corni,,2177,2575746,
8810,Pseudomassaria inaequalis,,2177,3464028,
8811,Pseudombrophila deerrata,,2178,2594013,
8812,Nematostoma artemisiae,,2179,5510389,
8813,Pseudopyrenochaeta lycopersici,,2180,10697831,
8814,Brianaria sylvicola,,2181,9206212,
8815,Protoblastenia rupestris,,2182,2608594,
8816,Psora rubiformella,,2183,5471416,
8817,Psora subrubiformis,,2183,5471236,
8818,Psorula rufonigra,,2184,5471205,
8819,Actiniceps thwaitesii,,2185,2540643,
8820,Pterula fusispora,カンザシタケ,2186,3316885,
8821,Pterula multifida,フサタケ,2186,2540716,
8822,Pterula penicillata,,2186,3316888,
8823,Pterula subulata,カンザシタケモドキ,2186,2540714,
8824,Pterulicium fasciculare,,2187,12215684,
8825,Pterulicium subsimplex,,2187,10905569,
8826,Aecidium acanthopanacis,,2188,3375721,
8827,Aecidium actinidiae,,2188,3375371,
8828,Aecidium adenophorae-verticillatae,,2188,3375060,
8829,Aecidium akebiae,,2188,3374665,
8830,Aecidium alangii,,2188,3375377,
8831,Aecidium araliae,,2188,9052907,
8832,Aecidium berberidis-thunbergii,,2188,3375694,
8833,Aecidium bothriospermi,,2188,3375839,
8834,Aecidium bupleuri-sachalinensis,,2188,10830311,
8835,Aecidium cardiandrae,,2188,3374935,
8836,Aecidium dispersum,,2188,2517613,
8837,Aecidium dispori,,2188,3375801,
8838,Aecidium elaeagni,,2188,3374726,
8839,Aecidium elaeagni-umbellatae,,2188,3374498,
8840,Aecidium enkianthi,,2188,3375221,
8841,Aecidium eritrichi,,2188,3374710,
8842,Aecidium foetidum,,2188,3374831,
8843,Aecidium fraxini-bungeanae,,2188,3375070,
8844,Aecidium hostae,,2188,2517605,
8845,Aecidium hydrangeae-paniculatae,,2188,3375010,
8846,Aecidium hydrangiicola,,2188,3374735,
8847,Aecidium iwatense,,2188,3375363,
8848,Aecidium kuntzii-friderici,,2188,3376024,
8849,Aecidium lactucae-debilis,,2188,7357471,
8850,Aecidium laporteae,,2188,3375804,
8851,Aecidium lilii-cordifolii,,2188,3375713,
8852,Aecidium lophanthi,,2188,3374580,
8853,Aecidium lysichiti,,2188,3375120,
8854,Aecidium lysimachiae-japonicae,,2188,3375425,
8855,Aecidium macroclinidii,,2188,8315973,
8856,Aecidium marcii,,2188,3374728,
8857,Aecidium meliosmae,,2188,3375477,
8858,Aecidium minoense,,2188,3374462,
8859,Aecidium mori,,2188,9548764,
8860,Aecidium nakanishikii,,2188,3375930,
8861,Aecidium nanocnides,,2188,3374988,
8862,Aecidium nikkense,,2188,3374788,
8863,Aecidium pascheri,,2188,3374907,
8864,Aecidium patriniae,,2188,2517594,
8865,Aecidium peracarpae,,2188,3375618,
8866,Aecidium pereziae,,2188,3374638,
8867,Aecidium philadelphi,,2188,3374478,
8868,Aecidium phyllanthinum,,2188,3374802,
8869,Aecidium polygoni-cuspidati,,2188,3376023,
8870,Aecidium quintum,,2188,3375278,
8871,Aecidium rhamni-japonici,,2188,3375770,
8872,Aecidium rubiae,,2188,3375740,
8873,Aecidium satsumense,,2188,3375248,
8874,Aecidium saussureae-affinis,,2188,3374816,
8875,Aecidium scutellariae-indicae,,2188,3374586,
8876,Aecidium semiaquilegiae,,2188,3374784,
8877,Aecidium senecionis-stenocephali,,2188,3375348,
8878,Aecidium shiraianum,,2188,3375936,
8879,Aecidium sophorae,,2188,3375738,
8880,Aecidium trigonotidis,,2188,3375903,
8881,Aecidium veronicae-sibiricae,,2188,7864545,
8882,Aecidium viburni,,2188,3375986,
8883,Aecidium vincetoxici,,2188,3375981,
8884,Aecidium zanthoxyli-schinifolii,,2188,3375646,
8885,Caeoma cimicifugatum,,2189,3373648,
8886,Caeoma makinoi,,2189,3373637,
8887,Coleopucciniella idei,,2190,5237092,
8888,Coleopucciniella simplex,,2190,5237093,
8889,Endophyllum formosanum,,2191,5237037,
8890,Endophyllum griffithsiae,,2191,7745009,
8891,Endophyllum kaernbachii,,2191,5237050,
8893,Miyagia anaphalidis,,2192,2516259,
8894,Novopuccinia hamamelidis,,2193,12189811,
8895,Peristemma pseudosphaeria,,2194,8153079,
8896,Pseudocerradoa paullula,,2195,12234297,
8897,Puccinia aberrans,,2196,3377038,
8898,Puccinia acarnae,,2196,7239388,
8899,Puccinia acetosae,,2196,7814020,
8900,Puccinia adenocauli,,2196,9673029,
8901,Puccinia adenophorae,,2196,3378902,
8902,Puccinia adoxae,,2196,2514681,
8903,Puccinia aduncata,,2196,3377758,
8904,Puccinia aestivalis,,2196,3376831,
8905,Puccinia agropyri-ciliaris,,2196,3378819,
8906,Puccinia agropyricola,,2196,3377227,
8907,Puccinia agrostidis,,2196,7581998,
8908,Puccinia ainsliaeae,,2196,3378725,
8909,Puccinia albispora,,2196,3377647,
8910,Puccinia albulensis,,2196,2515532,
8911,Puccinia aletridis,,2196,2514939,
8912,Puccinia allii,,2196,7855051,
8913,Puccinia allii-japonici,,2196,3378292,
8914,Puccinia alpina,,2196,7401199,
8915,Puccinia amphigena,,2196,2514693,
8916,Puccinia andropogonis-macranthi,,2196,3377099,
8917,Puccinia anemones-raddeanae,,2196,3376219,
8918,Puccinia anemones-virginianae,,2196,2515022,
8919,Puccinia angelicae,,2196,2515476,
8920,Puccinia angelicae-edulis,,2196,7944626,
8921,Puccinia angelicicola,,2196,3376761,
8922,Puccinia angustata,,2196,6017056,
8923,Puccinia anthemidis,,2196,2514933,
8924,Puccinia aomoriensis,,2196,3378698,
8925,Puccinia aphanicondra,,2196,3379131,
8926,Puccinia apii,,2196,2514922,
8927,Puccinia arenariae,,2196,8091991,
8928,Puccinia argentata,,2196,2514900,
8929,Puccinia artemisiae-keiskeanae,,2196,3379510,
8930,Puccinia artemisiicola,,2196,2515210,
8931,Puccinia arthraxonis-ciliaris,,2196,3378562,
8932,Puccinia arundinellae,,2196,2515243,
8933,Puccinia arundinellae-anomalae,,2196,3377755,
8934,Puccinia asarina,,2196,2513588,
8935,Puccinia asiatica,,2196,6017034,
8936,Puccinia asparagi,,2196,2515284,
8937,Puccinia asparagi-lucidi,,2196,3379804,
8938,Puccinia asperulae,,2196,3378207,
8939,Puccinia asprellae-japonicae,,2196,3380071,
8940,Puccinia asterum,,2196,2515146,
8941,Puccinia atrofusca,,2196,2515358,
8942,Puccinia atropuncta,,2196,3376999,
8943,Puccinia austroberingiana,,2196,6017068,
8944,Puccinia baicalensis,,2196,3377008,
8945,Puccinia bakeriana,,2196,3377393,
8946,Puccinia belamcandae,,2196,2514349,
8947,Puccinia benkei,,2196,3376389,
8948,Puccinia benokijamensis,,2196,3376833,
8949,Puccinia bistortae,,2196,2515061,
8950,Puccinia boehmeriae,,2196,3376542,
8951,Puccinia brachypodii,,2196,3376178,
8952,Puccinia brachysora,,2196,3379940,
8953,Puccinia brevicornis,,2196,3380182,
8954,Puccinia breviculmis,,2196,3378536,
8955,Puccinia bromi-japonici,,2196,3378907,
8956,Puccinia bupleuri,,2196,2514909,
8957,Puccinia buxi,,2196,2514498,
8958,Puccinia cacao,,2196,2514593,
8959,Puccinia calcitrapae,,2196,9301097,
8960,Puccinia calthae,,2196,2514689,
8961,Puccinia calthicola,,2196,2515495,
8962,Puccinia calumnata,,2196,3376785,
8963,Puccinia calystegiae-soldanellae,,2196,3377700,
8964,Puccinia campanulae,,2196,2514382,
8965,Puccinia canaliculata,,2196,8051580,
8966,Puccinia carici-adenocauli,,2196,3379110,
8967,Puccinia caricina,,2196,3376246,
8968,Puccinia caricis-araliae,,2196,7423269,
8969,Puccinia caricis-asteris,,2196,3377904,
8970,Puccinia caricis-blepharicarpae,,2196,3378064,
8971,Puccinia caricis-boottianae,,2196,3378054,
8972,Puccinia caricis-brunneae,,2196,3376621,
8973,Puccinia caricis-circaearum,,2196,3380027,
8974,Puccinia caricis-conicae,,2196,3377932,
8975,Puccinia caricis-dimorpholepis,,2196,3376997,
8976,Puccinia caricis-fediae,,2196,3380144,
8977,Puccinia caricis-flabellatae,,2196,3380134,
8978,Puccinia caricis-gibbae,,2196,3377147,
8979,Puccinia caricis-incisae,,2196,3376284,
8980,Puccinia caricis-japonicae,,2196,3376481,
8981,Puccinia caricis-macrocephalae,,2196,3378857,
8982,Puccinia caricis-molliculae,,2196,3378930,
8983,Puccinia caricis-montanae,,2196,7239396,
8984,Puccinia caricis-petasitidis,,2196,3379955,
8985,Puccinia caricis-rhizopodae,,2196,3377940,
8986,Puccinia caricis-sadoensis,,2196,3377628,
8987,Puccinia caricis-scabrifoliae,,2196,3377620,
8988,Puccinia caricis-shimidzensis,,2196,3377583,
8989,Puccinia caricis-siderostictae,,2196,3376560,
8990,Puccinia caricis-smilacis,,2196,12236113,
8991,Puccinia caricis-stipatae,,2196,3380153,
8992,Puccinia caricis-thunbergii,,2196,3377544,
8993,Puccinia caricis-trichostylis,,2196,3377223,
8994,Puccinia carthami,,2196,2515170,
8995,Puccinia caulophylli,,2196,11425479,
8996,Puccinia chaerophylli,,2196,2514938,
8997,Puccinia chrysanthemi,,2196,2515453,
8998,Puccinia chrysosplenii,,2196,2514988,
8999,Puccinia cicutae,,2196,2515020,
9001,Puccinia circaeae,,2196,2514872,
9002,Puccinia cirsii-maritimi,,2196,3378982,
9003,Puccinia citrata,,2196,3377493,
9004,Puccinia citrina,,2196,2515233,
9005,Puccinia clara,,2196,3378380,
9006,Puccinia clematidis,,2196,12188884,
9007,Puccinia clintoniae-udensis,,2196,6017028,
9008,Puccinia clintonii,,2196,2514489,
9009,Puccinia cnici-oleracei,,2196,2514802,
9011,Puccinia commutata,,2196,2514424,
9012,Puccinia congesta,,2196,2515193,
9013,Puccinia convolvuli,,2196,3379368,
9014,Puccinia coronata,,2196,2514774,
9015,Puccinia coronati-japonica,,2196,8038832,
9016,Puccinia crepidis-integrae,,2196,3377938,
9017,Puccinia crepidis-japonicae,,2196,3379579,
9018,Puccinia crepidis-sibiricae,,2196,3377449,
9019,Puccinia cryptandri,,2196,7239273,
9020,Puccinia cryptotaeniae,,2196,3379399,
9021,Puccinia culmicola,,2196,3379385,
9022,Puccinia cuneata,,2196,3377004,
9023,Puccinia cymbiformis,,2196,3377432,
9024,Puccinia cynodontis,,2196,2515004,
9025,Puccinia cyperi,,2196,3377269,
9026,Puccinia cyperi-tagetiformis,,2196,7239350,
9027,Puccinia daisenensis,,2196,3377162,
9028,Puccinia deutziae,,2196,10770650,
9029,Puccinia dianellae,,2196,9720168,
9030,Puccinia dianthi-japonici,,2196,3380232,
9031,Puccinia diarrhenae,,2196,3378314,
9032,Puccinia dieteliana,,2196,3377643,
9034,Puccinia difformis,,2196,2514942,
9035,Puccinia dioicae,,2196,7520329,
9036,Puccinia dioscoreae,,2196,2515006,
9037,Puccinia diplachnicola,,2196,3376227,
9038,Puccinia diplachnis,,2196,8110495,
9039,Puccinia ditissima,,2196,2517762,
9040,Puccinia doronicella,,2196,3377486,
9041,Puccinia eatoniae,,2196,7239443,
9042,Puccinia elaeagni,,2196,3379318,
9043,Puccinia eleocharidis,,2196,3379889,
9044,Puccinia elymi,,2196,2515103,
9045,Puccinia elymi-sibirici,,2196,3379715,
9046,Puccinia elytrariae,,2196,2514398,
9047,Puccinia epilobii,,2196,2515012,
9048,Puccinia epimedii,,2196,3376239,
9049,Puccinia epiphylla,,2196,3376310,
9050,Puccinia erikssonii,,2196,3378757,
9051,Puccinia eritraeensis,,2196,3376329,
9052,Puccinia erythropus,,2196,2515101,
9053,Puccinia eulaliae,,2196,3378285,
9054,Puccinia eutela,,2196,3377301,
9055,Puccinia exhausta,,2196,3376839,
9056,Puccinia exilis,,2196,7239339,
9057,Puccinia fagopyricola,,2196,3377774,
9058,Puccinia fastidiosa,,2196,3377270,
9059,Puccinia fergussonii,,2196,2514586,
9060,Puccinia ferruginosa,,2196,2515235,
9061,Puccinia festucae,,2196,2514610,
9062,Puccinia fimbristylidis,,2196,3379003,
9063,Puccinia flaccida,,2196,2515060,
9064,Puccinia flavipes,,2196,3376966,
9065,Puccinia fuirenicola,,2196,3377466,
9066,Puccinia fujiensis,,2196,3376964,
9067,Puccinia fusispora,,2196,3378455,
9068,Puccinia galii-universa,,2196,7755603,
9069,Puccinia glechomatis,,2196,2514660,
9070,Puccinia glomerata,,2196,2515404,
9071,Puccinia glyceriae,,2196,3376269,
9072,Puccinia graminis,,2196,2514501,
9073,Puccinia gymnandrae,,2196,7239232,
9074,Puccinia hakkodensis,,2196,3377983,
9075,Puccinia hakodatensis,,2196,3376461,
9076,Puccinia haleniae,,2196,3377865,
9077,Puccinia haloragis,,2196,7562181,
9078,Puccinia hashiokae,,2196,7399281,
9079,Puccinia heeringiana,,2196,3377619,
9080,Puccinia helianthi-mollis,,2196,2514345,
9081,Puccinia hemerocallidis,,2196,2514664,
9082,Puccinia henryana,,2196,3377025,
9083,Puccinia heucherae,,2196,2515212,
9084,Puccinia hibayamensis,,2196,3379206,
9085,Puccinia hieracii,,2196,3376341,
9086,Puccinia hierochloae,,2196,3380251,
9087,Puccinia hikawaensis,,2196,3379824,
9088,Puccinia hirosakiensis,,2196,3379807,
9089,Puccinia hordei,,2196,2515318,
9090,Puccinia horiana,,2196,2514411,
9091,Puccinia hostae,,2196,3376915,
9092,Puccinia hultenii,,2196,3376672,
9093,Puccinia hyalina,,2196,8179891,
9094,Puccinia hyssopi,,2196,2514796,
9095,Puccinia ignava,,2196,2517718,
9096,Puccinia infra-aequatorialis,,2196,3377823,
9097,Puccinia investita,,2196,2515415,
9098,Puccinia iridis,,2196,2514832,
9099,Puccinia ischaemi,,2196,3378149,
9100,Puccinia ishikariensis,,2196,8220317,
9101,Puccinia ishikawae,,2196,7532437,
9102,Puccinia japonensis,,2196,12235443,
9103,Puccinia japonica,,2196,3376112,
9104,Puccinia jogashimensis,,2196,3378416,
9105,Puccinia juncelli,,2196,3378391,
9106,Puccinia karelica,,2196,3376448,
9107,Puccinia kawakamiensis,,2196,3377753,
9108,Puccinia kiusiana,,2196,3377526,
9109,Puccinia klugkistiana,,2196,10839363,
9110,Puccinia kozukensis,,2196,3377420,
9111,Puccinia kuehnii,,2196,2515501,
9112,Puccinia kusanoi,,2196,2515526,
9113,Puccinia kyllingae-brevifoliae,,2196,3377049,
9114,Puccinia lactucae,,2196,3377209,
9115,Puccinia lactucae-debilis,,2196,3376388,
9116,Puccinia lactucae-denticulatae,,2196,3379615,
9117,Puccinia lactucae-repentis,,2196,3376313,
9118,Puccinia lactucicola,,2196,3378579,
9119,Puccinia lantanae,,2196,7239354,
9120,Puccinia lapathicola,,2196,2515054,
9121,Puccinia lapsanae,,2196,2514839,
9122,Puccinia laschii,,2196,7239501,
9123,Puccinia leioderma,,2196,3378738,
9124,Puccinia lepturi,,2196,3376138,
9125,Puccinia levis,,2196,6017071,
9126,Puccinia ligusticicola,,2196,10814991,
9127,Puccinia liliacearum,,2196,2514907,
9128,Puccinia lineariformis,,2196,3376391,
9129,Puccinia linosyridis-caricis,,2196,3379762,
9130,Puccinia littoralis,,2196,3378598,
9131,Puccinia longicornis,,2196,2514578,
9132,Puccinia lychnidis-miquelianae,,2196,3379481,
9133,Puccinia lycoridicola,,2196,3377614,
9134,Puccinia lyngbyei,,2196,3379099,
9135,Puccinia maculosa,,2196,7627546,
9136,Puccinia magellanica,,2196,9729689,
9137,Puccinia magnusiana,,2196,8104704,
9138,Puccinia maianthemi,,2196,3378041,
9139,Puccinia malvacearum,,2196,2514679,
9140,Puccinia mandshurica,,2196,3379145,
9141,Puccinia melanocephala,,2196,2515196,
9142,Puccinia melanoplaca,,2196,3377412,
9143,Puccinia melasmioides,,2196,7239626,
9144,Puccinia menthae,,2196,2514887,
9145,Puccinia metanarthecii,,2196,7239303,
9146,Puccinia microsora,,2196,2515435,
9147,Puccinia microspora,,2196,2514347,
9148,Puccinia minussensis,,2196,2515186,
9149,Puccinia miscanthi,,2196,2515304,
9150,Puccinia mitriformis,,2196,3379853,
9151,Puccinia miurae,,2196,3377830,
9152,Puccinia miyabeana,,2196,3378361,
9153,Puccinia miyakei,,2196,3379544,
9154,Puccinia miyoshiana,,2196,3377986,
9155,Puccinia moiwensis,,2196,3378313,
9156,Puccinia moliniae,,2196,2515200,
9157,Puccinia moriokaensis,,2196,7239499,
9158,Puccinia nakanishikii,,2196,2514580,
9159,Puccinia neovelutina,,2196,10801289,
9160,Puccinia nepetae,,2196,3378733,
9161,Puccinia nigroconoidea,,2196,3379728,
9162,Puccinia nigrolinearis,,2196,3378493,
9163,Puccinia nipponica,,2196,3380246,
9164,Puccinia nishidana,,2196,3377149,
9165,Puccinia nitidula,,2196,3378653,
9166,Puccinia nonensis,,2196,3378874,
9167,Puccinia oahuensis,,2196,2514363,
9168,Puccinia obscura,,2196,2515488,
9169,Puccinia obtusata,,2196,3378214,
9170,Puccinia oenanthes,,2196,8039452,
9171,Puccinia oenanthes-stoloniferae,,2196,2514421,
9172,Puccinia ohsawaensis,,2196,3377104,
9173,Puccinia okatamaensis,,2196,3376797,
9174,Puccinia okudairae,,2196,8363446,
9175,Puccinia oniwaensis,,2196,3379671,
9176,Puccinia ophiopogonis,,2196,3378409,
9177,Puccinia opizii,,2196,2514771,
9178,Puccinia orbicula,,2196,2514391,
9179,Puccinia orbiculata,,2196,3377281,
9180,Puccinia oxalidis,,2196,2515351,
9181,Puccinia pachycephala,,2196,3378875,
9182,Puccinia paederiae,,2196,8693368,
9183,Puccinia paidii,,2196,9566402,
9184,Puccinia paniculariae,,2196,3377992,
9185,Puccinia parkerae,,2196,3377914,
9186,Puccinia paspalina,,2196,2514351,
9187,Puccinia patriniae,,2196,3379498,
9188,Puccinia pelargonii-zonalis,,2196,2514924,
9189,Puccinia peradeniyae,,2196,9703802,
9190,Puccinia peridermiospora,,2196,3377599,
9191,Puccinia pertenuis,,2196,3378951,
9192,Puccinia phaenospermatis,,2196,3376896,
9193,Puccinia phaeospora,,2196,3379002,
9194,Puccinia phellopteri,,2196,3376509,
9195,Puccinia philippinensis,,2196,3379744,
9196,Puccinia phragmitis,,2196,8083523,
9197,Puccinia phyllostachydis,,2196,3378418,
9198,Puccinia pileatospora,,2196,3378471,
9199,Puccinia pimpinellae,,2196,2514980,
9200,Puccinia plantaginis,,2196,3379222,
9201,Puccinia poarum,,2196,2514368,
9202,Puccinia pogonatheri,,2196,3380239,
9203,Puccinia polemonii,,2196,2515039,
9204,Puccinia polliniae,,2196,2515244,
9205,Puccinia polliniae-imberbis,,2196,3377877,
9206,Puccinia polliniae-quadrinervis,,2196,3379437,
9207,Puccinia polliniicola,,2196,3377856,
9208,Puccinia polygoni,,2196,10531837,
9209,Puccinia polygoni-amphibii,,2196,3378398,
9210,Puccinia polygoni-sachalinensis,,2196,3376443,
9211,Puccinia polygoni-sieboldii,,2196,3378414,
9212,Puccinia polygoni-weyrichii,,2196,3377151,
9213,Puccinia porphyrogenita,,2196,3377362,
9214,Puccinia porri,,2196,2515274,
9215,Puccinia premnae,,2196,3377471,
9216,Puccinia prenanthis-racemosae,,2196,3379727,
9217,Puccinia primulae,,2196,9007269,
9218,Puccinia pulchella,,2196,7349422,
9219,Puccinia punctata,,2196,2514876,
9220,Puccinia purpurea,,2196,2514632,
9221,Puccinia pusilla,,2196,2515349,
9222,Puccinia pygmaea,,2196,3376769,
9223,Puccinia recondita,,2196,9317699,
9225,Puccinia rhei-undulati,,2196,3377719,
9226,Puccinia rhodiolae,,2196,7810192,
9227,Puccinia rhynchosporae,,2196,3378102,
9228,Puccinia ribis,,2196,2515451,
9229,Puccinia ribis-japonici,,2196,3377868,
9230,Puccinia romagnoliana,,2196,2515177,
9231,Puccinia rosenii,,2196,3376850,
9232,Puccinia rubiae-tataricae,,2196,3377172,
9233,Puccinia rufipes,,2196,2514794,
9234,Puccinia rumicis-scutati,,2196,2514581,
9235,Puccinia saniculae,,2196,2515017,
9236,Puccinia sasae,,2196,3376629,
9237,Puccinia saxifragae,,2196,2514536,
9238,Puccinia schedonnardi,,2196,2515025,
9239,Puccinia schizocodonis,,2196,3378291,
9240,Puccinia schizonepetae,,2196,3376998,
9241,Puccinia schottmuelleri,,2196,3379347,
9242,Puccinia scirpi,,2196,2515166,
9243,Puccinia scirpi-ternatani,,2196,3379997,
9244,Puccinia scleriae,,2196,2514404,
9245,Puccinia seijoensis,,2196,3378128,
9246,Puccinia septentrionalis,,2196,2514361,
9247,Puccinia sessilis,,2196,2515080,
9248,Puccinia setariae-viridis,,2196,3379958,
9249,Puccinia shikotsuensis,,2196,3379084,
9250,Puccinia shiraiana,,2196,8420652,
9251,Puccinia sibirica,,2196,3377646,
9252,Puccinia sikokiana,,2196,3376626,
9253,Puccinia sinarundinariae,,2196,3378656,
9254,Puccinia singularis,,2196,3378217,
9255,Puccinia smilacis,,2196,7380891,
9256,Puccinia smilacis-chinae,,2196,2514592,
9257,Puccinia smilacis-sieboldii,,2196,2514591,
9258,Puccinia solmsii,,2196,7719372,
9259,Puccinia sorghi,,2196,2514966,
9260,Puccinia stauntoniae,,2196,3377908,
9261,Puccinia stipae-sibiricae,,2196,7239526,
9262,Puccinia striiformis,,2196,3377675,
9263,Puccinia striiformoides,,2196,3378788,
9264,Puccinia suaveolens,,2196,2514461,
9265,Puccinia subcoronata,,2196,3378716,
9266,Puccinia substriata,,2196,3377910,
9267,Puccinia suzutake,,2196,3379507,
9268,Puccinia taganesuge,,2196,3378216,
9269,Puccinia taiwaniana,,2196,3377631,
9270,Puccinia tanaceti,,2196,9802104,
9271,Puccinia tarennicola,,2196,3378244,
9272,Puccinia thaliae,,2196,2514359,
9273,Puccinia themedae,,2196,3379795,
9274,Puccinia thesii-decurrentis,,2196,3377950,
9275,Puccinia thlaspeos,,2196,2515139,
9276,Puccinia thwaitesii,,2196,2515373,
9277,Puccinia tiarellicola,,2196,3378728,
9278,Puccinia toa,,2196,2514695,
9279,Puccinia togashiana,,2196,3378861,
9280,Puccinia tokyensis,,2196,3378917,
9281,Puccinia tossoensis,,2196,3378280,
9282,Puccinia tottoriensis,,2196,3379851,
9283,Puccinia trabutii,,2196,6017076,
9284,Puccinia trautvetteriae,,2196,3378774,
9285,Puccinia trollii,,2196,3378805,
9286,Puccinia tuberosa,,2196,12264966,
9287,Puccinia umbilici,,2196,2514415,
9288,Puccinia universalis,,2196,2515359,
9289,Puccinia uralensis,,2196,3380268,
9290,Puccinia urticata,,2196,3376702,
9291,Puccinia ustalis,,2196,2514408,
9292,Puccinia varians,,2196,3378673,
9293,Puccinia variiformis,,2196,3377332,
9294,Puccinia velutina,,2196,3379999,
9295,Puccinia veratri,,2196,3378118,
9296,Puccinia veronicae,,2196,2515374,
9298,Puccinia versicolor,,2196,3377080,
9299,Puccinia vesiculosa,,2196,3380117,
9300,Puccinia violae,,2196,2515392,
9301,Puccinia violae-glabellae,,2196,3376908,
9302,Puccinia virgae-aureae,,2196,2515178,
9303,Puccinia virgaureae,,2196,3378711,
9304,Puccinia vomica,,2196,3376613,
9305,Puccinia waldsteiniae,,2196,3378715,
9306,Puccinia wattiana,,2196,2515264,
9307,Puccinia xanthii,,2196,2515420,
9308,Puccinia xenosperma,,2196,3379500,
9309,Puccinia yokogurae,,2196,3376753,
9310,Puccinia yokotensis,,2196,3377271,
9311,Puccinia zoysiae,,2196,2515128,
9312,Stereostratum corticioides,,2197,2516220,
9313,Uredo alocasiae,,2198,9462851,
9314,Uredo alpestris,,2198,2517724,
9315,Uredo arthraxonis-ciliaris,,2198,3382036,
9316,Uredo aspalathi,,2198,3383193,
9317,Uredo autumnalis,,2198,2514151,
9318,Uredo bromi-pauciflori,,2198,3382001,
9319,Uredo cassiae-glaucae,,2198,3381757,
9320,Uredo daphniphylli,,2198,3381967,
9321,Uredo derridicola,,2198,3382726,
9322,Uredo fagarae,,2198,3382493,
9323,Uredo geranii-nepalensis,,2198,3382366,
9324,Uredo guettardae,,2198,2517760,
9325,Uredo hyalina,,2198,3382268,
9326,Uredo iwatensis,,2198,3382770,
9327,Uredo iyoensis,,2198,3383107,
9328,Uredo kyllingae-brevifoliae,,2198,3382169,
9329,Uredo moricola,,2198,3382767,
9330,Uredo morifolia,,2198,3382368,
9331,Uredo nakanishikii,,2198,3382060,
9332,Uredo panici-plicati,,2198,3381668,
9333,Uredo polygalicola,,2198,3382028,
9334,Uredo quercus-myrsinifoliae,,2198,3381819,
9335,Uredo rhei-undulati,,2198,3381660,
9336,Uredo rottboelliae,,2198,3382985,
9337,Uredo stachyuri,,2198,3383149,
9338,Uredo vittariae,,2198,3382287,
9339,Uredo yoshinagae,,2198,8174292,
9340,Uromyces acetosae,,2199,2515827,
9341,Uromyces aconiti,,2199,2515715,
9342,Uromyces aconiti-lycoctoni,,2199,2515716,
9343,Uromyces acori,,2199,3380326,
9344,Uromyces aecidiiformis,,2199,2516053,
9345,Uromyces aloes,,2199,2515656,
9346,Uromyces alopecuri,,2199,2515583,
9347,Uromyces ambiguus,,2199,2515273,
9348,Uromyces amoenus,,2199,3381410,
9349,Uromyces amurensis,,2199,3380355,
9350,Uromyces appendiculatus,,2199,8101103,
9351,Uromyces azukiicola,,2199,2515692,
9352,Uromyces baccarinii,,2199,3380625,
9353,Uromyces baeumlerianus,,2199,3381087,
9354,Uromyces betae,,2199,7358215,
9355,Uromyces bidenticola,,2199,2515974,
9356,Uromyces bifrons,,2199,12257813,
9357,Uromyces cacaliae,,2199,3381509,
9358,Uromyces callicarpae,,2199,6124223,
9359,Uromyces clignyi,,2199,2515789,
9360,Uromyces commelinae,,2199,7239314,
9361,Uromyces coronatus,,2199,2515774,
9362,Uromyces crassivertex,,2199,3381296,
9363,Uromyces dactylidis,,2199,8208889,
9364,Uromyces dianthi,,2199,2515591,
9365,Uromyces dispersus,,2199,3381068,
9366,Uromyces eriochloae,,2199,3381143,
9367,Uromyces ervi,,2199,2515738,
9368,Uromyces erythronii,,2199,2515775,
9369,Uromyces euphorbiae,,2199,2516004,
9370,Uromyces euphorbiae-corniculati,,2199,8165059,
9371,Uromyces fabae,,2199,7687941,
9372,Uromyces fallens,,2199,2515900,
9373,Uromyces fatouae,,2199,3380537,
9374,Uromyces flectens,,2199,2515729,
9375,Uromyces gageae,,2199,2515981,
9376,Uromyces galii,,2199,3381339,
9377,Uromyces geranii,,2199,7367354,
9380,Uromyces glycyrrhizae,,2199,3380345,
9381,Uromyces haraeanus,,2199,3380958,
9382,Uromyces hedysari-obscuri,,2199,2515673,
9383,Uromyces heimerlianus,,2199,3380576,
9384,Uromyces holwayi,,2199,2515626,
9385,Uromyces hyalinus,,2199,2515634,
9386,Uromyces hyperici,,2199,2516046,
9387,Uromyces hyperici-frondosi,,2199,3380990,
9388,Uromyces inaequialtus,,2199,2516051,
9389,Uromyces itoanus,,2199,3380832,
9390,Uromyces junci,,2199,8404436,
9391,Uromyces kawakamii,,2199,3381369,
9392,Uromyces komarowii,,2199,3380799,
9393,Uromyces lapponicus,,2199,7239419,
9394,Uromyces lespedezae,,2199,3380361,
9395,Uromyces lespedezae-procumbentis,,2199,2515925,
9396,Uromyces limonii,,2199,2515871,
9397,Uromyces magnatus,,2199,3380664,
9398,Uromyces mercurialis,,2199,3381212,
9399,Uromyces minor,,2199,2515802,
9400,Uromyces miurae,,2199,2515820,
9401,Uromyces moehringiae,,2199,3380631,
9402,Uromyces mucunae,,2199,3381409,
9403,Uromyces muhlenbergiae,,2199,3381435,
9404,Uromyces nerviphilus,,2199,2515732,
9405,Uromyces orientalis,,2199,2515927,
9406,Uromyces ovalis,,2199,3380725,
9407,Uromyces peracarpae,,2199,3380831,
9408,Uromyces pisi-sativi,,2199,2515938,
9409,Uromyces polygoni-avicularis,,2199,7548725,
9410,Uromyces proeminens,,2199,7239389,
9411,Uromyces pyriformis,,2199,2515762,
9412,Uromyces reticulatus,,2199,7527697,
9413,Uromyces rhynchosporae,,2199,2515588,
9414,Uromyces rudbeckiae,,2199,3381194,
9415,Uromyces rumicis,,2199,2515881,
9416,Uromyces sakawensis,,2199,3381466,
9417,Uromyces saururi,,2199,3380700,
9418,Uromyces scirpi-maritimi,,2199,3380615,
9419,Uromyces setariae-italicae,,2199,2515914,
9420,Uromyces shikokianus,,2199,3380559,
9421,Uromyces solidaginis,,2199,8304884,
9422,Uromyces sommerfeltii,,2199,2515970,
9423,Uromyces sophorae,,2199,7598545,
9424,Uromyces sophorae-flavescentis,,2199,3381358,
9425,Uromyces sophorae-japonicae,,2199,3381182,
9426,Uromyces sparganii,,2199,2515761,
9427,Uromyces spegazzinii,,2199,3380553,
9428,Uromyces sphaerocarpus,,2199,3381196,
9429,Uromyces striatus,,2199,7986377,
9430,Uromyces tairae,,2199,3380663,
9431,Uromyces tenuicutis,,2199,2515587,
9432,Uromyces trifolii,,2199,8399449,
9433,Uromyces trifolii-repentis,,2199,2515896,
9434,Uromyces triquetrus,,2199,2516045,
9435,Uromyces truncicola,,2199,3380432,
9436,Uromyces tulipae,,2199,3380783,
9437,Uromyces valerianae,,2199,2515908,
9438,Uromyces valerianae-wallichii,,2199,3380856,
9439,Uromyces veratri,,2199,7239373,
9440,Uromyces viciae-fabae,,2199,3381094,
9441,Uromyces viciae-unijugae,,2199,3380985,
9442,Uromyces vignae,,2199,2516036,
9443,Uromyces wedeliae,,2199,2515934,
9444,Uromyces yakushimensis,,2199,3381090,
9445,Uromyces yatsugatakensis,,2199,3380721,
9446,Xenostele litseae,,2200,2516208,
9447,Xenostele nakanoi,,2200,3380293,
9448,Xenostele sakamotoi,,2200,3380292,
9449,Xenostele takakumensis,,2200,3380294,
9450,Zaghouania phillyreae,,2201,2516246,
9451,Calyptospora columnaris,,2202,2516985,
9452,Hyalopsora aculeata,,2203,3374209,
9453,Hyalopsora aspidiotus,,2203,2516979,
9454,Hyalopsora asplenii-wichuriae,,2203,3374213,
9455,Hyalopsora cryptogrammes,,2203,3374201,
9456,Hyalopsora diplazii,,2203,3374220,
9457,Hyalopsora hakodatensis,,2203,3374210,
9458,Hyalopsora japonica,,2203,3374205,
9459,Hyalopsora polypodii,,2203,2516971,
9460,Hyalopsora yamadana,,2203,3374207,
9461,Melampsorella elatina,,2204,2516847,
9462,Melampsorella itoana,,2204,3374185,
9463,Melampsoridium alni,,2205,3374222,
9464,Melampsoridium alni-firmae,,2205,3374223,
9465,Melampsoridium alni-pendulae,,2205,3374224,
9466,Melampsoridium asiaticum,,2205,3374227,
9467,Melampsoridium betulinum,,2205,2516809,
9468,Melampsoridium carpini,,2205,2516807,
9469,Melampsoridium hiratsukanum,,2205,3374230,
9470,Naohidemyces fujisanensis,,2206,2516824,
9471,Naohidemyces vaccinii,,2206,8344013,
9472,Peridiopsora mori,,2207,2517569,
9473,Pucciniastrum aceris,,2208,3374102,
9474,Pucciniastrum actinidiae,,2208,3374071,
9475,Pucciniastrum agrimoniae,,2208,2516908,
9476,Pucciniastrum asterum,,2208,2516940,
9477,Pucciniastrum boehmeriae,,2208,2516935,
9478,Pucciniastrum brachybotrydis,,2208,2516895,
9479,Pucciniastrum castaneae,,2208,3374089,
9480,Pucciniastrum circaeae,,2208,2516951,
9481,Pucciniastrum corchoropsidis,,2208,3374116,
9482,Pucciniastrum coriariae,,2208,2516907,
9483,Pucciniastrum corni,,2208,3374121,
9484,Pucciniastrum coryli,,2208,3374085,
9485,Pucciniastrum crawfurdiae-japonicae,,2208,3374079,
9486,Pucciniastrum epilobii,,2208,2516897,
9487,Pucciniastrum fagi,,2208,3374130,
9488,Pucciniastrum guttatum,,2208,2516956,
9489,Pucciniastrum hakkodense,,2208,3374123,
9490,Pucciniastrum hikosanense,,2208,3374087,
9491,Pucciniastrum hydrangeae,,2208,2516939,
9492,Pucciniastrum hydrangeae-petiolaris,,2208,3374095,
9493,Pucciniastrum ishikariense,,2208,3374101,
9494,Pucciniastrum kusanoi,,2208,3374100,
9495,Pucciniastrum menziesiae,,2208,3374078,
9496,Pucciniastrum nipponicum,,2208,3374135,
9497,Pucciniastrum pseudocerasi,,2208,3374124,
9498,Pucciniastrum pyrolae,,2208,2516947,
9500,Pucciniastrum rubiae,,2208,3374131,
9501,Pucciniastrum sparsum,,2208,2516937,
9502,Pucciniastrum stachyuri,,2208,3374111,
9503,Pucciniastrum styracinum,,2208,3374113,
9504,Pucciniastrum tiliae,,2208,3374105,
9505,Pucciniastrum tripetaleiae,,2208,3374118,
9506,Pucciniastrum yoshinagae,,2208,7990200,
9507,Thekopsora areolata,,2209,2516929,
9508,Thekopsora asteridis,,2209,2516941,
9509,Thekopsora minima,,2209,7403739,
9510,Uredinopsis adianti,,2210,3374234,
9511,Uredinopsis americana,,2210,2516794,
9512,Uredinopsis athyrii,,2210,3374247,
9513,Uredinopsis daisenensis,,2210,3374255,
9514,Uredinopsis filicina,,2210,2516784,
9515,Uredinopsis hirosakiensis,,2210,3374236,
9516,Uredinopsis intermedia,,2210,3374237,
9517,Uredinopsis kameiana,,2210,3374259,
9518,Uredinopsis komagatakensis,,2210,3374235,
9519,Uredinopsis macrosperma,,2210,2516792,
9520,Uredinopsis ossiiformis,,2210,8418139,
9521,Uredinopsis phegopteridis,,2210,3374239,
9522,Uredinopsis pteridis,,2210,2516789,
9523,Uredinopsis struthiopteridis,,2210,2516800,
9524,Uredinopsis woodsiae,,2210,3374246,
9525,Dietelia emasculata,,2211,2517925,
9526,Endophylloides lysimachiae,,2212,3283588,
9527,Pulvinula convexella,,2213,2593254,
9528,Pulvinula etiolata,,2213,3492513,
9529,Pulvinula globifera,マルミノシロチャワンタケ,2213,3492502,
9530,Punctularia atropurpurascens,,2214,5249958,
9531,Punctularia strigosozonata,ケシワウロコタケ,2214,5249961,
9532,Pycnoporellus fulgens,カボチャタケ,2215,2543387,
9533,Anthracothecium erigens,,2216,8444108,
9534,Anthracothecium macrosporum,,2216,3467234,
9535,Anthracothecium variolosum,,2216,3467325,
9536,Pyrenula asahinae,,2217,5489986,
9537,Pyrenula aspistea,,2217,3467544,
9538,Pyrenula astroidea,,2217,3467889,
9539,Pyrenula chlorospila,,2217,3467506,
9540,Pyrenula concatervans,,2217,5489846,
9541,Pyrenula confinis,,2217,3467754,
9542,Pyrenula cruenta,,2217,3468021,
9543,Pyrenula cylindrica,,2217,5490138,
9544,Pyrenula dermatodes,,2217,2598843,
9545,Pyrenula falsaria,,2217,5490259,
9546,Pyrenula fetivica,,2217,5489900,
9547,Pyrenula gigas,,2217,5489706,
9548,Pyrenula immersa,,2217,4911514,
9549,Pyrenula laevigata,,2217,2598852,
9550,Pyrenula leucostoma,,2217,3467492,
9551,Pyrenula macounii,,2217,5490065,
9552,Pyrenula mamillana,,2217,3467702,
9553,Pyrenula massariospora,,2217,5489755,
9554,Pyrenula mastophora,,2217,7252696,
9555,Pyrenula neojaponica,,2217,5490241,
9556,Pyrenula nitida,,2217,2598866,
9557,Pyrenula nitidella,,2217,2598855,
9558,Pyrenula occidentalis,,2217,2598867,
9559,Pyrenula platystoma,,2217,9099116,
9560,Pyrenula pseudobufonia,,2217,5490038,
9561,Pyrenula pyrenuloides,,2217,2598868,
9562,Pyrenula santensis,,2217,8508359,
9563,Pyrenula shirabeicola,,2217,5489878,
9564,Pyrenula subcongruens,,2217,3467562,
9565,Pyrenula subvariolosa,,2217,5489688,
9566,Pyrenula tokyoensis,,2217,8505155,
9567,Pyrenula vermicularis,,2217,5489746,
9568,Pyrgillus javanicus,,2218,3468093,
9569,Proxipyricularia zingiberis,,2219,7357831,
9570,Pyricularia angulata,,2220,2569316,
9571,Pyricularia grisea,,2220,2569274,
9572,Pyricularia oryzae,,2220,2569273,
9573,Pyricularia setariae,,2220,2569317,
9574,Pyricularia zingiberis,,2220,9312725,
9575,Xenopyricularia zizaniicola,,2221,7376990,
9576,Aleuria aurantia,ヒイロチャワンタケ,2222,5258678,
9577,Aleuria luteonitens,,2222,5258669,
9578,Aleuria splendens,,2222,10751456,
9579,Aleurina ferruginea,,2223,5258825,
9580,Aleurina imaii,,2223,5499857,
9581,Anthracobia melaloma,ヒメウロコベニチャワンタケ,2224,2594493,
9582,Ascosparassis shimizuensis,,2225,3495996,
9583,Byssonectria fusispora,,2226,2594353,
9584,Cheilymenia crucipila,,2227,8622772,
9585,Cheilymenia fimicola,マキバノチャワンタケ,2227,2594381,
9586,Cheilymenia granulata,,2227,8978710,
9587,Cheilymenia stercorea,,2227,2594455,
9588,Cheilymenia theleboloides,ヤマブキクチガネワンタケ,2227,2594421,
9589,Genea hispidula,,2228,5258878,
9590,Geneosperma geneosporum,,2229,7258250,
9591,Geopyxis carbonaria,ヤケアトサカズキタケ,2230,2593573,
9592,Humaria hemisphaerica,シロスズメノワン,2231,5258860,
9593,Hydnocystis japonica,ウツロイモタケ,2232,3496082,
9594,Jafnea fusicarpa,,2233,3496434,
9595,Lamprospora polytrichina,,2234,7362214,
9596,Leucoscypha leucotricha,,2235,2593590,
9597,Melastiza chateri,ベニサラタケ,2236,2593983,
9598,Melastiza rubra,,2236,3497221,
9599,Neottiella rutilans,,2237,2594151,
9600,Neottiella vivida,,2237,2594140,
9601,Octospora humosa,,2238,2594239,
9602,Octospora hygrohypnophila,,2238,3497342,
9603,Octospora leucoloma,,2238,2594276,
9604,Plicaria alveolata,,2239,5499241,
9605,Plicaria trachycarpa,,2239,5259246,
9606,Pyronema domesticum,,2240,5258593,
9607,Pyronema omphalodes,,2240,5258590,
9608,Ramsbottomia asperior,,2241,2594307,
9609,Scutellinia armatospora,,2242,2593846,
9610,Scutellinia badio-berbis,,2242,2593879,
9611,Scutellinia beijingensis,,2242,3497026,
9612,Scutellinia colensoi,,2242,2593835,
9613,Scutellinia crinita,,2242,2593857,
9614,Scutellinia decipiens,,2242,2593856,
9615,Scutellinia erinaceus,,2242,2593916,
9616,Scutellinia fujianensis,,2242,3497069,
9617,Scutellinia hirta,,2242,8639417,
9618,Scutellinia jilinensis,,2242,3497034,
9619,Scutellinia kerguelensis,,2242,2593827,
9620,Scutellinia korfii,,2242,6019676,
9621,Scutellinia macrospora,,2242,2593927,
9622,Scutellinia nigrohirtula,,2242,2593837,
9623,Scutellinia pennsylvanica,,2242,2593953,
9624,Scutellinia scutellata,アカジクラゲ,2242,2593897,
9625,Scutellinia setosa,,2242,2593955,
9626,Scutellinia superba,,2242,2593831,
9627,Scutellinia trechispora,,2242,2593889,
9628,Scutellinia umbrorum,,2242,2593838,
9629,Sowerbyella radiculata,,2243,3496393,
9630,Sowerbyella rhenana,,2243,8258955,
9631,Sphaerosporella brunnea,,2244,2594100,
9632,Spooneromyces velenovskyi,,2245,8315137,
9633,Tarzetta cupularis,,2246,7791739,
9634,Trichaleurina celebica,,2247,8402527,
9635,Trichaleurina tenuispora,,2247,7932906,
9636,Tricharina gilva,,2248,8668791,
9637,Tricharina japonica,,2248,3496088,
9638,Trichophaea abundans,,2249,2593665,
9639,Trichophaea gregaria,,2249,2593672,
9640,Trichophaeopsis paludosa,,2250,2594524,
9641,Aphanobasidium pseudotsugae,,2251,2550201,
9642,Radulomyces confluens,アカギンコウヤクタケ,2252,2540565,
9643,Radulomyces copelandii,,2252,2544342,
9644,Radulomyces molaris,オクバタケ,2252,2540593,
9645,Radulomyces rickii,,2252,2540610,
9646,Bacidia circumspecta,,2253,7247319,
9647,Bacidia hakonensis,,2253,3396203,
9648,Bacidia heterochroa,,2253,2608239,
9649,Bacidia laurocerasi,,2253,2608268,
9650,Bacidia sachalinensis,,2253,10813807,
9651,Bacidia schweinitzii,,2253,3396209,
9652,Bacidina chloroticula,,2254,2607952,
9653,Bacidina pallidocarnea,,2254,3395984,
9654,Bacidina phacodes,,2254,8397662,
9655,Badimia pallidula,,2255,2608676,
9656,Biatora alaskana,,2256,5471915,
9657,Biatora meiocarpa,,2256,6017375,
9658,Biatora pontica,,2256,5472026,
9659,Biatora vernalis,,2256,2608210,
9660,Cliostomum griffithii,,2257,2607939,
9661,Eschatogonia prolifera,,2258,3413710,
9662,Eschatogonia triptophyllina,,2258,3413718,
9663,Ivanpisutia ocelliformis,,2259,10769015,
9664,Lecania circumpallescens,,2260,5472486,
9665,Lecania erysibe,,2260,5261276,
9666,Lopezaria versicolor,,2261,3396119,
9667,Phyllopsora buettneri,,2262,2608313,
9668,Phyllopsora cinchonarum,,2262,3397330,
9669,Phyllopsora confusa,,2262,2608326,
9670,Phyllopsora foliata,,2262,2608305,
9671,Phyllopsora furfuracea,,2262,2608315,
9672,Phyllopsora gossypina,,2262,9872203,
9673,Phyllopsora kiiensis,,2262,2608328,
9674,Phyllopsora loekoesii,,2262,10022693,
9675,Phyllopsora porphyromelaena,,2262,3397262,
9676,Ramalina africana,,2263,3395686,
9677,Ramalina almquistii,,2263,3395682,
9678,Ramalina asahinae,,2263,2608097,
9679,Ramalina australiensis,,2263,3395865,
9680,Ramalina calicaris,,2263,7247197,
9681,Ramalina complanata,,2263,2608089,
9682,Ramalina conduplicans,,2263,3395736,
9683,Ramalina cuspidata,,2263,2608102,
9684,Ramalina dendriscoides,,2263,7083300,
9685,Ramalina dendroides,,2263,3395513,
9686,Ramalina denticulata,,2263,7247342,
9687,Ramalina dilacerata,,2263,7083298,
9688,Ramalina dumeticola,,2263,3395601,
9689,Ramalina exilis,,2263,3395197,
9690,Ramalina farinacea,,2263,2608167,
9691,Ramalina fastigiata,,2263,2608115,
9692,Ramalina inflata,,2263,11234391,
9693,Ramalina intermedia,,2263,2608134,
9694,Ramalina japonica,,2263,8563688,
9695,Ramalina kurokawae,,2263,3395183,
9696,Ramalina leiodea,,2263,7247374,
9697,Ramalina litoralis,,2263,7353607,
9699,Ramalina litorea,,2263,3395785,
9700,Ramalina nervulosa,,2263,8635210,
9701,Ramalina pacifica,,2263,7247407,
9702,Ramalina pertusa,,2263,3395129,
9703,Ramalina peruviana,,2263,2608129,
9704,Ramalina pollinaria,,2263,2608099,
9705,Ramalina pumilla,,2263,7403269,
9706,Ramalina roesleri,,2263,2608161,
9707,Ramalina ryukyuensis,,2263,10855856,
9708,Ramalina semicuspidata,,2263,3395448,
9709,Ramalina siliquosa,,2263,7247205,
9710,Ramalina sinensis,,2263,2608140,
9711,Ramalina subbreviuscula,,2263,3395425,
9712,Ramalina subcomplanata,,2263,8601378,
9713,Ramalina subfraxinea,,2263,2608121,
9714,Ramalina subgeniculata,,2263,3395296,
9715,Ramalina sublitoralis,,2263,3395691,
9716,Ramalina tenella,,2263,3395161,
9717,Ramalina yasudae,,2263,3395366,
9718,Ramalina yokotae,,2263,10717671,
9719,Toninia afferens,,2264,3426406,
9720,Toninia subdispersa,,2264,3426277,
9721,Toninia tristis,,2264,6612242,
9722,Wolseleyidea africana,,2265,10925630,
9723,Wolseleyidea swinscowii,,2265,11026707,
9724,Ramboldia amagiensis,,2266,3397600,
9725,Diorchidium lophatheri,,2267,3383266,
9726,Hapalophragmium derridis,,2268,2517152,
9727,Hapalophragmium pulchrum,,2268,2517136,
9728,Kernkampella breyniae-patentis,,2269,2517293,
9729,Nyssopsora asiatica,,2270,2517310,
9730,Nyssopsora cedrelae,,2270,2517328,
9731,Nyssopsora clavellosa,,2270,2517323,
9732,Nyssopsora formosana,,2270,2517326,
9733,Nyssopsora koelreuteriae,,2270,2517313,
9734,Nyssopsora thwaitesii,,2270,2517320,
9735,Ravenelia hobsonii,,2271,5237200,
9736,Ravenelia japonica,,2271,5237226,
9737,Ravenelia tephrosiicola,,2271,5237199,
9738,Triphragmium ulmariae,,2272,2517107,
9739,Lawrynomyces capitatus,,2273,8294801,
9740,Skvortzovia furfurella,イボコメバタケ,2274,2523911,
9741,Blastophorum truncatum,,2275,2589343,
9742,Rhodoveronaea varioseptata,,2276,2569460,
9743,Xylolentia brunneola,,2277,10802616,
9744,Rhamphospora nymphaeae,,2278,2513050,
9745,Psilopezia nummularia,,2279,2593277,
9746,Rhizina undulata,ツチクラゲ,2280,2593192,
9747,Catolechia wahlenbergii,,2281,2600489,
9748,Rhizocarpon badioatrum,,2282,2600441,
9749,Rhizocarpon copelandii,,2282,3425770,
9750,Rhizocarpon eupetraeoides,,2282,2600439,
9751,Rhizocarpon geographicum,,2282,2600423,
9752,Rhizocarpon hochstetteri,,2282,2600393,
9753,Rhizocarpon inarense,,2282,2600432,
9754,Rhizocarpon lavatum,,2282,2600467,
9755,Rhizocarpon lecanorinum,,2282,2600406,
9756,Rhizocarpon leptolepis,,2282,2600472,
9757,Rhizocarpon polycarpum,,2282,2600433,
9758,Rhizocarpon rittokense,,2282,3425847,
9759,Rhizocarpon vulcani,,2282,3425997,
9760,Rhizophlyctis harderi,,2283,3385303,
9761,Rhizophlyctis rosea,,2283,2627419,
9762,Rhizophydium brooksianum,,2284,2627457,
9763,Rhizophydium patellarium,,2284,8314975,
9764,Rhizopus arrhizus,,2285,3386532,
9765,Rhizopus microsporus,,2285,3386522,
9766,Rhizopus sexualis,,2285,2558952,
9767,Rhizopus stolonifer,クモノスカビ,2285,2558944,
9768,Syzygites megalocarpus,フタマタケカビ,2286,2558544,
9769,Rhizopogon alpinus,,2287,9731946,
9770,Rhizopogon boninensis,,2287,3356593,
9771,Rhizopogon ellenae,,2287,2524252,
9772,Rhizopogon graveolens,,2287,8325581,
9773,Rhizopogon luteolus,ホンショウロ,2287,2524248,
9774,Rhizopogon nigrescens,オオショウロ,2287,3356502,
9775,Rhizopogon obscurus,,2287,3356497,
9776,Rhizopogon piceus,,2287,3356398,
9777,Rhizopogon roseolus,ショウロ,2287,2524228,
9778,Rhizopogon succosus,アカショウロ,2287,3356470,
9779,Rhizopogon superiorensis,アカショウロ,2287,7240651,
9780,Rhizopogon togasawarius,Togasawarasyoro,2287,9719696,
9781,Rhizopogon variabilisporus,,2287,3356417,
9782,Rhizopogon yakushimensis,Yakutanesyoro,2287,10883505,
9783,Papiliotrema aurea,,2288,9665912,
9784,Papiliotrema flavescens,,2288,9751592,
9785,Papiliotrema laurentii,,2288,9646747,
9786,Papiliotrema pseudoalba,,2288,9655360,
9787,Bifusella cunninghamiicola,,2289,2579917,
9788,Coccomyces coronatus,,2290,2579359,
9789,Coccomyces dentatus,,2290,8983522,
9790,Coccomyces mucronatus,,2290,2579282,
9791,Coccomyces radiatus,,2290,2579325,
9792,Coccomyces sinensis,,2290,3481464,
9793,Colpoma quercinum,,2291,8989606,
9794,Davisomycella hiratsukae,,2292,2579390,
9795,Discocainia nervalis,,2293,8127341,
9796,Hypoderma rubi,,2294,5255711,
9797,Lirula nervisequa,,2295,3481689,
9798,Lophodermium arundinaceum,,2296,2579577,
9799,Lophodermium conigenum,,2296,2579812,
9800,Lophodermium foliicola,,2296,2579607,
9801,Lophodermium jiangnanense,,2296,3481574,
9802,Lophodermium pinastri,,2296,2579744,
9803,Lophodermium pini-excelsae,,2296,2579659,
9804,Lophodermium pini-pumilae,,2296,2579643,
9805,Lophodermium rottboelliae,,2296,3481633,
9806,Lophomerum rhododendri,,2297,2579541,
9807,Macroderma curtisii,,2298,5255676,
9808,Rhytisma acerinum,,2299,9117055,
9809,Rhytisma andromedae,,2299,5255536,
9810,Rhytisma filamentosum,,2299,7856463,
9811,Rhytisma ilicis,,2299,5494685,
9812,Rhytisma ilicis-latifoliae,,2299,5255540,
9813,Rhytisma lonicerae,,2299,5494632,
9814,Rhytisma polare,,2299,9808568,
9815,Rhytisma prini,,2299,5255522,
9816,Rhytisma punctatum,,2299,9084284,
9817,Rhytisma salicinum,,2299,5255509,
9818,Rhytisma shiraiana,,2299,5494608,
9819,Rhytisma umbonatum,,2299,5255527,
9820,Alloclavaria purpurea,,2300,2523872,
9821,Cotylidia diaphana,シロウロコタケ,2301,2523515,
9822,Cotylidia harmandii,キブリウロコタケ,2301,2523562,
9823,Cotylidia komabensis,サギウロコタケ,2301,2523510,
9824,Cotylidia pannosa,,2301,2523543,
9825,Cotylidia pusiola,,2301,8092983,
9826,Loreleia postii,ダイダイサカズキタケ,2302,2523926,
9827,Peniophorella crystallifera,,2303,11444925,
9828,Peniophorella guttulifera,,2303,2523693,
9829,Peniophorella odontiiformis,,2303,3368747,
9830,Peniophorella pallida,,2303,2523722,
9831,Peniophorella pertenuis,,2303,5898036,
9832,Peniophorella praetermissa,,2303,2523664,
9833,Peniophorella pubera,,2303,2523676,
9834,Peniophorella rude,,2303,2523700,
9835,Resinicium bicolor,ハリタケモドキ,2304,2523300,
9836,Resinicium luteosulphureum,,2304,8738603,
9837,Resinicium rimulosum,,2304,2523315,
9838,Rickenella fibula,ヒナノヒガサ,2305,9105286,
9839,Rickenella swartzii,,2305,2523487,
9840,Sidera lenis,,2306,7547658,
9841,Sidera vulgaris,,2306,7908250,
9842,Robbauera albescens,,2307,9770239,
9843,Robillarda sessilis,,2308,2587822,
9844,Chiodecton asahinae,,2309,3546742,
9845,Chiodecton congestulum,,2309,3546878,
9846,Chiodecton leptosporum,,2309,3546864,
9847,Dichosporidium boschianum,,2310,3546273,
9848,Dichosporidium sorediatum,,2310,3546272,
9849,Enterographa crassa,,2311,2592831,
9850,Enterographa divergens,,2311,9164208,
9851,Enterographa hutchinsiae,,2311,2592825,
9852,Enterographa leucolyta,,2311,3546366,
9853,Enterographa mazosiae,,2311,3546405,
9854,Enterographa praepallens,,2311,8571305,
9855,Gyrographa gyrocarpa,,2312,8490890,
9856,Mazosia bambusae,,2313,3548247,
9857,Mazosia melanophthalma,,2313,3548218,
9858,Mazosia ocellata,,2313,3548254,
9859,Mazosia phyllosema,,2313,3548204,
9860,Mazosia viridescens,,2313,10736729,
9861,Perigrapha lobariae,,2314,10670784,
9862,Pulvinodecton kurzii,,2315,3547205,
9863,Roccellina nipponica,,2316,3546012,
9864,Schismatomma occultum,,2317,7256047,
9865,Schismatomma ocellulatum,,2317,3546229,
9866,Rogerpetersonia torreyae,,2318,12239640,
9867,Neoroussoella solani,,2319,10766720,
9868,Roussoella hysterioides,,2320,2619885,
9869,Roussoella intermedia,,2320,3536781,
9870,Roussoella japanensis,,2320,9697158,
9871,Roussoella phyllostachydis,,2320,3536787,
9872,Roussoella pustulans,,2320,3536786,
9873,Roussoella serrulata,,2320,2619891,
9874,Roussoella verrucispora,,2320,9807213,
9875,Roussoellopsis japonica,,2321,2625918,
9876,Roussoellopsis tosaensis,,2321,2625920,
9877,Ruinenia rubra,,2322,9653270,
9878,Arcangeliella mitsueae,ミツエタケ,2323,3360756,
9879,Gloeopeniophorella sacrata,,2324,2550632,
9880,Lactarius,,2325,11606405,
9881,Lactarius acris,ハイイロカラチチタケ,2325,5248697,
9882,Lactarius akanensis,ウメネズチチタケ,2325,5463746,
9883,Lactarius aspideus,ウスキチチタケ,2325,5248603,
9884,Lactarius atromarginatus,,2325,5462810,
9885,Lactarius camphoratus,ニセヒメチチタケ,2325,8813286,
9886,Lactarius castanopsidis,ヒカゲヒメチチタケ,2325,5463786,
9887,Lactarius chrysophyllus,,2325,5463116,
9888,Lactarius chrysorrheus,キチチタケ,2325,5248610,
9889,Lactarius circellatus,ヒロハシデチチタケ,2325,5248712,
9890,Lactarius controversus,ケショウシロハツ,2325,5248714,
9891,Lactarius corrugis,チリメンチチタケ,2325,5462830,
9892,Lactarius deliciosus,,2325,5248629,
9893,Lactarius deterrimus,,2325,7925734,
9894,Lactarius flavidulus,,2325,5463382,
9895,Lactarius flexuosus,,2325,9052760,
9896,Lactarius fuliginosus,ウスズミチチタケ,2325,8759862,
9897,Lactarius gerardii,クロチチダマシ,2325,7240220,
9898,Lactarius glutininitens,,2325,5463130,
9899,Lactarius glyciosmus,ヤミイロタケ,2325,5248706,
9900,Lactarius gracilis,アシボソチチタケ,2325,5463241,
9901,Lactarius hatsudake,,2325,7240193,
9902,Lactarius helvus,アカチチモドキ,2325,5248660,
9903,Lactarius hibbardiae,,2325,5463152,
9904,Lactarius hygrophoroides,ヒロハチチタケ,2325,7240100,
9905,Lactarius hysginus,ヌメリアカチチタケ,2325,9030395,
9906,Lactarius indigo,,2325,7240044,
9907,Lactarius lignyotus,クロチチタケ,2325,7240050,
9908,Lactarius necator,ウグイスチャチチタケ,2325,5248670,
9909,Lactarius nigroviolascens,,2325,7240099,
9910,Lactarius obscuratus,アキノアシボソチチタケ,2325,5248651,
9911,Lactarius porniniae,,2325,12208929,
9912,Lactarius porninsis,カラマツチチタケ,2325,5248733,
9913,Lactarius pterosporus,ウスイロカラチチタケ,2325,5248640,
9914,Lactarius pubescens,シロカラハツタケ,2325,5248664,
9915,Lactarius purpureus,,2325,5463266,
9916,Lactarius quieticolor,,2325,5248728,
9917,Lactarius quietus,チョウジチチタケ,2325,5248616,
9918,Lactarius repraesentaneus,ムラサキイロガワリハツ,2325,5248687,
9919,Lactarius rufus,アカチチタケ,2325,5248684,
9920,Lactarius sanguifluus,,2325,5248648,
9921,Lactarius scrobiculatus,キカラハツダケ,2325,8881331,
9922,Lactarius subdulcis,ヒメチチタケ,2325,9186214,
9923,Lactarius subindigo,ルリハツタケ,2325,5463093,
9924,Lactarius subplinthogalus,ウスハダカラチチタケ,2325,7240248,
9925,Lactarius subzonarius,ニオイワチチタケ,2325,5462735,
9926,Lactarius tabidus,ヒメチチモドキ,2325,5248614,
9927,Lactarius torminosus,カラハツタケ,2325,8122710,
9928,Lactarius tottoriensis,キハツダケ,2325,5463146,
9929,Lactarius trivialis,キハダチチタケ,2325,5248801,
9930,Lactarius turpis,,2325,5248667,
9931,Lactarius uvidus,トビチャチチタケ,2325,5248638,
9932,Lactarius vinaceorufescens,,2325,7240137,
9933,Lactarius violascens,ウズタケ,2325,5248797,
9934,Lactarius yazooensis,,2325,5463107,
9935,Lactarius zonarius,キカラハツモドキ,2325,5248643,
9936,Lactifluus brunnescens,,2326,7349741,
9937,Lactifluus glaucescens,,2326,7405092,
9938,Lactifluus luteopus,,2326,7694224,
9939,Lactifluus ochrogalactus,,2326,7609786,
9940,Lactifluus piperatus,,2326,7719797,
9941,Lactifluus subpiperatus,,2326,7352098,
9942,Lactifluus subvellereus,,2326,8240323,
9943,Lactifluus uyedae,,2326,7534209,
9944,Lactifluus vellereus,,2326,2551071,
9945,Lactifluus volemus,,2326,2551150,
9946,Multifurca ochricompacta,,2327,2550838,
9947,Russula,,2328,11860415,
9948,Russula acrifolia,,2328,2551347,
9949,Russula adusta,コゲイロハツタケ,2328,9223923,
9950,Russula aeruginea,クサイロハツ,2328,2551173,
9951,Russula alboareolata,ヒビワレシロハツ,2328,3360190,
9952,Russula albonigra,シロクロハツ,2328,2551443,
9953,Russula alutacea,アカネタケ,2328,2551318,
9954,Russula amarissima,,2328,2551406,
9955,Russula amoena,ムラサキカスリタケ,2328,2551233,
9956,Russula amoenolens,,2328,2551439,
9957,Russula aquosa,,2328,2551527,
9958,Russula atropurpurea,ムラサキハツ,2328,2551470,
9959,Russula aurea,ニシキタケ,2328,2551388,
9960,Russula aurora,バライロハツ,2328,7905123,
9961,Russula azurea,,2328,2551480,
9962,Russula ballouii,,2328,3360574,
9963,Russula bella,ニオイコベニタケ,2328,3360231,
9964,Russula boninensis,オガサワラキハツダケ,2328,3359168,
9965,Russula castanopsidis,カレバハツ,2328,3360350,
9966,Russula cerea,,2328,10898729,
9967,Russula chloroides,アイバシロハツ,2328,2551426,
9968,Russula claroflava,イロガワリキイロハツ,2328,2551299,
9969,Russula compacta,アカカバイロタケ,2328,3359287,
9970,Russula crustosa,ヤブレキチャハツ,2328,3359641,
9971,Russula cyanoxantha,ウグイスタケ,2328,2551542,
9972,Russula decolorans,ススケベニタケ,2328,2551479,
9973,Russula delica,シロハツ,2328,2551331,
9974,Russula densifolia,クロハツモドキ,2328,2551191,
9975,Russula dissimulans,,2328,3359153,
9976,Russula earlei,キツネハツ,2328,3360689,
9977,Russula eburneoareolata,ツギハギハツ,2328,3360148,
9978,Russula emetica,ドクベニタケ,2328,2551213,
9979,Russula farinipes,コクサハツ,2328,2551611,
9980,Russula favrei,,2328,2551355,
9981,Russula ferruginascens,,2328,10704405,
9982,Russula flavida,ウコンハツ,2328,9319774,
9983,Russula foetens,クサハツ,2328,2551447,
9984,Russula fragilis,コベニタケ,2328,2551254,
9985,Russula fulvograminea,,2328,3360424,
9986,Russula gracillima,アシボソムラサキハツ,2328,2551491,
9987,Russula granulata,,2328,3359969,
9988,Russula grata,クサハツモドキ,2328,2551409,
9989,Russula grisea,,2328,2551317,
9990,Russula heterophylla,ウグイスハツ,2328,2551597,
9991,Russula hongoi,,2328,3360349,
9992,Russula insignis,,2328,2551584,
9993,Russula integra,ヨヘイジ,2328,8894724,
9994,Russula japonica,カラシロハツ,2328,3360672,
9995,Russula kansaiensis,ヒナベニタケ,2328,3359544,
9996,Russula laccata,,2328,2551295,
9997,Russula lilacea,ウスムラサキハツ,2328,2551379,
9998,Russula maculata,,2328,2551519,
9999,Russula mariae,,2328,9547019,
10000,Russula melitodes,,2328,2551525,
10001,Russula murrillii,,2328,3360578,
10002,Russula neoemetica,ドクベニダマシ,2328,3359966,
10003,Russula niigatensis,,2328,3359254,
10004,Russula ochroleuca,ヤマブキハツ,2328,2551419,
10006,Russula olivacea,クサイロアカネタケ,2328,9561742,
10007,Russula omiensis,カラムラサキハツ,2328,3360330,
10008,Russula paludosa,,2328,2551201,
10009,Russula paneeroides,,2328,10773311,
10010,Russula parksii,,2328,10881709,
10011,Russula peckii,,2328,3360638,
10012,Russula pectinata,クシノハタケ,2328,2551285,
10013,Russula pectinatoides,クシノハタケモドキ,2328,2551457,
10014,Russula poichilochroa,,2328,2551538,
10015,Russula pseudodelica,,2328,3360222,
10016,Russula pseudointegra,シュイロハツ,2328,2551551,
10017,Russula puellaris,,2328,2551562,
10018,Russula queletii,,2328,2551558,
10019,Russula raoultii,,2328,2551464,
10020,Russula risigallina,,2328,2551392,
10021,Russula rosea,アカフチベニタケ,2328,2551240,
10022,Russula roseipes,,2328,2551270,
10023,Russula rubescens,イロガワリベニタケ,2328,3360408,
10024,Russula ryukokuensis,,2328,11704721,
10025,Russula sanguinaria,チシオハツ,2328,2551203,
10026,Russula sanguinea,チシオハツ,2328,3359736,
10027,Russula sardonia,,2328,2551274,
10028,Russula seminuda,,2328,10688777,
10029,Russula senecis,,2328,3360357,
10030,Russula sororia,キチャハツ,2328,7531434,
10032,Russula sphagnophila,,2328,2551271,
10033,Russula squalida,,2328,3360186,
10034,Russula subfoetens,,2328,8391773,
10035,Russula subnigricans,ニセクロハツ,2328,3359054,
10036,Russula taigarum,,2328,3359626,
10037,Russula velenovskyi,フジアカネハツ,2328,2551348,
10038,Russula vesca,チギレハツ,2328,2551415,
10039,Russula veternosa,ニシキベニハツ,2328,2551553,
10040,Russula violeipes,ケショウハツ,2328,2551231,
10041,Russula virescens,アイタケ,2328,2551423,
10042,Russula xerampelina,ニオイベニハツ,2328,2551356,
10043,Zelleromyces gilkeyae,,2329,2551665,
10044,Zelleromyces scissilis,チチショウロ,2329,2551660,
10045,Lambertella brunneola,,2330,5496068,
10046,Lambertella corni-maris,,2330,5255831,
10047,Lambertella nipponica,,2330,5496056,
10048,Lambertella pachysandrae,,2330,5496085,
10049,Lambertella pyrolae,,2330,7939974,
10050,Lambertella subrenispora,,2330,5255833,
10051,Lambertella tubulosa,,2330,5255828,
10052,Lanzia echinophila,クリノイガワンタケ,2331,9007128,
10053,Lanzia longipes,,2331,5255875,
10054,Lanzia luteovirescens,,2331,5255871,
10055,Lanzia pruni-serotinae,,2331,5495991,
10056,Poculum crocatum,,2332,2580348,
10057,Rutstroemia bulgarioides,,2333,2580477,
10058,Rutstroemia firma,,2333,2580410,
10059,Rutstroemia microspora,,2333,2580457,
10060,Rutstroemia petiolorum,,2333,2580431,
10061,Rutstroemia pruni-spinosae,,2333,3486250,
10062,Rutstroemia pseudosydowiana,,2333,11512163,
10063,Citeromyces matritensis,,2334,2599468,
10064,Debaryomyces delbrueckii,,2335,5260318,
10065,Debaryomyces hansenii,デバリオミケス・ハンセニイ,2335,2599491,
10066,Debaryomyces maramus,,2335,4911226,
10067,Debaryomyces nepalensis,,2335,6755349,
10068,Dekkera bruxellensis,,2336,2599345,
10069,Grigorovia humatica,,2337,12181801,
10070,Grigorovia yakushimaensis,,2337,12131523,
10071,Issatchenkia orientalis,,2338,2599552,
10072,Kazachstania aerobia,,2339,5494086,
10073,Kazachstania africana,,2339,5494101,
10074,Kazachstania bulderi,,2339,5494093,
10075,Kazachstania exigua,,2339,8599844,
10076,Kazachstania gamospora,,2339,5494103,
10077,Kazachstania humilis,,2339,10266842,
10078,Kazachstania naganishii,,2339,5494116,
10079,Kazachstania pseudohumilis,,2339,9773012,
10080,Kazachstania servazzii,,2339,5494113,
10081,Kazachstania siamensis,,2339,5494108,
10082,Kazachstania unispora,,2339,5494110,
10083,Kazachstania zonata,,2339,5494107,
10084,Kluyveromyces aestuarii,,2340,3479230,
10085,Kluyveromyces lactis,,2340,8681602,
10086,Kluyveromyces marxianus,,2340,2599079,
10087,Kluyveromyces nonfermentans,,2340,3479241,
10088,Kodamaea fukazawae,,2341,11825746,
10089,Kodamaea fungicola,,2341,11919698,
10090,Kodamaea sagamina,,2341,11673074,
10091,Kregervanrija fluxuum,,2342,3479450,
10092,Kuraishia capsulata,,2343,3561596,
10093,Kuraishia molischiana,,2343,3309111,
10094,Kurtzmaniella fragi,,2344,11453737,
10095,Lachancea fermentati,,2345,2599150,
10096,Lachancea kluyveri,,2345,2599161,
10097,Lachancea quebecensis,,2345,9735144,
10098,Lachancea thermotolerans,,2345,8571804,
10099,Lachancea waltii,,2345,2599154,
10100,Lodderomyces elongisporus,,2346,3480810,
10101,Martiniozyma asiatica,,2347,9690555,
10102,Nakaseomyces castellii,,2348,12208099,
10103,Nakaseomyces glabratus,,2348,12245577,
10104,Naumovozyma dairenensis,,2349,3478654,
10105,Ogataea angusta,,2350,5893420,
10106,Ogataea methanolica,,2350,5954149,
10107,Ogataea methylovora,,2350,7940664,
10108,Ogataea minuta,,2350,2599377,
10109,Ogataea naganishii,,2350,5954144,
10110,Ogataea paradorogensis,,2350,3272412,
10111,Ogataea pini,,2350,2599405,
10112,Ogataea trehalophila,,2350,5954151,
10113,Pichia deserticola,,2351,3479471,
10114,Pichia fermentans,,2351,2599398,
10115,Pichia kluyveri,,2351,3479491,
10116,Pichia membranifaciens,,2351,2599378,
10117,Pichia nakasei,,2351,3479653,
10118,Pichia occidentalis,,2351,3479462,
10119,Pichia porticicola,,2351,7619521,
10120,Pichia rarassimilans,,2351,3479507,
10121,Saccharomyces bayanus,,2352,2599165,
10122,Saccharomyces cerevisiae,サッカロミケス・セレビシアエ,2352,7440012,
10123,Saccharomyces kudriavzevii,,2352,3478809,
10124,Saccharomyces mikatae,,2352,3478798,
10125,Saccharomyces paradoxus,,2352,9395877,
10127,Saturnispora diversa,,2353,9809003,
10128,Saturnispora saitoi,,2353,2599437,
10129,Saturnispora silvae,,2353,9798826,
10130,Saturnispora zaruensis,,2353,2599435,
10131,Schwanniomyces polymorphus,,2354,8344694,
10132,Tetrapisispora arboricola,,2355,2599177,
10133,Tetrapisispora blattae,,2355,2599181,
10134,Tetrapisispora iriomotensis,,2355,2599180,
10135,Tetrapisispora nanseiensis,,2355,2599176,
10136,Tetrapisispora phaffii,,2355,2599178,
10137,Torulaspora globosa,,2356,3479260,
10138,Torulaspora maleeae,,2356,3479266,
10139,Torulaspora pretoriensis,,2356,3479251,
10140,Vanderwaltozyma verrucispora,,2357,3479218,
10141,Vanderwaltozyma yarrowii,,2357,2599128,
10142,Zygosaccharomyces bailii,,2358,5260322,
10143,Zygosaccharomyces mellis,,2358,5237332,
10144,Zygosaccharomyces rouxii,,2358,5260321,
10145,Zygosaccharomyces siamensis,,2358,7814946,
10146,Zygotorulaspora chibaensis,,2359,10756210,
10147,Zygotorulaspora florentina,,2359,2599101,
10148,Hanseniaspora occidentalis,,2360,3480770,
10149,Hanseniaspora opuntiae,,2360,3480765,
10150,Hanseniaspora osmophila,,2360,3480773,
10151,Hanseniaspora pseudoguilliermondii,,2360,3480775,
10152,Hanseniaspora uvarum,,2360,2598977,
10153,Hanseniaspora valbyensis,,2360,2598979,
10154,Hanseniaspora vineae,,2360,2598975,
10155,Nadsonia fulvescens,,2361,3480812,
10156,Nadsonia starkeyi-henricii,,2361,8042910,
10157,Saccharomycodes ludwigii,,2362,2598983,
10158,Wickerhamia fluorescens,,2363,2599449,
10159,Ambrosiozyma kamigamensis,,2364,5954228,
10160,Ambrosiozyma kashinagicola,,2364,9742442,
10161,Ambrosiozyma neoplatypodis,,2364,5954229,
10162,Ambrosiozyma platypodis,,2364,2599636,
10163,Ambrosiozyma pseudovanderkliftii,,2364,8171952,
10164,Ambrosiozyma vanderkliftii,,2364,8282716,
10165,Saccharomycopsis babjevae,,2365,7852492,
10166,Saccharomycopsis capsularis,,2365,5260344,
10167,Saccharomycopsis fibuligera,,2365,5893404,
10168,Saccharomycopsis javanensis,,2365,5260343,
10169,Saccharomycopsis schoenii,,2365,5494293,
10170,Aureobasidium pullulans,,2366,3524384,
10171,Metasphaeria crebra,,2367,3279218,
10172,Metasphaeria kerriae,,2367,3304764,
10173,Pseudoseptoria donacis,,2368,2589991,
10174,Selenophoma dendrobii,,2369,3524522,
10175,Sakaguchia lamellibrachiae,,2370,9752988,
10176,Sakaguchia oryzae,,2370,9721245,
10177,Sarcomyxa edulis,ムキタケ,2371,8307192,
10178,Sarcomyxa serotina,オソムキタケ（新称）,2371,11011338,
10179,Sarcoporia polyspora,,2372,2549052,
10180,Cookeina insititia,コップタケ,2373,7936733,
10181,Cookeina sulcipes,,2373,7258309,
10182,Cookeina tricholoma,アラゲウスベニコップタケ,2373,2594936,
10183,Microstoma aggregatum,センボンキツネノサカズキ,2374,5500423,
10184,Microstoma album,,2374,9427244,
10185,Microstoma floccosum,シロキツネノサカズキ,2374,5259127,
10186,Microstoma longipilum,,2374,11434481,
10187,Microstoma macrosporum,シロキツネノサカズキモドキ,2374,5500431,
10188,Microstoma protractum,,2374,5259120,
10189,Phillipsia chinensis,,2375,5500446,
10190,Phillipsia domingensis,ニクアツベニサラタケ,2375,5500445,
10192,Phillipsia straminea,ネッタイキチャワンタケ,2375,5500438,
10193,Phillipsia subpurpurea,ウスミベニサラタケ,2375,5500450,
10194,Pithya cupressina,イブアカツブエダガレキン,2376,8555773,
10195,Pithya vulgaris,マツノコベニサラタケ,2376,2594883,
10196,Sarcoscypha coccinea,アカチャワンタケ,2377,8156721,
10197,Sarcoscypha jurana,,2377,2594966,
10198,Sarcoscypha occidentalis,ベニチャワンタケモドキ,2377,2594961,
10199,Sarcoscypha vassiljevae,ヨソオイチャワンタケ,2377,3497693,
10200,Conoplea elegantula,,2378,5258567,
10201,Donadinia nigrella,,2379,8311020,
10202,Galiella japonica,キツネノサカズキ,2380,3495843,
10203,Korfiella karnika,コフキクロチャワンタケ,2381,2593421,
10204,Plectania melastoma,,2382,9226906,
10205,Plectania platensis,クロヒメチャワンタケ,2382,2593465,
10206,Pseudoplectania melaena,ニセクロチャワンタケ,2383,8517490,
10207,Pseudoplectania nigrella,クロチャワンタケ,2383,2593436,
10208,Strumella griseola,,2384,5953085,
10209,Urnula craterium,エツキクロコップタケ,2385,7643901,
10210,Sarea resinae,,2386,5260439,
10211,Zythia fructicola,,2387,3443191,
10212,Zythia stromaticola,,2387,3443162,
10213,Sarocladium glaucum,,2388,7540901,
10214,Sarocladium oryzae,,2388,2562112,
10215,Sarocladium strictum,,2388,7794879,
10216,Loxospora glaucomiza,,2389,3397426,
10217,Loxospora ochrophaea,,2389,3397415,
10218,Canalisporium exiguum,,2390,3498848,
10219,Savoryella aquatica,,2391,3457707,
10220,Savoryella paucispora,,2391,3457710,
10221,Savoryella sarushimana,,2391,12196329,
10222,Ropalospora chlorantha,,2392,3433736,
10223,Ropalospora lugubris,,2392,2608866,
10224,Ropalospora phaeoplaca,,2392,3433737,
10225,Ropalospora viridis,,2392,8147668,
10226,Coniella castaneicola,,2393,5252606,
10227,Coniella diplodiella,,2393,5252608,
10228,Coniella fragariae,,2393,5252604,
10229,Coniella granati,,2393,5252602,
10230,Coniella koreana,,2393,9805532,
10231,Porodisculus pendulus,ヌルデタケ,2394,2531034,
10233,Schizophyllum commune,スエヒロタケ,2395,5241128,
10234,Schizophyllum palmatum,,2395,5459902,
10235,Echinoporia hydnophora,トゲオシロイタケ,2396,2519068,
10236,Leucophellinus hobsonii,,2397,2518722,
10237,Paratrichaptum accuratum,,2398,2519031,
10238,Schizopora paradoxa,アナタケ,2399,2518684,
10239,Xylodon asper,,2400,7529386,
10240,Xylodon borealis,,2400,3360938,
10241,Xylodon brevisetus,,2400,3360884,
10242,Xylodon flaviporus,,2400,9366699,
10243,Xylodon nesporii,,2400,3360896,
10244,Xylodon ovisporus,,2400,9726958,
10245,Xylodon papillosus,,2400,9744277,
10246,Xylodon radula,,2400,7916380,
10247,Xylodon raduloides,,2400,9400288,
10248,Xylodon rimosissimus,,2400,3360895,
10249,Hasegawaea japonica,,2401,3465040,
10250,Schizosaccharomyces pombe,,2402,2586935,
10251,Phragmothyriella muroiana,,2403,5445224,
10252,Schizothyrium disseminatum,,2404,3499746,
10253,Schizothyrium jamaicense,,2404,9729920,
10254,Schizothyrium pomi,,2404,2624775,
10255,Sclerococcum haliotrephum,,2405,10719561,
10256,Sclerococcum stygium,,2405,10725608,
10257,Sclerococcum vrijmoediae,,2405,10715838,
10258,Pisolithus arenarius,,2406,2525465,
10259,Pisolithus arhizus,コブクロタケ,2406,2525455,
10260,Pisolithus tinctorius,コツブタケ,2406,7699168,
10261,Scleroderma albidum,シロニセショウロ,2407,5239945,
10262,Scleroderma areolatum,アミメヒメカタショウロ,2407,5239963,
10263,Scleroderma bovista,ハマニセショウロ,2407,5239977,
10264,Scleroderma capeverdeanum,,2407,9685134,
10265,Scleroderma cepa,タマネギモドキ,2407,5239938,
10266,Scleroderma citrinum,アワダンゴ,2407,5239982,
10267,Scleroderma dictyosporum,アミメニセショウロ,2407,5239955,
10268,Scleroderma flavidum,ウスキニセショウロ,2407,5239937,
10269,Scleroderma laeve,ツブニセショウロ,2407,5239946,
10270,Scleroderma lycoperdoides,,2407,5239954,
10271,Scleroderma nitidum,エツキニセショウロ,2407,7615800,
10272,Scleroderma polyrhizum,ツチグリカタカワタケ,2407,5239950,
10273,Scleroderma radicans,フトネノニセショウロ,2407,5460834,
10274,Scleroderma reae,コニセショウロ,2407,5239953,
10275,Scleroderma sinnamariense,カガニセショウロ,2407,5239987,
10276,Scleroderma tenerum,,2407,5460837,
10277,Scleroderma verrucosum,ザラツキカタカワタケ,2407,5239959,
10278,Scleroderma yunnanense,,2407,7678407,
10279,Sclerogaster compactus,,2408,5239752,
10280,Botryotinia convoluta,,2409,2583437,
10281,Botryotinia draytonii,,2409,2583468,
10282,Botryotinia porri,,2409,2583440,
10283,Botryotinia squamosa,,2409,2583473,
10284,Botrytis aclada,,2410,2583114,
10285,Botrytis allii,,2410,2583113,
10286,Botrytis arachidis,,2410,7468490,
10287,Botrytis cinerea,ハイイロカビ,2410,2583139,
10288,Botrytis cryptomeriae,,2410,2583103,
10289,Botrytis elliptica,,2410,2583131,
10290,Botrytis gladioli,,2410,3485079,
10291,Botrytis liliorum,,2410,3485074,
10292,Botrytis paeoniae,,2410,2583137,
10293,Botrytis tulipae,,2410,2583134,
10294,Ciboria amentacea,,2411,2583060,
10295,Ciboria americana,,2411,2583057,
10296,Ciboria batschiana,ドングリキンカクキン,2411,2583068,
10297,Ciboria caucus,,2411,2583044,
10298,Ciboria rufofusca,マツカサチャワンタケ,2411,2583088,
10299,Ciboria shiraiana,キツネノワン,2411,3485808,
10300,Ciborinia allii,,2412,2583449,
10301,Ciborinia camelliae,ツバキキンカクチャワンタケ,2412,2582976,
10302,Ciborinia gentianae,,2412,3485245,
10303,Ciborinia gracilipes,,2412,2582988,
10304,Clarireedia homoeocarpa,,2413,10813560,
10305,Dumontinia tuberosa,アネモネキンカクキン,2414,8691955,
10306,Grovesinia moricola,,2415,8195122,
10307,Grovesinia pruni,,2415,2583290,
10308,Grovesinia pyramidalis,,2415,2583288,
10309,Haradamyces foliicola,,2416,3550264,
10310,Hinomyces pruni,,2417,2583498,
10311,Moellerodiscus advenulus,,2418,2583390,
10312,Moellerodiscus lentus,,2418,2583402,
10313,Monilia kusanoi,,2419,5495768,
10314,Monilia pruinosa,,2419,5256652,
10315,Monilinia aucupariae,,2420,8561249,
10316,Monilinia empetri,,2420,3485273,
10317,Monilinia fructicola,,2420,2583315,
10318,Monilinia fructigena,,2420,2583342,
10319,Monilinia jezoensis,,2420,3485257,
10320,Monilinia kusanoi,,2420,3485254,
10321,Monilinia laxa,,2420,2583361,
10322,Monilinia mali,,2420,3485265,
10323,Monilinia mume,,2420,3485269,
10324,Monilinia mumeicola,,2420,9726657,
10325,Monilinia oxycocci,,2420,2583327,
10326,Monilinia polystroma,,2420,8152240,
10327,Monilinia ssiori,,2420,3485268,
10328,Monilinia urnula,,2420,2583374,
10329,Mycopappus alni,,2421,2583195,
10330,Ovulinia azaleae,,2422,2583292,
10331,Phaeosclerotinia nipponica,,2423,3485247,
10332,Piceomphale pinicola,,2424,10843939,
10333,Redheadia quercus,,2425,5256618,
10334,Scleromitrula shiraiana,キツネノヤリ,2426,3486354,
10335,Sclerotinia borealis,,2427,2583166,
10336,Sclerotinia kitajimana,,2427,3485400,
10337,Sclerotinia minor,,2427,2583151,
10338,Sclerotinia miyabeana,,2427,3485394,
10339,Sclerotinia nivalis,,2427,3485355,
10340,Sclerotinia sclerotiorum,,2427,2583154,
10341,Sclerotinia trifoliorum,,2427,2583174,
10342,Sclerotinia trillii,,2427,3485402,
10343,Septotis populiperda,,2428,8084545,
10344,Stromatinia cepivora,,2429,2583260,
10345,Stromatinia cryptomeriae,,2429,3485226,
10346,Stromatinia gladioli,,2429,2583247,
10347,Valdensinia heterodoxa,,2430,2583386,
10348,Scoliciosporum chlorococcum,,2431,2606679,
10349,Scoliciosporum umbrinum,,2431,10740594,
10350,Chaetospermum camelliae,,2432,5258070,
10351,Sebacina burtii,,2433,3353364,
10352,Sebacina candida,,2433,3353369,
10353,Sebacina dendroidea,イトタケ,2433,3353417,
10354,Sebacina dimitica,,2433,2522069,
10355,Sebacina epigaea,,2433,2522082,
10356,Sebacina incrustans,ロウタケ,2433,2522091,
10357,Septobasidium bogoriense,ハイイロモンパキン,2434,2513741,
10358,Septobasidium carestianum,,2434,2513726,
10359,Septobasidium indigophorum,コンイロモンパキン,2434,8191568,
10360,Septobasidium kameii,,2434,3372820,
10361,Septobasidium nigrum,サクラコクショクモンパキン,2434,3372812,
10362,Septobasidium pedicellatum,,2434,2513728,
10363,Septobasidium pilosum,ケモンパキン,2434,3372709,
10364,Septobasidium prunophilum,サクラノモンパキン,2434,3372705,
10365,Septobasidium pseudopedicellatum,,2434,3372652,
10366,Septobasidium tanakae,クワモンパキン,2434,3372632,
10367,Serpula himantioides,ナミダタケモドキ,2435,5239518,
10368,Serpula lacrymans,ナミダタケ,2435,5239534,
10369,Seuratia millardetii,アチキアキン,2436,5265499,
10370,Shiraia bambusicola,シライキン,2437,5262481,
10371,Fibulobasidium inconspicuum,,2438,2518452,
10372,Sirobasidium japonicum,,2439,3371443,
10373,Sirobasidium magnum,,2439,2518446,
10374,Sistotremastrum guttuliferum,,2440,7504226,
10375,Sistotremastrum suecicum,,2440,2523232,
10376,Trechispora caucasica,,2441,2523192,
10377,Trechispora cohaerens,,2441,2523127,
10378,Trechispora farinacea,トゲミノコウヤクタケ,2441,2523138,
10379,Trechispora invisitata,,2441,2523152,
10380,Trechispora minima,,2441,2523108,
10381,Trechispora mollusca,シロアナコウヤクタケ,2441,9180775,
10382,Trechispora stevensonii,,2441,2523119,
10383,Didymopsorella lemanensis,,2442,2516282,
10384,Skierka agallochae,,2443,12194036,
10385,Skierka toddaliae,,2443,2517789,
10386,Lasiobelonium lonicerae,,2444,5257493,
10387,Lasiobelonium nidulus,,2444,5257487,
10388,Trichopezizella barbata,,2445,8693420,
10389,Trichopezizella japonica,,2445,12225462,
10390,Trichopezizella otanii,アラゲヒナノチャワンタケ,2445,3287921,
10391,Neurospora crassa,アカパンカビ,2446,5253986,
10392,Neurospora himalayensis,,2446,5253947,
10393,Neurospora longispora,,2446,5253957,
10394,Neurospora micropertusa,,2446,5253946,
10395,Neurospora multiforis,,2446,5253950,
10396,Neurospora pseudoreticulata,,2446,5253951,
10397,Neurospora reticulata,,2446,5253971,
10398,Neurospora retispora,,2446,5253952,
10399,Neurospora saitoi,,2446,5253945,
10400,Neurospora sitophila,,2446,5253985,
10401,Neurospora sphaerospora,,2446,5253967,
10402,Neurospora sublineolata,,2446,5253990,
10403,Neurospora tetraspora,,2446,5253965,
10404,Sordaria fimicola,カノコカビ,2447,8700209,
10405,Sordaria nodulifera,,2447,3455855,
10406,Sordaria oryzae,,2447,3455774,
10407,Sordaria tamaensis,,2447,3455776,
10408,Sparassis crispa,ハナビラタケ,2448,2550247,
10410,Sparassis latifolia,,2448,2550245,
10411,Bunodophoron diplotypum,,2449,2608441,
10412,Bunodophoron formosanum,,2449,2608433,
10413,Bunodophoron melanocarpum,,2449,2608445,
10414,Sphaerophorus fragilis,,2450,5261340,
10415,Sphaerophorus globosus,,2450,5261338,
10416,Sphaerophorus meiophorus,,2450,5471130,
10417,Sphaerophorus turfaceus,,2450,5471112,
10418,Sphaerophragmium acaciae,,2451,2517015,
10419,Sphinctrina anglica,,2452,2595742,
10420,Sphinctrina intermedia,,2452,8767137,
10421,Sphinctrina tubaeformis,,2452,3468498,
10422,Sphinctrina turbinata,,2452,10880719,
10423,Phyllozyma coprosmicola,,2453,9793598,
10424,Phyllozyma dimennae,,2453,9741606,
10425,Phyllozyma linderae,,2453,9679075,
10426,Phyllozyma subbrunnea,,2453,9813801,
10427,Gaertneriomyces spectabilis,,2454,10824517,
10428,Spizellomyces acuminatus,,2455,2627408,
10429,Rhodosporidiobolus fluvialis,,2456,9748173,
10430,Rhodosporidiobolus nylandii,,2456,9666596,
10431,Rhodosporidiobolus poonsookiae,,2456,9807058,
10432,Rhodosporidiobolus ruineniae,,2456,9812753,
10433,Rhodotorula alborubescens,,2457,9701888,
10434,Rhodotorula babjevae,,2457,9668481,
10435,Rhodotorula dairenensis,,2457,12249120,
10436,Rhodotorula glutinis,,2457,2556470,
10437,Rhodotorula graminis,,2457,2556469,
10438,Rhodotorula kratochvilovae,,2457,9675664,
10439,Rhodotorula mucilaginosa,,2457,2556492,
10440,Rhodotorula pacifica,,2457,3384164,
10441,Rhodotorula sphaerocarpa,,2457,9757690,
10442,Rhodotorula toruloides,,2457,9743731,
10443,Sporidiobolus salmonicolor,,2458,2556421,
10444,Sporobolomyces blumeae,,2459,3383965,
10445,Sporobolomyces carnicolor,,2459,7445922,
10446,Sporobolomyces coprosmae,,2459,2556453,
10447,Sporobolomyces japonicus,,2459,3384021,
10448,Sporobolomyces johnsonii,,2459,9674401,
10449,Sporobolomyces koalae,,2459,3384018,
10450,Sporobolomyces primogenomicus,,2459,11744174,
10451,Sporobolomyces roseus,,2459,2556456,
10452,Sporobolomyces ruber,,2459,8389360,
10453,Sporobolomyces ruberrimus,,2459,7239848,
10454,Sporobolomyces salmonicolor,,2459,3383956,
10455,Sporobolomyces shibatanus,,2459,3384019,
10456,Discostroma corticola,,2460,5254468,
10457,Seimatosporium azaleae,,2461,3462658,
10458,Seimatosporium botan,,2461,3462646,
10459,Seimatosporium discosioides,,2461,2575090,
10460,Pleophragmia leporum,,2462,3293709,
10461,Preussia fleischhakii,,2463,5262920,
10462,Preussia isomera,,2463,5262918,
10463,Preussia typharum,,2463,5262919,
10464,Sporormiella minima,,2464,2617932,
10465,Westerdykella minutispora,,2465,7498013,
10466,Westerdykella multispora,,2465,2617905,
10467,Dissoderma odoratum,,2466,12106935,
10468,Dissoderma phaeolepioticola,,2466,12172015,
10469,Albifimbria verrucaria,,2467,9751035,
10470,Brevistachys subsimplex,,2468,9651422,
10471,Hymenopsis cudraniae,,2469,2589333,
10472,Inaequalispora prestonii,,2470,9771667,
10473,Myrothecium carmichaelii,,2471,2562257,
10474,Myrothecium dimorphum,,2471,3450344,
10475,Myrothecium inundatum,,2471,2562253,
10476,Myrothecium penicilloides,,2471,3450341,
10477,Myxospora masonii,,2472,9648740,
10478,Paramyrothecium lathyri,,2473,12191282,
10479,Paramyrothecium roridum,,2473,9695387,
10480,Paramyrothecium viridisporum,,2473,9734105,
10481,Scopinella musciformis,,2474,3455338,
10482,Septomyrothecium uniseptatum,,2475,2562206,
10483,Sirastachys cyperacearum,,2476,10873139,
10484,Stachybotrys bisbyi,,2477,2562174,
10485,Stachybotrys chartarum,,2477,2562185,
10486,Stachybotrys echinatus,,2477,2562027,
10487,Stachybotrys longistipitatus,,2477,7366095,
10488,Stachybotrys mangiferae,,2477,3452148,
10489,Stachybotrys microsporus,,2477,2562165,
10490,Striaticonidium cinctum,,2478,9776360,
10491,Striaticonidium synnematum,,2478,9646204,
10492,Antrodiella brunneimontana,,2479,3362614,
10493,Antrodiella globospora,,2479,3362592,
10494,Antrodiella pallescens,,2479,3362611,
10495,Antrodiella romellii,,2479,2541952,
10496,Antrodiella semisupina,ニカワオシロイタケ,2479,2541957,
10497,Antrodiella serpula,,2479,3362604,
10498,Antrodiella ussurii,ビスケットタケ,2479,3362600,
10499,Aschersonia marginata,,509,6018842,
10500,Butyrea japonica,,2480,9684473,
10501,Butyrea luteoalba,,2480,9755826,
10502,Flaviporus liebmannii,,2481,2544537,
10503,Flaviporus minutisporus,,2481,2544560,
10504,Flaviporus stramineus,,2481,2544499,
10505,Junghuhnia collabens,ツガノニクイロアナタケ,2482,5245998,
10506,Junghuhnia crustacea,,2482,5245980,
10507,Junghuhnia nitida,ニクイロアナタケ,2482,9099973,
10508,Loweomyces fractipes,,2483,8350706,
10509,Metuloidea fragrans,,2484,9648066,
10510,Metuloidea murashkinskyi,,2484,9691735,
10511,Mycorrhaphium adustum,チャウラハリタケ,2485,2543770,
10512,Niemelaea cremea,,2486,8330756,
10513,Nigroporus durus,ヨソオイサルノコシカケ,2487,2548764,
10514,Nigroporus ussuriensis,,2487,2548787,
10515,Nigroporus vinosus,ブドウタケ,2487,2548772,
10516,Steccherinum aurantilaetum,,2488,12263702,
10517,Steccherinum ciliolatum,フサツキコメバタケ,2488,2545132,
10518,Steccherinum fimbriatellum,,2488,9810932,
10519,Steccherinum fimbriatum,ヒモツキコメバタケ,2488,2545120,
10520,Steccherinum gilvum,,2488,2545218,
10521,Steccherinum helvolum,オウギハリタケ,2488,3361544,
10522,Steccherinum lacerum,,2488,7791864,
10523,Steccherinum laeticolor,アカウスバタケ,2488,2545204,
10524,Steccherinum ochraceum,ニクハリタケ,2488,2545177,
10525,Steccherinum rawakense,チャハリタケモドキ,2488,2545144,
10526,Trullella ochrotinctella,,2489,10760076,
10527,Xanthoporus peckianus,,2490,2551803,
10528,Lindtneria trachyspora,,2491,2552491,
10529,Myriococcum praecox,,2492,2523736,
10530,Acanthobasidium penicillatum,,2493,7477233,
10531,Acanthophysium oakesii,サカズキコウヤクタケ,2494,2552944,
10532,Aleurocystidiellum subcruentatum,ウロコタケモドキ,2495,2550628,
10533,Aleurocystidiellum tsugae,,2495,9714403,
10534,Aleurodiscus amorphus,アカコウヤクタケ,2496,9200548,
10536,Aleurodiscus berggrenii,,2496,2552906,
10537,Aleurodiscus botryosus,,2496,2552978,
10538,Aleurodiscus disciformis,,2496,2552879,
10539,Aleurodiscus gigasporus,,2496,2552952,
10540,Aleurodiscus grantii,,2496,2552923,
10541,Aleurodiscus ljubarskii,,2496,2552918,
10542,Aleurodiscus orientalis,,2496,3357718,
10543,Aleurodiscus parvisporus,,2496,3357693,
10544,Aleurodiscus reflexus,,2496,3357719,
10545,Aleurodiscus sendaiensis,,2496,3357696,
10546,Aleurodiscus stereoides,,2496,3357689,
10547,Aleurodiscus subglobosporus,,2496,2552936,
10548,Conferticium ochraceum,,2497,2552807,
10549,Coniophorafomes matsuzawae,,2498,3357665,
10550,Gloeocystidiellum luridum,ニセキワタタケ,2499,2553269,
10551,Gloeocystidiellum porosum,ワモンシブカワタケ,2499,2553244,
10552,Gloeosoma mirabile,,2500,12150406,
10553,Haloaleurodiscus mangrovei,,2501,2550643,
10554,Megalocystidium leucoxanthum,,2502,2553255,
10555,Neoaleurodiscus fujii,,2503,7447146,
10556,Stereum cinericium,,2504,3357502,
10557,Stereum complicatum,,2504,2553087,
10558,Stereum contrastum,,2504,3357373,
10559,Stereum durum,,2504,7376920,
10560,Stereum gausapatum,チウロコタケ,2504,9181593,
10561,Stereum hirsutum,キウロコタケ,2504,2553128,
10562,Stereum insignitum,,2504,2553114,
10563,Stereum japonicum,ヤマトウロコタケ,2504,3357484,
10564,Stereum kurilense,チシマウロコタケ,2504,3357408,
10565,Stereum lobatum,,2504,2553040,
10566,Stereum membranaceum,,2504,3357434,
10567,Stereum ochraceoflavum,ミヤマチャウロコタケ,2504,2553099,
10568,Stereum ostrea,チャウロコタケ,2504,2553044,
10569,Stereum rimosum,アメウロコタケ,2504,6016670,
10570,Stereum roseum,ウスベニウロコタケ,2504,3357514,
10571,Stereum rugosum,シミダシカタウロコタケ,2504,2553117,
10572,Stereum sanguinolentum,チウロコタケモドキ,2504,2553068,
10573,Stereum spumeum,,2504,3357611,
10574,Stereum subtomentosum,,2504,2553113,
10575,Stereum vellereum,ケウロコタケ,2504,2553061,
10576,Stereum versicolor,フジウロコタケ,2504,7239940,
10577,Xylobolus frustulatus,カタウロコタケ,2505,7819032,
10578,Xylobolus hiugensis,ヒュウガオオウロコタケ,2505,2553204,
10579,Xylobolus illudens,アズマウロコタケ,2505,2553196,
10580,Xylobolus peculiare,,2505,12199342,
10581,Xylobolus princeps,オオウロコタケ,2505,2553214,
10582,Xylobolus spectabilis,モミジウロコタケ,2505,2553206,
10583,Xylobolus subpileatus,コカサウロコタケ,2505,2553185,
10584,Lepraria arbuscula,,2506,10707689,
10585,Lepraria atrotomentosa,,2506,3392705,
10586,Lepraria cupressicola,,2506,2608453,
10587,Lepraria lobificans,,2506,3392646,
10588,Lepraria membranacea,,2506,8191827,
10589,Lepraria neglecta,,2506,6017317,
10590,Lepraria pseudoarbuscula,,2506,10713776,
10591,Lepraria tenella,,2506,10858883,
10592,Lepraria vouauxii,,2506,3392669,
10593,Stereocaulon apocalypticum,,2507,5470618,
10594,Stereocaulon claviceps,,2507,7247088,
10595,Stereocaulon commixtum,,2507,5470928,
10596,Stereocaulon condensatum,,2507,5261371,
10597,Stereocaulon curtatoides,,2507,5470875,
10598,Stereocaulon curtatum,,2507,5470437,
10599,Stereocaulon dactylophyllum,,2507,5261362,
10600,Stereocaulon dendroides,,2507,5470864,
10601,Stereocaulon depreaultii,,2507,7247127,
10602,Stereocaulon etigoense,,2507,8514400,
10603,Stereocaulon exutum,,2507,7247119,
10604,Stereocaulon incrustatum,,2507,7649786,
10605,Stereocaulon intermedium,,2507,7247126,
10606,Stereocaulon japonicum,,2507,7247074,
10607,Stereocaulon montagneanum,,2507,5471045,
10608,Stereocaulon nigrum,,2507,5470821,
10609,Stereocaulon octomerellum,,2507,7247054,
10610,Stereocaulon octomerum,,2507,5930951,
10611,Stereocaulon paschale,,2507,5261384,
10612,Stereocaulon pendulum,,2507,5470793,
10613,Stereocaulon pileatum,,2507,5261374,
10614,Stereocaulon pomiferum,,2507,5470737,
10615,Stereocaulon ramulosum,,2507,7247063,
10616,Stereocaulon sasakii,,2507,5261376,
10617,Stereocaulon saviczii,,2507,7247136,
10618,Stereocaulon sorediiferum,,2507,7247060,
10619,Stereocaulon symphycheilum,,2507,5261378,
10620,Stereocaulon tomentosum,,2507,5261387,
10621,Stereocaulon verruculigerum,,2507,7247044,
10622,Stereocaulon vesuvianum,,2507,7247041,
10623,Stereocaulon vulcani,,2507,7247109,
10624,Stereocaulon wrightii,,2507,5470677,
10625,Stereopsis burtiana,,2508,2543794,
10626,Stereopsis radicans,,2508,2543810,
10627,Cryptodiscus ihlenii,,2509,12191003,
10628,Ingvariella bispora,,2510,2601657,
10629,Petractis clausa,,2511,2603168,
10630,Stictis radiata,,2512,8965751,
10631,Stictis stellata,,2512,6018156,
10632,Trinathotrema lumbricoides,,2513,10739900,
10633,Dichoporis phaea,,2514,12211750,
10634,Oletheriostrigula papulosa,,2515,3525733,
10635,Puiggariella nemathora,,2516,12237289,
10636,Racoplaca melanobapha,,2517,12184211,
10637,Racoplaca subtilissima,,2517,3525494,
10638,Strigula bella,,2518,5509926,
10639,Strigula nitidula,,2518,5509857,
10640,Strigula obducta,,2518,5509999,
10641,Strigula smaragdula,,2518,6613268,
10642,Swinscowia decipiens,,2519,12232875,
10643,Swinscowia stigmatella,,2519,12247681,
10644,Agrocybe acericola,,2520,3344363,
10645,Agrocybe arvalis,タマムクエタケ,2520,2533170,
10646,Agrocybe brunneola,,2520,2533145,
10647,Agrocybe cylindracea,ヤナギツバタケ,2520,8393417,
10648,Agrocybe cylindrica,,2520,7584583,
10649,Agrocybe farinacea,ツバナシフミヅキタケ,2520,3344323,
10650,Agrocybe firma,,2520,2533182,
10651,Agrocybe media,オオハタケキノコ,2520,3344402,
10652,Agrocybe paludosa,コフミヅキタケ,2520,2533227,
10653,Agrocybe paradoxa,,2520,3344352,
10654,Agrocybe pediades,ハタケキノコ,2520,9050242,
10655,Agrocybe praecox,フミヅキタケ,2520,8997022,
10656,Agrocybe pseudoerebia,ツバナシツチナメコ,2520,3344304,
10657,Agrocybe vervacti,,2520,9151391,
10658,Deconica coprophila,,2521,7989053,
10659,Deconica phyllogena,,2521,5955303,
10660,Hypholoma acutum,,2522,2533400,
10661,Hypholoma capnoides,クリタケモドキ,2522,2533439,
10662,Hypholoma dispersum,アシボソクリタケ,2522,2533475,
10663,Hypholoma fasciculare,ニガクリタケ,2522,3293632,
10664,Hypholoma lateritium,,2522,2533424,
10665,Hypholoma marginatum,アシボソクリタケ,2522,2533409,
10666,Kuehneromyces castaneus,クリイロイチメガサ,2523,3290991,
10667,Kuehneromyces mutabilis,センボンイチメガサ,2523,2533962,
10668,Leratiomyces squamosus,カバイロタケ,2524,3343690,
10669,Melanotus flavolivens,,2525,6329723,
10670,Pholiota adiposa,ヌメリスギタケ,2526,2534085,
10671,Pholiota aurivella,ヌメリスギタケモドキ,2526,2534102,
10672,Pholiota carbonaria,,2526,9154129,
10673,Pholiota conissans,,2526,2534143,
10674,Pholiota elegans,,2526,3344264,
10675,Pholiota flammans,ハナガサタケ,2526,2534175,
10676,Pholiota flavida,,2526,2534263,
10677,Pholiota glutinosa,,2526,2534201,
10678,Pholiota lenta,シロナメツムタケ,2526,9091857,
10679,Pholiota lignicola,ヒメアジロタケモドキ,2526,2533974,
10680,Pholiota limonella,コヌメリスギタケ,2526,2534267,
10681,Pholiota lubrica,チャナメツムタケ,2526,2534112,
10682,Pholiota malicola,カオリツムタケ,2526,2534121,
10683,Pholiota microspora,チュウナメコ,2526,9751347,
10684,Pholiota multicingulata,,2526,2534128,
10685,Pholiota nameko,ナメコ,2526,2534290,
10686,Pholiota populnea,キッコウスギタケ,2526,2534161,
10687,Pholiota spumosa,キナメツムタケ,2526,9109424,
10688,Pholiota squarrosa,スギタケ,2526,2534205,
10689,Pholiota squarrosoides,スギタケモドキ,2526,3343759,
10690,Pholiota subochracea,,2526,2534079,
10691,Pholiota terrestris,ツチスギタケ,2526,3344252,
10692,Pholiota tuberculosa,,2526,2534278,
10693,Protostropharia semiglobata,,2527,8259749,
10694,Protostropharia tuberosa,,2527,7636064,
10695,Pyrrhulomyces astragalinus,,2528,12203150,
10696,Stropharia aeruginosa,モエギタケ,2529,2533359,
10697,Stropharia albonitens,,2529,2533389,
10698,Stropharia aurantiaca,,2529,7732986,
10699,Stropharia caerulea,,2529,2533355,
10700,Stropharia hornemannii,ツヅレタケ,2529,2533365,
10701,Stropharia kauffmanii,,2529,3287818,
10702,Stropharia rugosoannulata,キサケツバタケ,2529,7898828,
10704,Boletinus asiaticus,ウツロベニハナイグチ,2530,3301120,
10705,Boletinus spectabilis,,2530,6124419,
10706,Suillus americanus,キヌメリイグチ,2531,5239915,
10707,Suillus bovinus,アミタケ,2531,7623986,
10708,Suillus brevipes,,2531,5239894,
10709,Suillus cavipes,アミハナイグチ,2531,5239851,
10710,Suillus cothurnatus,,2531,5239858,
10711,Suillus flavus,ジコウボウ,2531,5237812,
10712,Suillus granulatus,チチアワタケ,2531,8146046,
10713,Suillus grevillei,ハナイグチ,2531,5239864,
10714,Suillus luteus,ヌメリイグチ,2531,7777157,
10715,Suillus pictus,ベニハナイグチ,2531,5239896,
10716,Suillus placidus,ゴヨウイグチ,2531,5239925,
10717,Suillus punctipes,アシグロニオイイグチ,2531,7976727,
10718,Suillus salmonicolor,,2531,7909475,
10719,Suillus spraguei,,2531,7596307,
10720,Suillus subaureus,ニセキヌメリイグチ,2531,7997035,
10721,Suillus subluteus,ヌメリツバイグチ,2531,5239930,
10722,Suillus tomentosus,ワタゲヌメリイグチ,2531,5239919,
10723,Suillus variegatus,,2531,9043861,
10724,Suillus viscidus,,2531,5239873,
10725,Sulcatispora acerina,,2532,9753593,
10726,Sulcatispora berchemiae,,2532,9667730,
10727,Sillia theae,,2533,3444944,
10728,Stegophora ulmea,,2534,2567568,
10729,Symbiotaphrina buchneri,,2535,2590411,
10730,Symbiotaphrina kochii,,2535,2590410,
10731,Symmetrospora foliicola,,2536,9678296,
10732,Symmetrospora gracilis,,2536,9691746,
10733,Symmetrospora oryzicola,,2536,10791144,
10734,Symmetrospora vermiculata,,2536,9710931,
10735,Ochroconis musae,,2537,8025265,
10736,Pseudosigmoidea ibarakiensis,,2538,8416955,
10737,Scolecobasidium cateniphorum,,2539,2589598,
10738,Scolecobasidium constrictum,,2539,2589594,
10739,Scolecobasidium cordanae,,2539,11987476,
10740,Scolecobasidium humicola,,2539,2589578,
10741,Veronaeopsis simplex,,2540,2617716,
10742,Verruconis calidifluminalis,,2541,7857316,
10743,Verruconis gallopava,,2541,7783134,
10744,Circinella chinensis,,2542,5250669,
10745,Circinella umbellata,,2542,5250660,
10746,Syncephalastrum racemosum,,2543,2558362,
10747,Miyabella aecidioides,,2544,3565061,
10748,Synchytrium aureum,,2545,5265721,
10749,Synchytrium collapsum,,2545,5468993,
10750,Synchytrium cupulatum,,2545,5469129,
10751,Synchytrium fulgens,,2545,5265712,
10752,Synchytrium laetum,,2545,5469137,
10753,Synchytrium macrosporum,,2545,5468975,
10754,Synchytrium minutum,,2545,5265731,
10755,Synchytrium myosotidis,,2545,7238776,
10756,Synchytrium papillatum,,2545,7238788,
10757,Synchytrium puerariae,,2545,5265740,
10758,Synchytrium stellariae,,2545,5265733,
10759,Synnemasporella aculeans,,2546,10827107,
10760,Protomyces inouyei,,2547,3550572,
10761,Protomyces lactucae-debilis,,2547,2593019,
10762,Protomyces macrosporus,,2547,2593016,
10763,Protomyces pachydermus,,2547,2593018,
10764,Taphridium umbelliferarum,,2548,2592997,
10765,Taphrina alni,,2549,2593073,
10766,Taphrina betulae,,2549,2593079,
10767,Taphrina betulicola,,2549,3550465,
10768,Taphrina betulina,,2549,2593105,
10769,Taphrina bullata,,2549,2593120,
10770,Taphrina caerulescens,,2549,2593090,
10771,Taphrina carnea,,2549,2593024,
10772,Taphrina cerasi,,2549,2593110,
10773,Taphrina cerasi-microcarpae,,2549,3550434,
10774,Taphrina cornu-cervi,,2549,3550451,
10775,Taphrina coryli,,2549,3550438,
10776,Taphrina deformans,,2549,2593065,
10777,Taphrina epiphylla,,2549,3550454,
10778,Taphrina farlowii,,2549,2593020,
10779,Taphrina hiratsukae,,2549,8421192,
10780,Taphrina japonica,,2549,2593086,
10781,Taphrina johansonii,,2549,2593100,
10782,Taphrina kusanoi,,2549,3550448,
10783,Taphrina maculans,,2549,2593113,
10784,Taphrina mume,,2549,3550444,
10785,Taphrina nikkoensis,,2549,3550472,
10786,Taphrina orientalis,,2549,3550413,
10787,Taphrina pruni,,2549,2593060,
10788,Taphrina rhizophora,,2549,2593109,
10789,Taphrina sadebeckii,,2549,2593030,
10790,Taphrina truncicola,,2549,3550456,
10791,Taphrina vestergrenii,,2549,2593096,
10792,Taphrina wiesneri,,2549,2593045,
10793,Bondarcevomyces taxi,,2550,2540169,
10794,Pseudomerulius aureus,キシワタケ,2551,8036570,
10795,Tapinella atrotomentosa,ニワタケ,2552,7693097,
10796,Tapinella corrugata,,2552,5244291,
10797,Tapinella panuoides,イチョウタケ,2552,5244293,
10798,Tarzetta catinus,,2246,2594190,
10800,Aurantiascoma quercus,,2553,12222477,
10801,Chaetomastia clavigera,,2554,3543284,
10802,Telimena haraeana,,2555,2570031,
10803,Telimena pleioblasti,,2555,2570040,
10804,Telimena symploci,,2555,10769277,
10805,Athallia pyracea,,2556,7937066,
10806,Athallia scopularis,,2556,7719474,
10807,Athallia vitellinula,,2556,8572677,
10808,Blastenia ferruginea,,2557,7087492,
10809,Brownliella kobeana,,2558,10701431,
10810,Calogaya saxicola,,2559,9399576,
10811,Caloplaca cerina,,2560,7251342,
10812,Caloplaca coaddita,,2560,3430966,
10813,Caloplaca hakkodensis,,2560,8662618,
10814,Caloplaca subscopularis,,2560,10723495,
10815,Fauriea tabidella,,2561,10758258,
10816,Flavoplaca citrina,,2562,8480632,
10817,Flavoplaca flavocitrina,,2562,8591446,
10818,Flavoplaca granulosa,,2562,8211207,
10819,Gyalolechia flavovirescens,,2563,8200022,
10820,Leproplaca obliterans,,2564,7428759,
10821,Mikhtomia multicolor,,2565,10716706,
10822,Neobrownliella cinnabarina,,2566,12191788,
10823,Opeltia flavorubescens,,2567,12229553,
10824,Orientophila leucerythrella,,2568,10792117,
10825,Oxneria fallax,,2569,3431310,
10826,Oxneriopsis oxneri,,2570,10684372,
10827,Oxneriopsis yeosuensis,,2570,10697067,
10828,Rufoplaca arenaria,,2571,8229399,
10829,Rufoplaca scotoplaca,,2571,8568272,
10830,Seawardiella lobulata,,2572,10718182,
10831,Squamulea micromera,,2573,10752466,
10832,Squamulea subsoluta,,2573,9733542,
10833,Verrucoplaca verruculifera,,2574,10690643,
10834,Xanthoria elegans,,2575,2609967,
10835,Xanthoria ulophyllodes,,2575,3431500,
10836,Yoshimuria spodoplaca,,2576,10744105,
10837,Zeroviella mandschurica,,2577,10786817,
10838,Zeroviella papillifera,,2577,10853820,
10839,Calvitimela aglaea,,2578,2607201,
10840,Mycoblastus affinis,,2579,2608606,
10841,Mycoblastus alpinus,,2579,2608608,
10842,Mycoblastus japonicus,,2579,3393039,
10843,Mycoblastus marginatus,,2579,3392995,
10844,Mycoblastus sanguinarioides,,2579,7186998,
10845,Mycoblastus sanguinarius,,2579,2608604,
10846,Tephromela atra,,2580,7247033,
10847,Tephromela pacifica,,2580,10670713,
10848,Acidomyces acidothermus,,2581,7728383,
10849,Acrodontium crateriforme,,2582,2592019,
10850,Hortaea werneckii,,2583,2625017,
10851,Stenella liabicola,,2584,5502681,
10852,Ernakulamia cochinensis,,2585,3551278,
10853,Polyplosphaeria fusca,,2586,5894266,
10854,Pseudotetraploa curviappendiculata,,2587,5894251,
10855,Pseudotetraploa javanica,,2587,5894250,
10856,Pseudotetraploa longissima,,2587,5894252,
10857,Quadricrura bicornis,,2588,5894268,
10858,Quadricrura meridionalis,,2588,5894270,
10859,Quadricrura septentrionalis,,2588,5894269,
10860,Tetraploa aristata,,2589,2615767,
10861,Tetraploa ellisii,,2589,2615645,
10862,Tetraploa nagasakiensis,,2589,7478060,
10863,Tetraploa sasicola,,2589,7549902,
10864,Tetraploa yakushimensis,,2589,7566194,
10865,Triplosphaeria acuta,,2590,5894263,
10866,Triplosphaeria cylindrica,,2590,5894261,
10867,Triplosphaeria maxima,,2590,5894264,
10868,Triplosphaeria yezoensis,,2590,5894262,
10869,Antarctomyces psychrotrophicus,,2591,3484179,
10870,Ascophanus cinerellus,,2592,2595550,
10871,Thelebolus polysporus,,2593,2580332,
10872,Thelebolus spongiae,,2593,10753990,
10873,Phellodon confluens,フクリンハリタケ,2594,2522158,
10874,Phellodon fuligineoalbus,,2594,7562246,
10875,Phellodon melaleucus,クサハリタケ,2594,2522137,
10876,Phellodon niger,クロハリタケ,2594,2522192,
10877,Phellodon tomentosus,ジョウゴハリタケ,2594,2522171,
10878,Phellodon violascens,,2594,10797381,
10879,Polyozellus mucidulus,,2595,11964272,
10880,Polyozellus multiplex,カラスタケ,2595,2522991,
10881,Thelephora anthocephala,トサカイボタケ,2596,2522896,
10882,Thelephora atra,,2596,2522884,
10883,Thelephora aurantiotincta,ボタンイボタケ,2596,2522955,
10884,Thelephora caryophyllea,,2596,2522918,
10885,Thelephora congesta,,2596,2522877,
10886,Thelephora cylindrica,,2596,2522973,
10887,Thelephora japonica,,2596,2522874,
10888,Thelephora multipartita,キブリイボタケ,2596,2522872,
10889,Thelephora palmata,モミジタケ,2596,8211963,
10891,Thelephora penicillata,,2596,9188141,
10892,Thelephora phyllophoroides,,2596,2522951,
10893,Thelephora terrestris,イボタケ,2596,2522935,
10895,Thelephora vialis,ツブイボタケ,2596,2522983,
10896,Thelephora wakefieldiae,,2596,10801394,
10897,Tomentella badia,,2597,5238959,
10898,Tomentella bryophila,,2597,5239031,
10899,Tomentella cinerascens,,2597,5239087,
10900,Tomentella coerulea,,2597,5239107,
10901,Tomentella crinalis,イボラシャタケ,2597,5238966,
10902,Tomentella ferruginea,ラシャタケ,2597,5238997,
10903,Tomentella griseoviolacea,,2597,5238996,
10904,Tomentella lapida,,2597,5238940,
10905,Tomentella lilacinogrisea,,2597,5238976,
10906,Tomentella papuae,,2597,7408632,
10907,Tomentella radiosa,,2597,5239059,
10908,Tomentella stuposa,,2597,5239020,
10909,Thelocarpon citrum,,2598,3439330,
10910,Massariosphaeria clavispora,,2599,3542436,
10911,Massariosphaeria maxima,,2599,3542431,
10912,Massariosphaeria megaspora,,2599,3542429,
10913,Massariosphaeria moricola,,2599,3542425,
10914,Massariosphaeria multiseptata,,2599,2614205,
10915,Massariosphaeria scirpina,,2599,2614198,
10916,Thyridaria acaciae,,2600,9811933,
10917,Thyridium endophyticum,,2601,11919119,
10918,Thyridium pluriloculosum,,2601,11905340,
10919,Thyridium punctulatum,,2601,11525215,
10920,Thyronectria aquifolii,,2602,8194818,
10921,Thyronectria berolinensis,,2602,3443611,
10922,Thyronectria cucurbitula,,2602,7597285,
10923,Thyronectria okinawensis,,2602,7709288,
10924,Thyronectria pinicola,,2602,7569505,
10925,Thyronectria rosellinii,,2602,8077840,
10926,Thyronectria sinopica,,2602,7624976,
10927,Tilachlidium brachiatum,,2603,2562135,
10928,Conidiosporomyces ayresii,,2604,2513358,
10929,Neovossia danubialis,,2605,3372017,
10930,Neovossia moliniae,,2605,2513344,
10931,Tilletia arundinellae,,2606,3372124,
10932,Tilletia barclayana,,2606,2513423,
10933,Tilletia caries,,2606,2513463,
10934,Tilletia controversa,,2606,2513473,
10935,Tilletia corona,,2606,2513437,
10936,Tilletia festiva,,2606,3372101,
10937,Tilletia iowensis,,2606,3372191,
10938,Tilletia laevis,,2606,2513478,
10939,Tilletia menieri,,2606,2513386,
10940,Tilletia pancicii,,2606,8389379,
10941,Tilletia pennisetina,,2606,3372042,
10942,Tilletia setariae,,2606,2513397,
10943,Tilletia vittata,,2606,3372071,
10944,Phragmotaenium fulvescens,,2607,9732355,
10945,Phaeoacremonium griseorubrum,,2608,3443662,
10946,Phaeoacremonium krajdenii,,2608,2568700,
10947,Phaeoacremonium rubrigenum,,2608,2568696,
10948,Torpedospora mangrovei,,2609,9695872,
10949,Torpedospora radiata,,2609,3458417,
10950,Dendryphiella arenaria,,2610,4281488,
10951,Dendryphion vinosum,,2611,2616378,
10952,Torula herbarum,,2612,5258129,
10953,Tranzschelia anemones,,2613,2516438,
10954,Tranzschelia asiatica,,2613,2516415,
10955,Tranzschelia discolor,,2613,2516419,
10956,Tranzschelia pruni-spinosae,,2613,2516430,
10957,Tranzschelia pulsatillae,,2613,3373327,
10958,Kleopowiella placodioides,,2614,12243629,
10959,Placopsis cribellans,,2615,7251966,
10960,Placopsis gelida,,2615,5260408,
10961,Placopsis lambii,,2615,5260407,
10962,Placynthiella icmalea,,2616,5260397,
10963,Placynthiella uliginosa,,2616,5260392,
10964,Rimularia badioatra,,2617,5260425,
10965,Rimularia gibbosa,,2617,5260414,
10966,Trapelia coarctata,,2618,2599725,
10967,Trapeliopsis flexuosa,,2619,2599767,
10968,Trapeliopsis granulosa,,2619,2599776,
10969,Trapeliopsis viridescens,,2619,2599773,
10970,Trematosphaeria crassiseptata,,2620,3536060,
10971,Trematosphaeria pertusa,,2620,7253479,
10972,Phaeotremella eugeniae,,2621,10685330,
10973,Phaeotremella fagi,,2621,9726291,
10974,Phaeotremella fimbriata,,2621,10731415,
10975,Phaeotremella foliacea,,2621,9645698,
10976,Phaeotremella frondosa,,2621,10804605,
10977,Phaeotremella mycetophiloides,,2621,9745865,
10978,Phaeotremella roseotincta,,2621,10886355,
10979,Tremella boninensis,オガサワラキンハナビラタケ,2622,5468025,
10980,Tremella candida,シロキクラゲモドキ,2622,7521663,
10981,Tremella cladoniae,,2622,5237381,
10982,Tremella coalescens,ヒメキクラゲモドキ,2622,5468185,
10983,Tremella coppinsii,,2622,5237435,
10984,Tremella ertzii,,2622,12248439,
10985,Tremella fuciformis,ギンジ,2622,5237434,
10986,Tremella globispora,,2622,5237378,
10987,Tremella iduensis,キイロニカワタケ,2622,5468193,
10988,Tremella incrustans,ツチコンニャク,2622,5468295,
10989,Tremella japonica,,2622,5468240,
10990,Tremella lobariacearum,,2622,5237403,
10991,Tremella mesenterica,コガネニカワタケ,2622,11945016,
10993,Tremella phaeophysciae,,2622,5237428,
10994,Tremella pulvinalis,,2622,5468134,
10995,Tremella rhabdodisci,,2622,12197873,
10996,Tremella samoensis,キンハナビラタケ,2622,7239055,
10997,Tremella versicolor,,2622,5237420,
10998,Tremella yokohamensis,,2622,9659073,
10999,Tremellodendropsis tuberosa,カワシロホウキタケ,2623,2553991,
11000,Ascospirella lutea,,2624,11562238,
11001,Aspergillus halophilicus,,137,5259980,
11002,Aspergillus nomius,,137,5259928,
11003,Aspergillus tabacinus,,137,11869971,
11004,Trichocoma paradoxa,マユハキタケ,2625,5259774,
11005,Aspropaxillus candidus,,2626,10976341,
11006,Aspropaxillus giganteus,,2626,2532720,
11007,Aspropaxillus septentrionalis,,2626,7487600,
11008,Clitocybe catinus,コシロイヌシメジ,2627,2531048,
11009,Clitocybe extenuata,シロイチョウタケ,2627,3326756,
11010,Clitocybe fragrans,コカブイヌシメジ,2627,2531088,
11011,Clitocybe hydrogramma,シロサカズキタケ,2627,2531198,
11012,Clitocybe infundibuliformis,,2627,2531085,
11013,Clitocybe nebularis,ハイイロシメジ,2627,2531072,
11014,Clitocybe odora,アオイヌシメジ,2627,2531124,
11015,Clitocybe parasitica,,2627,3326931,
11016,Clitocybe rivulosa,,2627,2531052,
11017,Clitocybe robusta,シロノハイイロシメジ,2627,2531191,
11018,Clitocybe truncicola,,2627,2531253,
11019,Clitocybe vittatipes,ハチマキイヌシメジ,2627,3326075,
11020,Collybia alboflavida,,2628,7242321,
11021,Collybia cirrhata,,2628,2532440,
11022,Collybia cookei,タマツキカレハタケ,2628,2532436,
11023,Collybia effusa,ヒロハアマタケ,2628,3325306,
11024,Collybia neofusipes,アカチャツエタケ,2628,3325704,
11025,Collybia ozeensis,,2628,3325156,
11026,Collybia tuberosa,ヤグラタケモドキ,2628,2532472,
11027,Cystoderma amianthinum,シワカラカサタケ,2629,5243525,
11028,Cystoderma japonicum,,2629,5242946,
11029,Cystoderma jasonis,,2629,5243527,
11030,Cystoderma neoamianthinum,シワカラカサモドキ,2629,5459005,
11031,Cystoderma tricholomoides,ブンゴシワカラカサタケ,2629,5458973,
11032,Delicatula integrella,,2630,2531735,
11033,Dermoloma josserandii,,2631,3325889,
11034,Dermoloma pseudocuneifolium,,2631,7852661,
11035,Infundibulicybe geotropa,オオイヌシメジ,2632,9186073,
11036,Infundibulicybe gibba,カヤタケ,2632,2531146,
11037,Lepista cyanophaea,,2633,5451112,
11038,Lepista graveolens,ウスムラサキシメジ,2633,5451074,
11039,Lepista irina,ハタシメジ,2633,5242058,
11040,Lepista nuda,ムラサキシメジ,2633,5242048,
11041,Lepista personata,オオムラサキシメジ,2633,5242070,
11042,Lepista sordida,コムラサキシメジ,2633,5242097,
11043,Lepista sublilacina,,2633,5451076,
11044,Lepista subnuda,,2633,5451056,
11045,Lepista tarda,,2633,5451017,
11046,Leucocalocybe mongolica,,2634,7666105,
11047,Leucocortinarius bulbiger,ヒダホテイタケ,2635,5241698,
11048,Leucocybe candicans,,2636,7530876,
11049,Leucocybe connata,,2636,8189348,
11050,Leucoinocybe auricoma,,2637,12216833,
11051,Megacollybia clitocyboidea,ヒロヒダタケ,2638,3321487,
11052,Megacollybia marginata,,2638,3321483,
11053,Megacollybia platyphylla,,2638,2537689,
11054,Melanoleuca brevipes,,2639,5242168,
11055,Melanoleuca exscissa,,2639,3328041,
11056,Melanoleuca fumosolutea,,2639,5451624,
11057,Melanoleuca graminicola,,2639,5242145,
11058,Melanoleuca grammopodia,オオザラミノシメジ,2639,8849982,
11059,Melanoleuca griseobrunnea,,2639,10694348,
11060,Melanoleuca melaleuca,コザラミノシメジ,2639,5242142,
11061,Melanoleuca polioleuca,,2639,5242194,
11062,Melanoleuca rasilis,,2639,5242190,
11063,Melanoleuca strictipes,,2639,8066493,
11064,Melanoleuca subalpina,,2639,8642091,
11065,Melanoleuca verrucipes,ツブエノシメジ,2639,5242136,
11066,Paralepista flaccida,,2640,7978027,
11067,Paralepista maculosa,,2640,8042192,
11068,Paralepistopsis acromelalga,,2641,7884892,
11069,Phaeolepiota aurea,キナコタケ,2642,2535253,
11070,Pleurella microspora,,2643,12176678,
11071,Porpoloma boninense,チチシマシメジ,2644,3327232,
11072,Rimbachia bryophila,,2645,9203890,
11073,Ripartites tricholoma,シロクモノスタケ,2646,2531579,
11074,Singerocybe alboinfundibuliformis,,2647,8122453,
11075,Singerocybe humilis,,2647,7495235,
11076,Squamanita odorata,ニオイオオタマシメジ,2648,8218359,
11077,Squamanita sororcula,,2648,11799404,
11078,Squamanita umbonata,カブラマツタケ,2648,2531616,
11079,Squamanita volvatiparva,,2648,12203889,
11080,Tricholoma acerbum,オオニガシメジ,2649,8038039,
11082,Tricholoma aestuans,カラキシメジ,2649,9046951,
11083,Tricholoma albobrunneum,,2649,5241725,
11084,Tricholoma album,,2649,5241749,
11085,Tricholoma alpinum,,2649,12247670,
11086,Tricholoma atrosquamosum,,2649,7242238,
11087,Tricholoma aurantiipes,フタイロシメジ,2649,5450952,
11088,Tricholoma bakamatsutake,バカマツタケ,2649,5450746,
11089,Tricholoma caligatum,,2649,5241764,
11090,Tricholoma cingulatum,ツバササクレシメジ,2649,5241744,
11091,Tricholoma equestre,,2649,3324883,
11092,Tricholoma fulvocastaneum,ニセマツタケ,2649,5450471,
11093,Tricholoma fulvum,キヒダマツシメジ,2649,5241793,
11094,Tricholoma humosum,,2649,5450555,
11095,Tricholoma imbricatum,アカゲシメジ,2649,5241858,
11096,Tricholoma kakishimejioides,,2649,12174358,
11097,Tricholoma maculatipus,,2649,5450531,
11098,Tricholoma matsutake,松茸,2649,5241820,
11099,Tricholoma muscarium,ハエトリシメジ,2649,5450587,
11100,Tricholoma orirubens,ケショウシメジ,2649,5241733,
11101,Tricholoma pardinum,ヒョウモンクロシメジ,2649,7242174,
11102,Tricholoma pessundatum,オオカキシメジ,2649,5241789,
11103,Tricholoma portentosum,シモフリシメジ,2649,5241860,
11104,Tricholoma psammopus,カラマツシメジ,2649,5241853,
11105,Tricholoma radicans,シロマツタケモドキ,2649,5450621,
11106,Tricholoma robustum,マツタケモドキ,2649,5241828,
11107,Tricholoma rufulum,,2649,5450427,
11108,Tricholoma saponaceum,ミドリシメジ,2649,3324249,
11109,Tricholoma sciodes,,2649,5241735,
11110,Tricholoma sejunctum,アイシメジ,2649,5241729,
11111,Tricholoma squarrulosum,クロゲシメジ,2649,9794037,
11112,Tricholoma stans,,2649,5241849,
11113,Tricholoma sulphureum,ニオイキシメジ,2649,8897119,
11114,Tricholoma terreum,クマシメジ,2649,5241808,
11115,Tricholoma ustale,カキシメジ,2649,5241845,
11116,Tricholoma ustaloides,ニガシメジ,2649,5241832,
11117,Tricholoma vaccinum,クダアカゲシメジ,2649,5241784,
11118,Tricholoma virgatum,ネズミシメジ,2649,5241830,
11119,Tricholomopsis bambusina,ヤブアカゲシメジ,2650,7242159,
11120,Tricholomopsis decora,キサマツモドキ,2650,9056826,
11121,Tricholomopsis flammula,,2650,7919085,
11122,Tricholomopsis rutilans,サマツモドキ,2650,2531814,
11123,Tricholomopsis sanguinea,ヒメチシオシメジ,2650,3327069,
11124,Tricholomopsis sasae,ササアカゲタケ,2650,3327063,
11125,Tricholosporum porphyrophyllum,イヌムラサキシメジ,2651,2531310,
11126,Alatosessilispora bibrachiata,,2652,2587898,
11127,Knufia epidermidis,,2653,7454100,
11128,Spencermartinsiella cellulosicola,,2654,9818618,
11129,Sugiyamaella japonica,,2655,5494286,
11130,Sugiyamaella paludigena,,2655,7358126,
11131,Wickerhamiella pararugosa,,2656,10806031,
11132,Wickerhamiella sorbophila,,2656,10784022,
11133,Wickerhamiella versatilis,,2656,10898594,
11134,Zygoascus biomembranicola,,2657,10876728,
11135,Zygoascus bituminiphilus,,2657,9933649,
11136,Zygoascus hellenicus,,2657,2599061,
11137,Zygoascus meyerae,,2657,3480491,
11138,Zygoascus ofunaensis,,2657,9705612,
11139,Zygoascus polysorbophilus,,2657,10084054,
11140,Brachysporium oryzae,,2658,3443479,
11141,Koorchaloma bambusae,,2659,3464778,
11142,Koorchaloma okamurae,,2659,3464774,
11143,Nigrospora oryzae,,2660,2569650,
11144,Nigrospora sacchari,,2660,2569653,
11145,Trichosphaeria corynephora,,2661,3443408,
11146,Trichosphaeria sacchari,,2661,3443439,
11147,Apiotrichum brassicae,,2662,9797685,
11148,Apiotrichum domesticum,,2662,9697587,
11149,Apiotrichum loubieri,,2662,9721372,
11150,Apiotrichum mycotoxinovorans,,2662,9757397,
11151,Apiotrichum porosum,,2662,3295536,
11152,Cutaneotrichosporon arboriforme,,2663,9746682,
11153,Cutaneotrichosporon curvatum,,2663,9788471,
11154,Cutaneotrichosporon debeurmannianum,,2663,9662709,
11155,Cutaneotrichosporon dermatis,,2663,9653656,
11156,Cutaneotrichosporon moniliiforme,,2663,9646501,
11157,Cutaneotrichosporon spelunceum,,2663,12255579,
11158,Cutaneotrichosporon terricola,,2663,9734581,
11159,Pascua guehoae,,2664,12030700,
11160,Prillingera fragicola,,2665,12004691,
11162,Trichosporon chiropterorum,,735,9117616,
11163,Trichosporon otae,,735,8875916,
11164,Trichothyrium dubiosum,,2666,3524989,
11165,Cudoniella clavus,ミズベノニセズキンタケ,2667,3487016,
11166,Helotium longisporum,,2668,6335821,
11167,Spirosphaera beverwijkiana,,2669,2584863,
11168,Spirosphaera floriformis,,2669,2584860,
11169,Spirosphaera keratinophila,,2669,2584857,
11170,Spirosphaera verruculosa,,2669,2584856,
11171,Tricladium angulatum,,2670,2582135,
11172,Tricladium angustum,,2670,3487635,
11173,Tricladium varicosporioides,,2670,11816889,
11174,Trigonopsis cantarellii,,2671,5494399,
11175,Trigonopsis vinaria,,2671,5494398,
11176,Saitozyma flava,,2672,9711875,
11177,Saitozyma podzolica,,2672,9739824,
11178,Sugitazyma miyagiana,,2673,9731343,
11179,Trimorphomyces papilionaceus,,2674,2518421,
11180,Tritirachium dependens,,2675,2591103,
11181,Tritirachium oryzae,,2675,2591099,
11182,Arthopyrenia grisea,,2676,2619795,
11183,Arthopyrenia salicis,,2676,7090021,
11184,Bogoriella collospora,,2677,10834697,
11185,Bogoriella thelena,,2677,10696584,
11186,Macroconstrictolumina majuscula,,2678,12179297,
11187,Trypethelium elutariae,,2679,8449411,
11188,Trypethelium eluteriae,,2679,3528216,
11189,Trypethelium ochroleucum,,2679,3528344,
11190,Viridothelium cinereoglaucescens,,2680,10815976,
11191,Viridothelium virens,,2680,10725015,
11192,Apiognomonioides supraseptata,,2681,10918231,
11193,Involutiscutellula rubra,,2682,11048596,
11194,Oblongisporothyrium castanopsidis,,2683,11074203,
11195,Paratubakia subglobosa,,2684,10925981,
11196,Tubakia japonica,,2685,2567330,
11197,Cyclocybe cylindracea,,2686,8138987,
11198,Cyclocybe erebia,,2686,8191641,
11199,Cyclocybe erebioides,,2686,7605480,
11200,Flammulaster erinaceellus,,2687,2528449,
11201,Hemistropharia albocrenulata,,2688,2529541,
11202,Phaeomarasmius erinaceus,,2689,2528494,
11203,Phaeomarasmius laccarioides,フウノミタケ,2689,3330604,
11204,Tubaria confragosa,ヒメツツエ,2690,5240918,
11205,Tubaria conspersa,チャムクエタケ,2690,9190305,
11206,Tubaria furfuracea,チャムクエタケモドキ,2690,8796319,
11207,Tuber aestivum,アミメクロセイヨウショウロ,2691,5258469,
11208,Tuber borchii,,2691,5258463,
11209,Tuber foetidum,,2691,5258450,
11210,Tuber formosanum,,2691,5893809,
11211,Tuber himalayense,,2691,5499367,
11212,Tuber indicum,イボセイヨウショウロ,2691,5499365,
11213,Tuber iryudaense,,2691,12201157,
11214,Tuber japonicum,ホンセイヨウヨウショウロ,2691,9669194,
11215,Tuber liyuanum,,2691,8376681,
11216,Tuber longispinosum,,2691,11604227,
11217,Tuber macrosporum,,2691,5258460,
11218,Tuber maculatum,ウスチャセイヨウショウロ,2691,5258462,
11219,Tuber magnatum,シロセイヨウショウロ,2691,5258456,
11221,Tuber melanosporum,,2691,5258468,
11222,Tuber nitidum,,2691,5258466,
11223,Tuber pseudoexcavatum,,2691,5499413,
11224,Tuber tomentosum,,2691,12213673,
11225,Acanthohelicospora aurea,,2692,9711639,
11226,Acanthostigmina multiseptatum,,2693,9819035,
11227,Chaetosphaerulina vermicularispora,,2694,2613724,
11228,Chaetosphaerulina yasudae,,2694,3541564,
11229,Dematiohelicoma perelegans,,2695,10670600,
11230,Helicoma monosporum,,2696,2588539,
11231,Helicoma nematosporum,,2696,10873224,
11232,Helicoma olivaceum,,2696,2613719,
11233,Helicoma pannosum,,2696,10674013,
11234,Helicomyces roseus,,2697,2613895,
11235,Helicosporium gracile,,2698,2613624,
11236,Helicosporium panachaeum,,2698,3541634,
11237,Helicotruncatum palmigenum,,2699,10750215,
11238,Neohelicomyces deschampsiae,,2700,10749319,
11239,Neohelicomyces pallidus,,2700,10807588,
11240,Neohelicosporium griseum,,2701,10780984,
11241,Parahelicomyces aquaticus,,2702,12219560,
11242,Parahelicomyces paludosus,,2702,12184639,
11243,Pendulispora venezuelanica,,2703,2613653,
11244,Puttemansia miakei,,2704,3541880,
11245,Tubeufia cerea,,2705,2613791,
11246,Tubeufia lilliputea,,2705,10784788,
11247,Uredinophila erinacea,,2706,2613803,
11248,Tulasnella asymmetrica,,2707,3368739,
11249,Tulasnella calospora,,2707,2555446,
11250,Tulasnella cumulopuntioides,,2707,10786109,
11251,Tulasnella deliquescens,,2707,2555427,
11252,Tulasnella dendritica,,2707,10886726,
11253,Tulasnella ellipsoidea,,2707,10896849,
11254,Tulasnella violea,,2707,2555492,
11255,Claussenomyces prasinulus,,2708,2582845,
11256,Dendrostilbella smaragdina,,2709,2581707,
11257,Tympanis abietina,,2710,2581877,
11258,Tympanis hypopodia,,2710,2581863,
11259,Tympanis laricina,,2710,2581885,
11260,Tympanis neopithya,,2710,3487425,
11261,Tympanis prunastri,,2710,3487358,
11262,Vexillomyces atrovirens,,2711,11939774,
11263,Macrotyphula phacorrhiza,,2712,12183606,
11264,Pistillaria petasitis,フキガマノホタケモドキ,2713,3319938,
11265,Pistillaria quercicola,シロヒメスリコギタケ,2713,5448970,
11266,Sclerotium delphinii,,2714,2539144,
11267,Sclerotium sphaerioides,,2714,10307755,
11268,Typhula corallina,,2715,2539140,
11269,Typhula fistulosa,,2715,8047444,
11270,Typhula graminum,,2715,2539111,
11271,Typhula incarnata,フユガレガマノホタケ,2715,2539088,
11272,Typhula ishikariensis,イシカリガマノホタケ,2715,2539028,
11273,Typhula japonica,シロガマノホタケ,2715,3320083,
11274,Typhula juncea,,2715,8534874,
11275,Typhula maritima,,2715,8131808,
11276,Typhula pusilla,,2715,2539029,
11277,Typhula variabilis,,2715,2538993,
11278,Typhula vermiculata,キイチゴガマノホタケ,2715,2539035,
11279,Tzeanania taiwanensis,,2716,10198352,
11280,Umbelopsis angularis,,2717,2559027,
11281,Umbelopsis changbaiensis,,2717,7700437,
11282,Umbelopsis dimorpha,,2717,2559026,
11283,Umbelopsis gibberispora,,2717,2559018,
11284,Umbelopsis isabellina,,2717,2558988,
11285,Umbelopsis nana,,2717,2559000,
11286,Umbelopsis ramanniana,,2717,2559019,
11287,Umbelopsis versiformis,,2717,2559007,
11288,Umbelopsis vinacea,,2717,2559010,
11289,Lasallia asiae-orientalis,,2718,7249034,
11290,Lasallia caroliniana,,2718,5897161,
11291,Lasallia pensylvanica,,2718,2600706,
11292,Lasallia pustulata,,2718,2600704,
11293,Umbilicaria arctica,,2719,5260528,
11294,Umbilicaria asiae-orientalis,,2719,5479413,
11295,Umbilicaria cinereorufescens,,2719,5260494,
11296,Umbilicaria cylindrica,,2719,7577533,
11297,Umbilicaria deusta,,2719,5260486,
11298,Umbilicaria esculenta,,2719,5260525,
11299,Umbilicaria hyperborea,,2719,5260496,
11300,Umbilicaria kisovana,,2719,8646805,
11301,Umbilicaria krascheninnikovii,,2719,5260532,
11302,Umbilicaria leiocarpa,,2719,5260477,
11303,Umbilicaria muehlenbergii,,2719,5260491,
11304,Umbilicaria muhlenbergii,,2719,7249018,
11305,Umbilicaria neoproboscidea,,2719,8584933,
11306,Umbilicaria polyphylla,,2719,5260484,
11307,Umbilicaria proboscidea,,2719,5260533,
11308,Umbilicaria sinorientalis,,2719,10760574,
11309,Umbilicaria torrefacta,,2719,5260542,
11310,Umbilicaria vellea,,2719,12182657,
11311,Xylopsora friesii,,2720,8085966,
11312,Unilacryma unispora,,2721,8065891,
11313,Mundkurella japonica,,2722,3370401,
11314,Mundkurella kalopanacis,,2722,2556649,
11315,Urocystis agropyri,,2723,5250111,
11316,Urocystis anemones,,2723,5250186,
11317,Urocystis clintoniae,,2723,5250139,
11318,Urocystis dioscoreae,,2723,5467481,
11319,Urocystis fischeri,,2723,5250097,
11320,Urocystis japonica,,2723,5467498,
11321,Urocystis magica,,2723,5250213,
11322,Urocystis miyabeana,,2723,5467398,
11323,Urocystis paridis,,2723,5250220,
11324,Urocystis pseudoanemones,,2723,5250233,
11325,Urocystis ranunculi,,2723,5250155,
11326,Urocystis rodgersiae,,2723,5467426,
11327,Urocystis sorosporioides,,2723,7475798,
11329,Urocystis tranzscheliana,,2723,5467416,
11330,Urocystis trientalis,,2723,5250114,
11331,Urocystis trillii,,2723,5467409,
11332,Urocystis tritici,,2723,5250198,
11333,Urocystis trollii,,2723,5250090,
11334,Urocystis violae,,2723,8229215,
11335,Ustacystis waldsteiniae,,2724,2556674,
11336,Vankya ornithogali,,2725,2556669,
11337,Leucotelium pruni-persicae,,2726,2516456,
11338,Macruropyxis fraxini,,2727,2516375,
11339,Prospodium erebia,,2728,3373281,
11340,Anthracocystis abramoviana,,2729,7544132,
11341,Anthracocystis formosana,,2729,7405609,
11342,Anthracocystis pampara,,2729,9700133,
11343,Anthracocystis paspali-thunbergii,,2729,8129883,
11344,Anthracocystis penniseti,,2729,7661599,
11345,Bambusiomyces shiraianus,,2730,7662209,
11346,Dirkmeia churashimaensis,,2731,9744152,
11347,Franzpetrakia okudairae,,2732,2557420,
11348,Macalpinomyces neglectus,,2733,2557590,
11349,Macalpinomyces spermophorus,,2733,2557604,
11350,Macalpinomyces tanakae,,2733,2557587,
11351,Melanopsichium austroamericanum,,2734,3369444,
11352,Melanopsichium pennsylvanicum,,2734,2557568,
11353,Moesziomyces antarcticus,,2735,9766303,
11354,Moesziomyces aphidis,,2735,9768436,
11355,Moesziomyces bullatus,,2735,2557371,
11356,Mycosarcoma maydis,,2736,8699607,
11357,Pseudozyma hubeiensis,,2737,2557363,
11358,Sporisorium destruens,,2738,2557730,
11359,Sporisorium ischaemi-anthephoroidis,,2738,8028591,
11360,Sporisorium kusanoi,,2738,3369177,
11361,Sporisorium manilense,,2738,3369186,
11362,Sporisorium paspali,,2738,3369130,
11363,Sporisorium penniseti-japonici,,2738,3369375,
11364,Sporisorium polytocae,,2738,3369268,
11365,Sporisorium reilianum,,2738,2556044,
11366,Sporisorium scitamineum,,2738,2557716,
11367,Sporisorium sorghi,,2738,2557682,
11368,Sporobolomyces pararoseus,,2459,3383983,
11369,Tranzscheliella hypodytes,,2739,2557405,
11370,Ustilago affinis,,2740,2557460,
11371,Ustilago avenae,,2740,2557445,
11372,Ustilago coicis,,2740,3369670,
11373,Ustilago cordai,,2740,3370127,
11374,Ustilago crameri,,2740,8039105,
11375,Ustilago crus-galli,,2740,2557494,
11376,Ustilago cynodontis,,2740,8664341,
11377,Ustilago echinata,,2740,2557444,
11378,Ustilago esculenta,,2740,2557574,
11379,Ustilago foliorum,,2740,9506684,
11380,Ustilago grandis,,2740,2557554,
11381,Ustilago hordei,,2740,9452082,
11383,Ustilago nuda,,2740,7449883,
11385,Ustilago panici-glauci,,2740,3369680,
11386,Ustilago phragmitis,,2740,3370071,
11387,Ustilago segetum,,2740,2557503,
11388,Ustilago sphaerogena,,2740,2557465,
11389,Ustilago striiformis,,2740,2557559,
11390,Ustilago syntherismae,,2740,2557543,
11391,Ustilago tonglinensis,,2740,3369473,
11392,Ustilago trichophora,,2740,2557540,
11393,Ustilago tritici,,2740,2557496,
11394,Ustilago utriculosa,,2740,2556358,
11395,Vahliella leucophaea,,2741,2601231,
11396,Amphiporthe raveneliana,,2742,2566753,
11397,Cytospora ceratosperma,,2743,7686299,
11398,Cytospora chrysosperma,,2743,2566263,
11399,Cytospora fugax,,2743,7256842,
11400,Cytospora japonica,,2743,10850585,
11401,Cytospora leucosperma,,2743,2566127,
11402,Cytospora leucostoma,,2743,2566332,
11403,Cytospora mali,,2743,2566235,
11404,Cytospora nivea,,2743,2566170,
11405,Cytospora pinastri,,2743,2566243,
11406,Cytospora populina,,2743,2566223,
11407,Hypospilina oharana,,2744,3444972,
11408,Valsa ceratophora,,2745,2566162,
11409,Valsa cryptomeriae,,2745,5481892,
11410,Valsa germanica,,2745,5252636,
11411,Valsa kitajimana,,2745,5481777,
11412,Valsa minutula,,2745,5482129,
11413,Valsa paulowniae,,2745,5252683,
11414,Valsa salicina,,2745,9126173,
11415,Valsa theae,,2745,5481772,
11416,Myrmaecium rubricosum,,2746,2567187,
11417,Valsaria haraeana,,2747,3446971,
11418,Valsaria insitiva,,2747,9190115,
11419,Didymobotryum kusanoi,,2748,3442588,
11420,Didymobotryum rigidum,,2748,3442589,
11421,Didymobotryum verrucosum,,2748,3442598,
11422,Varicellaria lactea,,2749,8610350,
11423,Varicellaria rhodocarpa,,2749,7732172,
11424,Varicellaria velata,,2749,7186800,
11425,Acantharia elegans,,2750,5262779,
11426,Anungitea nullicana,,2751,10802727,
11427,Coleroa chaetomium,,2752,2617666,
11428,Fusicladium diospyri,,2753,3538357,
11429,Fusicladium kaki,,2753,3550357,
11430,Fusicladium peucedani,,2753,2617794,
11431,Fusicladium pirinum,,2753,3538181,
11432,Gibbera myrtilli,,2754,2617624,
11433,Rhizosphaera kalkhoffii,,2755,5262904,
11434,Rhizosphaera kobayashii,,2755,5514394,
11435,Rosenscheldiella litseae,,2756,3538044,
11436,Venturia carpophila,,2757,5262839,
11437,Venturia inaequalis,,2757,5262796,
11438,Venturia kunzei,,2757,5262896,
11439,Venturia nashicola,,2757,5262815,
11440,Venturia pyrina,,2757,5262809,
11441,Venturia saliciperda,,2757,5262818,
11442,Agonimia opuntiella,,2758,2596863,
11443,Agonimia pacifica,,2758,3473621,
11444,Agonimia tristicula,,2758,2596866,
11445,Catapyrenium squamulosum,,2759,2596450,
11446,Clavascidium kisovense,,2760,3473358,
11447,Dermatocarpon miniatum,,2761,5259681,
11448,Dermatocarpon moulinsii,,2761,5259673,
11449,Dermatocarpon tuzibei,,2761,5493065,
11450,Dermatocarpon vellereum,,2761,7252584,
11451,Endocarpon japonicum,,2762,3469445,
11452,Endocarpon leptolepideum,,2762,3469518,
11453,Endocarpon neopallidulum,,2762,3469448,
11454,Endocarpon pallidulum,,2762,2596708,
11455,Endocarpon pallidum,,2762,2596692,
11456,Endocarpon petrolepideum,,2762,2596703,
11457,Endocarpon pusillum,,2762,2596710,
11458,Endocarpon ramulosum,,2762,3469429,
11459,Endocarpon superpositum,,2762,3469618,
11460,Flakea papillata,,2763,2596938,
11461,Hydropunctaria maura,,2764,5894842,
11462,Hydropunctaria rheitrophila,,2764,5894843,
11463,Lauderlindsaya simodensis,,2765,3469731,
11464,Melanotheca rubromaculata,,2766,8560850,
11465,Neocatapyrenium cladonioideum,,2767,3473243,
11466,Normandina pulchella,,2768,2591021,
11467,Parmentaria microspora,,2769,3306563,
11468,Placocarpus kashiwadanii,,2770,9091876,
11469,Psoroglaena cubensis,,2771,3473236,
11470,Verrucaria caerulea,,2772,7252593,
11471,Verrucaria ditmarsica,,2772,5259572,
11472,Verrucaria fuscella,,2772,5259692,
11473,Verrucaria glaucinodes,,2772,5492261,
11474,Verrucaria halizoa,,2772,5259563,
11475,Verrucaria hydrela,,2772,5259624,
11476,Verrucaria latebrosa,,2772,8404584,
11477,Verrucaria margacea,,2772,5259558,
11478,Verrucaria nigrescens,,2772,10955518,
11479,Verrucaria nipponica,,2772,5492873,
11480,Verrucaria ochrostoma,,2772,7869604,
11481,Verrucaria praetermissa,,2772,5259598,
11482,Verrucaria praevia,,2772,5492222,
11483,Verrucaria praeviella,,2772,5492550,
11484,Verrucaria submicrospora,,2772,5492773,
11485,Wahlenbergiella mucosa,,2773,2596429,
11486,Willeya iwatsukii,,2774,10851421,
11487,Willeya japonica,,2774,10892750,
11488,Leucovibrissea obconica,,2775,2581385,
11489,Vibrissea decolorans,,2776,2581352,
11490,Vibrissea filisporia,,2776,3484889,
11491,Vibrissea flavovirens,,2776,9227603,
11492,Vibrissea leptospora,キイロヒメボタンタケ,2776,2581361,
11493,Vibrissea truncorum,ピンタケ,2776,2581365,
11494,Cytidia salicina,ヤナギノアカコウヤクタケ,2777,2555844,
11495,Vuilleminia comedens,シロペンキタケ,2778,2555667,
11496,Wallemia ichthyophaga,,2779,3383947,
11497,Wallemia muriae,,2779,2512786,
11498,Wallemia sebi,アズキイロカビ,2779,2512788,
11499,Barnettozyma californica,,2780,3480588,
11500,Wickerhamomyces anomalus,,2781,3480803,
11501,Wickerhamomyces canadensis,,2781,3480804,
11502,Wickerhamomyces pijperi,,2781,3480786,
11503,Wickerhamomyces scolytoplatypi,,2781,7396725,
11504,Wickerhamomyces silvicola,,2781,3480787,
11505,Wickerhamomyces subpelliculosus,,2781,5954245,
11506,Wickerhamomyces sydowiorum,,2781,3480797,
11507,Wiesneriomyces laurinus,,2782,2589494,
11508,Wynnea americana,オオミノミミブサタケ,2783,3497654,
11509,Wynnea gigantea,ミミブサタケ,2783,3497653,
11510,Wynnea macrospora,,2783,3497651,
11511,Wynnea macrotis,ウサギノミミ,2783,3497657,
11512,Phlebiella sulphurea,,2784,2549513,
11513,Xenasma rimicola,,2785,2549456,
11514,Xenasmatella alnicola,,2786,10849266,
11515,Xenasmatella vaga,,2786,2549502,
11516,Anthostomella bambusae,,2787,3461422,
11517,Anthostomella formosa,,2787,2577395,
11518,Ascotricha distans,,2788,2576269,
11519,Ascotricha erinacea,,2788,2576256,
11520,Ascotricha novae-caledoniae,,2788,2576260,
11521,Ascotricha rugispora,,2788,10706769,
11522,Astrocystis mirabilis,,2789,2576859,
11523,Astrocystis sasae,,2789,3459861,
11524,Calceomyces lacunosus,,2790,2576589,
11525,Circinotrichum falcatisporum,,2791,2587748,
11526,Collodiscula japonica,,2792,2576568,
11527,Coniolariella limonispora,,2793,5952689,
11528,Cryptostroma corticale,,2794,2592401,
11529,Dematophora compacta,,2795,12250946,
11530,Dematophora necatrix,,2795,2576657,
11531,Digitodochium rhodoleucum,,2796,2592206,
11532,Halorosellinia oceanica,,2797,2576451,
11533,Hansfordia pulvinata,,2798,2588809,
11534,Kretzschmaria clavus,トゲツブコブタケ,2799,2577053,
11535,Kretzschmaria deusta,オオミコブタケ,2799,2577023,
11536,Kretzschmaria pavimentosa,,2799,2577007,
11537,Kretzschmariella culmorum,,2800,2576445,
11538,Lanceispora amphibia,,2801,3459619,
11539,Nemania aenea,,2802,3460435,
11540,Nemania bipapillata,ワツキザラミコブタケ,2802,2576422,
11541,Nemania carbonacea,,2802,2576384,
11542,Nemania confluens,,2802,2576368,
11543,Nemania diffusa,,2802,2576396,
11544,Nemania latissima,,2802,2576411,
11545,Nemania serpens,ヘビコブタケ,2802,9108937,
11546,Neoxylaria juruensis,,2803,12116829,
11547,Plectosphaera cryptomeriae,,2804,2572114,
11548,Podosordaria aristata,,2805,3459974,
11549,Podosordaria jugoyasan,ハチスタケ,2805,2576505,
11550,Podosordaria leporina,,2805,2576499,
11551,Podosordaria nigripes,,2805,3459975,
11552,Rosellinia aquila,カタツブタケ,2806,2576685,
11553,Rosellinia corticium,,2806,3460291,
11554,Rosellinia diathrausta,,2806,2576670,
11555,Rosellinia necatrix,,2806,8581394,
11556,Rosellinia thelena,,2806,2576699,
11557,Stilbohypoxylon immundum,,2807,2576477,
11558,Virgaria boninensis,,2808,7587340,
11559,Virgaria nigra,,2808,2576515,
11560,Whalleya microplaca,クスノアザコブタケ,2809,5254951,
11561,Xylaria aburiensis,,2810,5488216,
11562,Xylaria angulosa,,2810,5487836,
11563,Xylaria anisopleura,ヒメツクシタケ,2810,5255085,
11564,Xylaria apiculata,フデタケ,2810,5255124,
11565,Xylaria arbuscula,エダウチクロサイワイタケ,2810,5255134,
11566,Xylaria carpophila,ブナノホソツクシタケ,2810,5255129,
11567,Xylaria corniformis,トサカタケ,2810,5255121,
11568,Xylaria cubensis,コハマキタケ,2810,5255087,
11569,Xylaria digitata,,2810,8670977,
11570,Xylaria escharoidea,,2810,9293717,
11571,Xylaria feejeensis,,2810,7257227,
11572,Xylaria filiformis,,2810,5255152,
11573,Xylaria hypoxylon,カノツノタケ,2810,5255147,
11574,Xylaria liquidambaris,,2810,5255151,
11575,Xylaria longipes,キソマメザヤタケ,2810,5255093,
11576,Xylaria luteostromata,キマメザヤタケ,2810,7257302,
11577,Xylaria magnoliae,ホソツクシタケ,2810,3461845,
11578,Xylaria multiplex,,2810,7257469,
11579,Xylaria obovata,,2810,5255102,
11580,Xylaria olobapha,,2810,5488103,
11581,Xylaria oxyacanthae,,2810,5255114,
11582,Xylaria polymorpha,オオクロサイワイタケ,2810,8956209,
11583,Xylaria schweinitzii,,2810,5487714,
11584,Xylaria scopiformis,,2810,8391442,
11585,Xylaria tabacina,ハマキタケ,2810,5487863,
11586,Xylaria telfairii,,2810,7257265,
11587,Xylaria termiticola,,2810,9727625,
11588,Xylaria vasconica,,2810,8087401,
11589,Xylosphaera fastigiata,,2811,3288918,
11590,Xylosphaera sessilis,,2811,3559289,
11591,Lithographa tesserata,,2812,2599756,
11593,Hemileia gardeniae-floridae,,2813,3373193,
11594,Hemileia vastatrix,,2813,2517693,
11595,Zoophagus cornus,,2814,2559175,
11596,Zoophagus insidians,,2814,2559180,
11597,Zygophlyctis melosirae,,2815,10699070,
