taxon_key,species_key,scientific_name,source,name
2512788,2512788,Wallemia sebi (Fr.) Arx,db,アズキイロカビ
2512788,2512788,Wallemia sebi (Fr.) Arx,gbif,アズキイロカビ
2512861,2512861,Guepiniopsis buccina (Pers.) L.L.Kenn.,db,タテガタツノマタタケ
2512861,2512861,Guepiniopsis buccina (Pers.) L.L.Kenn.,gbif,タテガタツノマタタケ
2512873,2512861,Guepiniopsis merulina (Pers.) Pat.,db,タテガタツノマタタケ
2512873,2512861,Guepiniopsis merulina (Pers.) Pat.,gbif,タテガタツノマタタケ
2512899,2512899,Dacrymyces minor Peck,db,ヒメダクリオキン
2512899,2512899,Dacrymyces minor Peck,gbif,ヒメダクリオキン
2512921,2512921,Dacrymyces chrysospermus Berk. & M.A.Curtis,db,ハナビラダクリオキン
2512921,2512921,Dacrymyces chrysospermus Berk. & M.A.Curtis,gbif,ハナビラダクリオキン
2512923,2512921,Dacrymyces palmatus (Schwein.) Burt,db,ハナビラダクリオキン
2512923,2512921,Dacrymyces palmatus (Schwein.) Burt,gbif,ハナビラダクリオキン
2512925,2512925,Dacrymyces stillatus Nees,db,ダクリオキン
2512943,12257826,Dacryopinax spathularia (Schwein.) G.W.Martin,gbif,ツノマタタケ
2512969,2512969,Calocera cornea (Batsch) Fr.,db,ツノフノリタケ
2512969,2512969,Calocera cornea (Batsch) Fr.,gbif,ツノフノリタケ
2512972,2512969,Calocera palmata (Schumach.) Fr.,db,ツノフノリタケ
2512972,2512969,Calocera palmata (Schumach.) Fr.,gbif,ツノフノリタケ
2512992,2512992,Calocera furcata (Fr.) Fr.,db,アオキツノフノリタケ
2512992,2512992,Calocera furcata (Fr.) Fr.,gbif,フノリタケ
2513201,2513201,Exobasidium shiraianum Henn.,db,シャクナゲコナモチビョウキン
2513201,2513201,Exobasidium shiraianum Henn.,gbif,シャクナゲコナモチビョウキン
2513202,2513202,Exobasidium pieridis-ovalifoliae Sawada,db,ネジキヒラモチビョウキン
2513202,2513202,Exobasidium pieridis-ovalifoliae Sawada,gbif,ネジキヒラモチビョウキン
2513212,2513212,Exobasidium gracile (Shirai) Syd. & P.Syd.,db,サザンカモチビョウキン
2513212,2513212,Exobasidium gracile (Shirai) Syd. & P.Syd.,gbif,サザンカモチビョウキン
2513218,2513218,Exobasidium bisporum Sawada ex Ezuka,db,ハナヒリヒラモチビョウキン
2513218,2513218,Exobasidium bisporum Sawada ex Ezuka,gbif,ハナヒリヒラモチビョウキン
2513221,2513221,Exobasidium vexans Massee,db,チャハブクレモチビョウキン
2513221,2513221,Exobasidium vexans Massee,gbif,チャハブクレモチビョウキン
2513225,2513225,Exobasidium japonicum Shirai,db,ツツジモチビョウキン
2513225,2513225,Exobasidium japonicum Shirai,gbif,ツツジモチビョウキン
2513227,2513225,Exobasidium caucasicum Woron.,db,ツツジモチビョウキン
2513227,2513225,Exobasidium caucasicum Woron.,gbif,ツツジモチビョウキン
2513231,2513231,Exobasidium pentasporium Shirai,db,ツツジテングスモチビョウキン
2513231,2513231,Exobasidium pentasporium Shirai,gbif,ツツジテングスモチビョウキン
2513238,2513238,Exobasidium reticulatum S.Ito & Sawada,db,チャアミモチビョウキン
2513238,2513238,Exobasidium reticulatum S.Ito & Sawada,gbif,チャアミモチビョウキン
2513253,2513253,Exobasidium camelliae Shirai,db,ツバキモチビョウキン
2513253,2513253,Exobasidium camelliae Shirai,gbif,ツバキモチビョウキン
2513307,2513307,Dicellomyces gloeosporus L.S.Olive,db,ササノヒメサラタケ
2513709,2553128,Stereum rameale (Pers.) Burt,db,キウロコタケ
2513741,2513741,Septobasidium bogoriense Pat.,db,ハイイロモンパキン
2513741,2513741,Septobasidium bogoriense Pat.,gbif,ハイイロモンパキン
2513805,2513805,Helicobasidium mompa Nobuj.Tanaka,db,ムラサキモンパキン
2513806,2513805,Septobasidium mompa (Nobuj.Tanaka) Racib.,db,ムラサキモンパキン
2515526,2515526,Puccinia kusanoi Dietel,gbif,ウツギさび病菌
2516220,2516220,Stereostratum corticioides (Berk. & Broome) H.Magn.,gbif,メダケ赤衣病菌
2516222,2516220,Puccinia corticioides Berk. & Broome,gbif,メダケ赤衣病菌
2516572,2516572,Phragmidium rosae-multiflorae Dietel,gbif,ノイバラサビ病菌
2518309,2518309,Holtermannia coralloides Kobayasi,db,サンゴタケ
2518309,2518309,Holtermannia coralloides Kobayasi,gbif,サンゴタケ
2518310,2518310,Holtermannia corniformis Kobayasi,db,ニカワツノタケ
2518310,2518310,Holtermannia corniformis Kobayasi,gbif,ニカワツノタケ
2518446,2518446,Sirobasidium magnum Boedijn,gbif,フクロキクラゲ
2518446,2518446,Sirobasidium magnum Boedijn,gbif,袋木耳
2518664,9366699,Schizopora flavipora (Berk. & M.A.Curtis ex Cooke) Ryvarden,gbif,アナタケ
2518675,9366699,Hyphodontia flavipora (Berk. & M.A.Curtis ex Cooke) Sheng H.Wu,gbif,アナタケ
2518684,2518684,Schizopora paradoxa (Schrad.) Donk,db,アナタケ
2518693,2518684,Irpex deformis Schrad. ex Fr.,db,アナタケ
2518695,2518684,Hyphodontia paradoxa (Schrad.) Langer & Vesterh.,db,アナタケ
2518696,2518684,Xylodon paradoxus (Schrad.) Chevall.,db,アナタケ
2518701,2518684,Irpex obliquus (Schrad.) Fr.,db,アナタケ
2518886,2518880,Xylodon quercinus (Pers.) Gray,db,アカオクバタケ
2518950,2518950,Hyphodontia arguta (Fr.) J.Erikss.,db,ヘラバタケモドキ
2518950,2518950,Hyphodontia arguta (Fr.) J.Erikss.,gbif,ヘラバタケモドキ
2518963,2518963,Hyphodontia pallidula (Bres.) J.Erikss.,db,ネンドカワタケ
2518983,2518983,Hyphodontia spathulata (Schrad.) Parmasto,db,ササクレコメバタケモドキ
2519068,2519068,Echinoporia hydnophora (Berk. & Broome) Ryvarden,db,トゲオシロイタケ
2519068,2519068,Echinoporia hydnophora (Berk. & Broome) Ryvarden,gbif,トゲオシロイタケ
2519137,2519134,Radulum pallidum Berk. & M.A.Curtis,db,アメイロオクバタケ
2519154,5237636,"Basidioradulum crustosum (Pers.) Zmitr., Malysheva & Spirin",gbif,ヒビワレコメバタケ
2519155,5237636,Grandinia crustosa (Pers.) Fr.,gbif,ヒビワレコメバタケ
2519158,5237636,Hyphodontia crustosa (Pers.) J.Erikss.,gbif,ヒビワレコメバタケ
2519226,2519226,Erythromyces crocicreas (Berk. & Broome) Hjortstam & Ryvarden,db,キゾメウロコタケ
2519226,2519226,Erythromyces crocicreas (Berk. & Broome) Hjortstam & Ryvarden,gbif,キゾメウロコタケ
2519230,2519226,Hymenochaete crocicreas Berk. & Broome,db,キゾメウロコタケ
2519230,2519226,Hymenochaete crocicreas Berk. & Broome,gbif,キゾメウロコタケ
2519249,5237653,Coltricia tomentosa (Fr.) Murrill,gbif,ニセカイメンタケ
2519254,5237653,Inonotus tomentosus (Fr.) Teng,gbif,ニセカイメンタケ
2519358,5237690,"Fomes ribis (Schumach.) Fr., 1878",db,スグリタケ
2519358,5237690,"Fomes ribis (Schumach.) Fr., 1878",gbif,スグリタケ
2519360,5237690,Ochroporus ribis (Schumach.) J.Schröt.,db,スグリタケ
2519360,5237690,Ochroporus ribis (Schumach.) J.Schröt.,gbif,スグリタケ
2519412,2519413,Xerocomus chrysenteron (Bull.) Quél.,gbif,キッコウアワタケ
2519413,2519413,Xerocomellus chrysenteron (Bull.) Šutara,gbif,キッコウアワタケ
2519516,7832732,Xerocomus badius (Fr.) Kuhner,gbif,ニセイロガワリ
2519553,8140531,Xerocomus pulverulentus (Opat.) E.-J.Gilbert,gbif,イロガワリ
2519625,2519625,Hymenochaete attenuata (Lév.) Lév.,db,ヒメウロコタケ
2519625,2519625,Hymenochaete attenuata (Lév.) Lév.,gbif,ヒメウロコタケ
2519627,2519625,Stereum attenuatum Lév.,db,ヒメウロコタケ
2519630,2519630,Hymenochaete villosa (Lév.) Bres.,db,オオタバコウロコタケ
2519630,2519630,Hymenochaete villosa (Lév.) Bres.,gbif,オオタバコウロコタケ
2519670,2519670,Hymenochaete episphaeria (Schwein. ex Fr.) Massee,db,シブウロコタケモドキ
2519683,2519683,Hymenochaete rufomarginata Imazeki,db,エビウロコタケモドキ
2519686,2519686,Hymenochaete unicolor Berk. & M.A.Curtis,db,アツミヒビウロコタケ
2519686,2519686,Hymenochaete unicolor Berk. & M.A.Curtis,gbif,アツミヒビウロコタケ
2519696,8787203,Hymenochaete arida (P.Karst.) Sacc.,db,ケイヒウロコタケ
2519696,8787203,Hymenochaete arida (P.Karst.) Sacc.,gbif,ケイヒウロコタケ
2519770,2519770,Hymenochaete rubiginosa (Dicks.) Lév.,db,エビウロコタケ
2519770,2519770,Hymenochaete rubiginosa (Dicks.) Lév.,gbif,エビウロコタケ
2519782,2519782,Hymenochaete spreta Peck,db,ケイヒウロコタケモドキ
2519782,2519782,Hymenochaete spreta Peck,gbif,ケイヒウロコタケモドキ
2519790,2519790,Hymenochaete adusta (Lév.) Har. & Pat.,db,マツカサウロコタケ
2519798,2519798,Hymenochaete mougeotii (Fr.) Cooke,db,アカウロコタケ
2519799,2519798,Stereum mougeotii (Fr.) Quél.,db,アカウロコタケ
2519828,9035469,Fomes pini (Thore) P.Karst.,gbif,マツノカタハタケ
2519833,9035469,Phellinus pini (Brot.) Bondartsev & Singer,gbif,マツノカタハタケ
2519869,10814759,Irpex tabacinoides Yasuda,gbif,コガネウスバタケ
2519879,2519879,Coltricia cinnamomea (Jacq.) Murrill,db,ニッケイタケ
2519879,2519879,Coltricia cinnamomea (Jacq.) Murrill,gbif,ニッケイタケ
2519915,2519915,Coltricia perennis (L.) Murrill,db,オツネンタケ
2519915,2519915,Coltricia perennis (L.) Murrill,gbif,オツネンタケ
2519942,2519942,Coltricia montagnei (Fr.) Murrill,db,アミウズタケ
2519942,2519942,Coltricia montagnei (Fr.) Murrill,gbif,ウズタケ
2520013,10700730,Hymenochaete tabacina (Sowerby) Lév.,gbif,タバコウロコタケ
2520017,10700730,Stereum tabacinum (Sowerby) Fr.,gbif,タバコウロコタケ
2520036,2520036,Pseudoinonotus dryadeus (Pers.) T.Wagner & M.Fisch.,db,マクラタケ
2520036,2520036,Pseudoinonotus dryadeus (Pers.) T.Wagner & M.Fisch.,gbif,マクラタケ
2520046,2520036,Inonotus dryadeus (Pers.) Murrill,db,マクラタケ
2520046,2520036,Inonotus dryadeus (Pers.) Murrill,gbif,マクラタケ
2520087,2520087,Coltriciella dependens (Berk. & M.A.Curtis) Murrill,db,ヒメカイメンタケ
2520092,2520087,Coltricia dependens (Berk. & M.A.Curtis) Imazeki,db,ヒメカイメンタケ
2520096,2520096,Coltriciella pusilla (Imazeki & Kobayasi) Corner,db,ヒメオツネンタケ
2520096,2520096,Coltriciella pusilla (Imazeki & Kobayasi) Corner,gbif,ヒメオツネンタケ
2520097,2520096,Coltricia pusilla J.R.Sharma & J.E.Wright,db,ヒメオツネンタケ
2520097,2520096,Coltricia pusilla J.R.Sharma & J.E.Wright,gbif,ヒメオツネンタケ
2520148,2520148,Phellinus chrysoloma (Fr.) Donk,db,カラマツカタハタケ
2520162,2520162,Phellinus pusillus (Lloyd) Ryvarden,db,ヒメスズメタケ
2520291,7624816,Phellinus conchatus (Pers.) Quél.,gbif,エゾヒヅメタケ
2520292,7624816,Fomes densus Lloyd,gbif,エゾヒヅメタケ
2520302,7624816,Fomes conchatus (Pers.) Gillet,gbif,エゾヒヅメタケ
2520331,2520330,Fomes caryophylli (Racib.) Bres.,db,クロガネタケ
2520331,2520330,Fomes caryophylli (Racib.) Bres.,gbif,クロガネタケ
2520368,2520368,Phellinus prunicola (Murrill) Gilb.,db,チャサクラアナタケ
2520426,2520432,Phellinus wahlbergii (Fr.) D.A.Reid,gbif,ツリバリサルノコシカケ
2520428,2520432,Phellinus hamatus (Corner) Imazeki,gbif,ツリバリサルノコシカケ
2520432,2520432,Fuscoporia wahlbergii (Fr.) T.Wagner & M.Fisch.,gbif,ツリバリサルノコシカケ
2520433,2520432,Fomes hamatus (Corner) Imazeki,gbif,ツリバリサルノコシカケ
2520445,2520459,Phellinus robustus (P.Karst.) Bourdot & Galzin,gbif,カシサルノコシカケ
2520451,2520459,Fomes rhaponticus Lloyd,gbif,カシサルノコシカケ
2520453,2520459,Fomes robustus P.Karst.,gbif,カシサルノコシカケ
2520459,2520459,Fomitiporia robusta (P.Karst.) Fiasson & Niemelä,gbif,カシサルノコシカケ
2520462,2520459,"Fomes yasudai Lloyd, 1915",gbif,カシサルノコシカケ
2520471,2520459,Ochroporus robustus (P.Karst.) J.Schröt. ex Donk,gbif,カシサルノコシカケ
2520484,2520484,Phellinus laevigatus (P.Karst.) Bourdot & Galzin,db,カバノニセホクチタケ
2520484,2520484,Phellinus laevigatus (P.Karst.) Bourdot & Galzin,gbif,カバノニセホクチタケ
2520519,2520519,Phellinus gilvus (Schwein.) Pat.,db,ネンドタケ
2520543,2520519,Fuscoporia gilva (Schwein.) T.Wagner & M.Fisch.,db,ネンドタケ
2520592,2520519,Phellinus illiciicola (Henn.) Teng,db,ネンドタケ
2520705,2520705,Phellinus fastuosus (Lév.) S.Ahmad,db,センダンサルノコシカケ
2520710,2520705,Fomes fastuosus (Lév.) Cooke,db,センダンサルノコシカケ
2520747,2520747,Phellinus setulosus (Lloyd) Imazeki,db,コブサルノコシカケモドキ
2520747,2520747,Phellinus setulosus (Lloyd) Imazeki,gbif,コブサルノコシカケモドキ
2520748,2520747,Fomes elaphinus Bres.,db,コブサルノコシカケモドキ
2520748,2520747,Fomes elaphinus Bres.,gbif,コブサルノコシカケモドキ
2520749,2520747,Fomes setulosus Lloyd,db,コブサルノコシカケモドキ
2520749,2520747,Fomes setulosus Lloyd,gbif,コブサルノコシカケモドキ
2520757,2520757,Phellinus hartigii (Allesch. & Schnabl) Pat.,db,ツガアナタケ
2520758,2520757,Fomitiporia hartigii (Allesch. & Schnabl) Fiasson & Niemelä,db,ツガアナタケ
2520759,2520757,Fomes hartigii (Allesch. & Schnabl) Bres.,db,ツガアナタケ
2520790,9035469,Phellinus yamanoi (Imazeki) Parmasto,gbif,マツノカタハタケ
2520839,2520839,Phellinus adamantinus (Berk.) Ryvarden,db,ムサシタケ
2520842,2520839,Fomes glaucotus (Cooke) Cooke,db,ムサシタケ
2520846,2520839,Pyrrhoderma adamantinum (Berk.) Imazeki,db,ムサシタケ
2520862,2520862,Phellinus igniarius (L.) Quél.,db,キコブアナタケ
2520862,2520862,Phellinus igniarius (L.) Quél.,gbif,キコブタケ
2520863,2520862,Phellinus nigricans (Fr.) P.Karst.,db,キコブアナタケ
2520863,2520862,Phellinus nigricans (Fr.) P.Karst.,gbif,キコブタケ
2520873,2520862,"Fomes nigricans (Fr.) Gillet, 1878",db,キコブアナタケ
2520873,2520862,"Fomes nigricans (Fr.) Gillet, 1878",gbif,キコブタケ
2520886,2520862,"Fomes igniarius (L.) Cooke, 1885",db,キコブアナタケ
2520886,2520862,"Fomes igniarius (L.) Cooke, 1885",gbif,キコブタケ
2520889,2520862,Ochroporus igniarius (L.) J.Schröt.,db,キコブアナタケ
2520889,2520862,Ochroporus igniarius (L.) J.Schröt.,gbif,キコブタケ
2520915,8173622,Fomes rimosus (Berk.) Cooke,db,オオメシマコブ
2520940,2520946,Cyclomyces fuscus Kunze ex Fr.,gbif,ワヒダタケ
2520946,2520946,Hymenochaete cyclolamellata T.Wagner & M.Fisch.,gbif,ワヒダタケ
2521008,2521008,Inonotus boninensis T.Hatt. & Ryvarden,db,オガサワラサビアナタケ
2521089,2521089,Inonotus obliquus (Fr.) Pilát,db,カバアナタケ
2521089,2521089,Inonotus obliquus (Fr.) Pilát,gbif,カバノアナタケ
2521090,2521089,Fuscoporia obliqua (Fr.) Aoshima,db,カバアナタケ
2521090,2521089,Fuscoporia obliqua (Fr.) Aoshima,gbif,カバノアナタケ
2521178,2521178,Inonotus patouillardii (Rick) Imazeki,db,ナンバンオオカワウソタケ
2521178,2521178,Inonotus patouillardii (Rick) Imazeki,gbif,ナンバンオオカワウソタケ
2521208,2521208,Inonotus hispidus (Bull.) P.Karst.,db,ヤケコゲタケ
2521208,2521208,Inonotus hispidus (Bull.) P.Karst.,gbif,ヤケコゲタケ
2521242,10866930,Inonotus tabacinus (Mont.) G.Cunn.,gbif,キヌハダタケ
2521243,10866930,Cyclomyces tabacinus (Mont.) Pat.,gbif,キヌハダタケ
2521251,8044342,Pelloporus triqueter (P.Karst.) Krieglst.,db,エゾノカワラタケ
2521251,8044342,Pelloporus triqueter (P.Karst.) Krieglst.,gbif,エゾノカワラタケ
2521251,8044342,Pelloporus triqueter (P.Karst.) Krieglst.,gbif,トウヒカワラタケ
2521273,2521276,Inonotus ludovicianus (Pat.) Bondartsev & Singer,gbif,オニカワウソタケ
2521276,2521276,Inocutis ludoviciana (Pat.) T.Wagner & M.Fisch.,gbif,オニカワウソタケ
2521358,10701592,Pyrrhoderma scaurum (Lloyd) Ryvarden,gbif,サジタケ
2521360,2521360,Pyrrhoderma sendaiense (Yasuda) Imazeki,db,ツヤナシマンネンタケ
2521387,2521387,Clavariadelphus ligula (Schaeff.) Donk,db,コスリコギタケ
2521387,2521387,Clavariadelphus ligula (Schaeff.) Donk,gbif,コスリコギタケ
2521391,2521391,Clavariadelphus pistillaris (L.) Donk,db,スリコギタケ
2521391,2521391,Clavariadelphus pistillaris (L.) Donk,gbif,スリコギタケ
2521401,2521401,Clavariadelphus truncatus Donk,db,スリコギタケモドキ
2521401,2521401,Clavariadelphus truncatus Donk,gbif,スリコギタケモドキ
2521476,2521476,Hydnocristella himantia (Schwein.) R.H.Petersen,gbif,ウスチャサガリハリタケ
2521479,2521476,Oxydontia himantia (Schwein.) L.W.Mill.,gbif,ウスチャサガリハリタケ
2522009,2522009,Turbinellus floccosus (Schwein.) Earle ex Giachini & Castellano,gbif,ウスタケ
2522031,2522031,Gautieria morchelliformis Vittad.,db,アミメシマショウロ
2522031,2522031,Gautieria morchelliformis Vittad.,gbif,アミメシマショウロ
2522091,2522091,Sebacina incrustans (Pers.) Tul. & C.Tul.,db,ロウタケ
2522091,2522091,Sebacina incrustans (Pers.) Tul. & C.Tul.,gbif,ロウタケ
2522137,2522137,Phellodon melaleucus (Sw. ex Fr.) P.Karst.,db,クサハリタケ
2522137,2522137,Phellodon melaleucus (Sw. ex Fr.) P.Karst.,gbif,クサハリタケ
2522137,2522137,Phellodon melaleucus (Sw. ex Fr.) P.Karst.,gbif,クリハリタケ
2522137,2522137,Phellodon melaleucus (Sw. ex Fr.) P.Karst.,gbif,チャボハリタケ
2522140,2522137,Hydnum pygmaeum Yasuda,db,クサハリタケ
2522140,2522137,Hydnum pygmaeum Yasuda,gbif,クサハリタケ
2522140,2522137,Hydnum pygmaeum Yasuda,gbif,クリハリタケ
2522140,2522137,Hydnum pygmaeum Yasuda,gbif,チャボハリタケ
2522141,2522137,Hydnum graveolens (Pers.) Fr.,db,クサハリタケ
2522141,2522137,Hydnum graveolens (Pers.) Fr.,gbif,クサハリタケ
2522141,2522137,Hydnum graveolens (Pers.) Fr.,gbif,クリハリタケ
2522141,2522137,Hydnum graveolens (Pers.) Fr.,gbif,チャボハリタケ
2522143,2522137,Hydnum melaleucum Sw. ex Fr.,db,クサハリタケ
2522143,2522137,Hydnum melaleucum Sw. ex Fr.,gbif,クサハリタケ
2522143,2522137,Hydnum melaleucum Sw. ex Fr.,gbif,クリハリタケ
2522143,2522137,Hydnum melaleucum Sw. ex Fr.,gbif,チャボハリタケ
2522144,2522137,Hydnum albonigrum Peck,db,クサハリタケ
2522144,2522137,Hydnum albonigrum Peck,gbif,クサハリタケ
2522144,2522137,Hydnum albonigrum Peck,gbif,クリハリタケ
2522144,2522137,Hydnum albonigrum Peck,gbif,チャボハリタケ
2522145,2522137,Calodon graveolens (Pers.) Quél.,db,クサハリタケ
2522145,2522137,Calodon graveolens (Pers.) Quél.,gbif,クサハリタケ
2522145,2522137,Calodon graveolens (Pers.) Quél.,gbif,クリハリタケ
2522145,2522137,Calodon graveolens (Pers.) Quél.,gbif,チャボハリタケ
2522148,2553685,Hydnum delicatum Klotzsch ex Berk.,db,オロシタケ
2522148,2553685,Hydnum delicatum Klotzsch ex Berk.,gbif,オロシタケ
2522161,2522158,Hydnum amicum Quél.,db,フクリンハリタケ
2522161,2522158,Hydnum amicum Quél.,gbif,フクリンハリタケ
2522164,2522158,Calodon amicus (Quél.) Quél.,db,フクリンハリタケ
2522164,2522158,Calodon amicus (Quél.) Quél.,gbif,フクリンハリタケ
2522171,2522171,Phellodon tomentosus (L.) Banker,db,ジョウゴハリタケ
2522171,2522171,Phellodon tomentosus (L.) Banker,gbif,ジョウゴハリタケ
2522174,2522171,Hydnum cyathiforme Schaeff.,db,ジョウゴハリタケ
2522174,2522171,Hydnum cyathiforme Schaeff.,gbif,ジョウゴハリタケ
2522192,2522192,Phellodon niger (Fr.) P.Karst.,db,クロハリタケ
2522192,2522192,Phellodon niger (Fr.) P.Karst.,gbif,クロハリタケ
2522196,2522192,Hydnum nigrum Fr.,db,クロハリタケ
2522196,2522192,Hydnum nigrum Fr.,gbif,クロハリタケ
2522203,2522203,Hydnellum suaveolens (Scop.) P.Karst.,db,ニオイハリタケ
2522203,2522203,Hydnellum suaveolens (Scop.) P.Karst.,gbif,ニオイハリタケ
2522206,2522203,Calodon suaveolens (Scop.) P.Karst.,db,ニオイハリタケ
2522206,2522203,Calodon suaveolens (Scop.) P.Karst.,gbif,ニオイハリタケ
2522229,2522229,Hydnellum ferrugineum (Fr.) P.Karst.,db,アカノシズクハリタケ
2522229,2522229,Hydnellum ferrugineum (Fr.) P.Karst.,gbif,アカノシズクハリタケ
2522245,2522245,Hydnellum caeruleum (Hornem.) P.Karst.,db,ニオイハリタケモドキ
2522245,2522245,Hydnellum caeruleum (Hornem.) P.Karst.,gbif,ニオイハリタケモドキ
2522259,2522259,Hydnellum concrescens (Pers.) Banker,db,オオチャハリタケ
2522259,2522259,Hydnellum concrescens (Pers.) Banker,gbif,チャハリタケ
2522261,2522259,Hydnum concrescens Pers.,db,オオチャハリタケ
2522261,2522259,Hydnum concrescens Pers.,gbif,チャハリタケ
2522267,2522259,Phaeodon zonatus (Batsch) J.Schröt.,db,オオチャハリタケ
2522267,2522259,Phaeodon zonatus (Batsch) J.Schröt.,gbif,チャハリタケ
2522275,2522259,Hydnum zonatum Batsch,db,オオチャハリタケ
2522275,2522259,Hydnum zonatum Batsch,gbif,チャハリタケ
2522277,2522259,Calodon zonatus (Batsch) P.Karst.,db,オオチャハリタケ
2522277,2522259,Calodon zonatus (Batsch) P.Karst.,gbif,チャハリタケ
2522291,2522291,Hydnellum aurantiacum (Batsch) P.Karst.,db,キハリタケ
2522291,2522291,Hydnellum aurantiacum (Batsch) P.Karst.,gbif,キハリタケ
2522296,2522291,Hydnum aurantiacum (Batsch) Alb. & Schwein.,db,キハリタケ
2522296,2522291,Hydnum aurantiacum (Batsch) Alb. & Schwein.,gbif,キハリタケ
2522299,2522291,Phaeodon aurantiacus (Batsch) J.Schröt.,db,キハリタケ
2522299,2522291,Phaeodon aurantiacus (Batsch) J.Schröt.,gbif,キハリタケ
2522373,5238865,Hydnum imbricatum L.,db,カノハナ
2522378,5238866,Hydnum blackfordiae Peck,db,オリーブハリタケ
2522387,9854176,Hydnum scabrosum Fr.,gbif,ケロウジ
2522432,5238865,Hydnum aspratum Berk.,db,カノハナ
2522872,2522872,Thelephora multipartita Schwein.,db,キブリイボタケ
2522872,2522872,Thelephora multipartita Schwein.,gbif,キブリイボタケ
2522896,2522896,Thelephora anthocephala (Bull.) Fr.,db,トサカイボタケ
2522907,2522907,Thelephora palmata (Scop.) Fr.,db,モミジタケ
2522935,2522935,Thelephora terrestris Ehrh.,db,イボタケ
2522955,2522955,Thelephora aurantiotincta Corner,db,ボタンイボタケ
2522955,2522955,Thelephora aurantiotincta Corner,gbif,ボタンイボタケ
2522972,2555667,Thelephora nigrescens Schrad.,db,シロペンキタケ
2522972,2555667,Thelephora nigrescens Schrad.,gbif,シロペンキタケ
2522983,2522983,Thelephora vialis Schwein.,db,ツブイボタケ
2522983,2522983,Thelephora vialis Schwein.,gbif,ツブイボタケ
2522985,2522983,Phylacteria vialis (Schwein.) Pat.,db,ツブイボタケ
2522985,2522983,Phylacteria vialis (Schwein.) Pat.,gbif,ツブイボタケ
2522991,2522991,Polyozellus multiplex (Underw.) Murrill,db,カラスタケ
2522991,2522991,Polyozellus multiplex (Underw.) Murrill,gbif,カラスタケ
2523052,2523052,Brevicellicium olivascens (Bres.) K.H.Larss. & Hjortstam,db,マルミノコツブコウヤクタケ
2523052,2523052,Brevicellicium olivascens (Bres.) K.H.Larss. & Hjortstam,gbif,マルミノコツブコウヤクタケ
2523138,2523138,Trechispora farinacea (Pers.) Liberta,db,トゲミノコウヤクタケ
2523138,2523138,Trechispora farinacea (Pers.) Liberta,gbif,トゲミノコウヤクタケ
2523300,2523300,Resinicium bicolor (Alb. & Schwein.) Parmasto,db,ハリタケモドキ
2523300,2523300,Resinicium bicolor (Alb. & Schwein.) Parmasto,gbif,ハリタケモドキ
2523431,5239325,Fomes connatus (Weinm.) Gillet,db,シロサルノコシカケ
2523477,9105286,Gerronema fibula (Bull.) Singer,db,ヒナノヒガサ
2523477,9105286,Gerronema fibula (Bull.) Singer,gbif,ヒナノヒガサ
2523482,9105286,Marasmiellus fibula (Bull.) Singer,db,ヒナノヒガサ
2523482,9105286,Marasmiellus fibula (Bull.) Singer,gbif,ヒナノヒガサ
2523510,2523510,Cotylidia komabensis (Henn.) D.A.Reid,db,サギウロコタケ
2523510,2523510,Cotylidia komabensis (Henn.) D.A.Reid,gbif,サギウロコタケ
2523512,2523510,Thelephora komabensis Henn.,db,サギウロコタケ
2523512,2523510,Thelephora komabensis Henn.,gbif,サギウロコタケ
2523514,2523510,Stereum albidum Lloyd,db,サギウロコタケ
2523514,2523510,Stereum albidum Lloyd,gbif,サギウロコタケ
2523515,2523515,Cotylidia diaphana (Cooke) Lentz,db,シロウロコタケ
2523517,2523515,Stereum diaphanum Cooke,db,シロウロコタケ
2523562,2523562,Cotylidia harmandii (Lloyd) D.A.Reid,db,キブリウロコタケ
2523564,2523562,Stereum harmandii Lloyd,db,キブリウロコタケ
2523676,2523676,Peniophorella pubera (Fr.) P.Karst.,gbif,ヤリノホコウヤクタケ
2523872,2523872,Alloclavaria purpurea (O.F.Müll.) Dentinger & D.J.McLaughlin,gbif,ムラサキナギナタタケ
2523915,2523911,Jacksonomyces furfurellus (Bres.) Sheng H.Wu & Z.C.Chen,db,イボコメバタケ
2523915,2523911,Jacksonomyces furfurellus (Bres.) Sheng H.Wu & Z.C.Chen,gbif,イボコメバタケ
2523926,2523926,"Loreleia postii (Fr.) Redhead, Moncalvo, Vilgalys & Lutzoni",db,ダイダイサカズキタケ
2523926,2523926,"Loreleia postii (Fr.) Redhead, Moncalvo, Vilgalys & Lutzoni",gbif,ダイダイサカズキタケ
2524054,2524054,Protuberella borealis (S.Imai) S.Imai & A.Kawam.,db,ニカワショウロ
2524055,2524054,Protubera borealis S.Imai,db,ニカワショウロ
2524065,2524065,Ileodictyon gracile Berk.,db,カゴタケ
2524065,2524065,Ileodictyon gracile Berk.,gbif,カゴタケ
2524071,2524071,Pseudocolus fusiformis (E.Fisch.) Lloyd,db,アカサンコタケ
2524071,2524071,Pseudocolus fusiformis (E.Fisch.) Lloyd,gbif,サンコタケ
2524072,2524071,Pseudocolus javanicus (Penz.) Lloyd,db,アカサンコタケ
2524072,2524071,Pseudocolus javanicus (Penz.) Lloyd,gbif,サンコタケ
2524097,2524097,Protubera nipponica Kobayasi,gbif,シラタマタケ
2524103,2524103,Phallus hadriani Vent.,db,アカダマスッポンタケ
2524103,2524103,Phallus hadriani Vent.,gbif,アカダマスッポンタケ
2524108,2524108,Phallus indusiatus Vent.,db,キヌガサタケ
2524228,2524228,Rhizopogon roseolus (Corda) Th.Fr.,db,ショウロ
2524236,2524228,Rhizopogon rubescens (Tul. & C.Tul.) Tul. & C.Tul.,db,ショウロ
2524248,2524248,Rhizopogon luteolus Fr.,db,ホンショウロ
2524248,2524248,Rhizopogon luteolus Fr.,gbif,ホンショウロ
2524263,2524263,Gyroporus longicystidiatus Nagas. & Hongo,db,クリイロイグチモドキ
2524263,2524263,Gyroporus longicystidiatus Nagas. & Hongo,gbif,クリイロイグチモドキ
2524265,2524265,Gyroporus cyanescens (Bull.) Quél.,db,アイゾメイグチ
2524265,2524265,Gyroporus cyanescens (Bull.) Quél.,gbif,アイゾメイグチ
2524329,9225326,Strobilomyces floccopus (Vahl) P.Karst.,db,オニイグチ
2524329,9225326,Strobilomyces floccopus (Vahl) P.Karst.,gbif,オニイグチ
2524386,2524386,Aureoboletus thibetanus (Pat.) Hongo & Nagas.,db,ヌメリコウジタケ
2524386,2524386,Aureoboletus thibetanus (Pat.) Hongo & Nagas.,gbif,ヌメリコウジタケ
2524388,2524386,Pulveroboletus thibetanus (Pat.) Singer,db,ヌメリコウジタケ
2524388,2524386,Pulveroboletus thibetanus (Pat.) Singer,gbif,ヌメリコウジタケ
2524445,2524445,Retiboletus nigerrimus (R.Heim) Manfr.Binder & Bresinsky,gbif,モエギアミアシイグチ
2524446,2524445,Tylopilus nigerrimus (R.Heim) Hongo & M.Endo,gbif,モエギアミアシイグチ
2524455,2524455,Retiboletus ornatipes (Peck) Manfr.Binder & Bresinsky,gbif,キアミアシイグチ
2524457,2524457,Retiboletus griseus (Frost) Manfr.Binder & Bresinsky,gbif,クロアワタケ
2524464,2524464,Phylloporus rhodoxanthus (Schwein.) Bres.,db,アカキヒダタケ
2524464,2524464,Phylloporus rhodoxanthus (Schwein.) Bres.,gbif,オオミノミヤマキヒダタケ
2524468,2524468,Phylloporus pelletieri (Lév.) Quél.,db,オオミノミヤマキヒダタケ
2524468,2524468,Phylloporus pelletieri (Lév.) Quél.,gbif,ミヤマキヒダタケ
2524490,2524490,Leccinum versipelle (Fr.) Snell,db,キンチャヤマイグチ
2524490,2524490,Leccinum versipelle (Fr.) Snell,gbif,キンチャヤマイグチ
2524503,2524503,Leccinum holopus (Rostk.) Watling,db,シロヤマイグチ
2524503,2524503,Leccinum holopus (Rostk.) Watling,gbif,シロヤマイグチ
2524553,2524553,Leccinum variicolor Watling,db,アオネノヤマイグチ
2524553,2524553,Leccinum variicolor Watling,gbif,アオネノヤマイグチ
2524662,2524662,Heimioporus japonicus (Hongo) E.Horak,db,ベニイグチ
2524662,2524662,Heimioporus japonicus (Hongo) E.Horak,gbif,ベニイグチ
2524693,2524693,Pulveroboletus ravenelii (Berk. & M.A.Curtis) Murrill,db,キイロイグチ
2524693,2524693,Pulveroboletus ravenelii (Berk. & M.A.Curtis) Murrill,gbif,キイロイグチ
2524726,2524726,Xanthoconium affine (Peck) Singer,db,ウツロイイグチ
2524726,2524726,Xanthoconium affine (Peck) Singer,gbif,ウツロイイグチ
2524726,2524726,Xanthoconium affine (Peck) Singer,gbif,移猪口
2524797,2524797,Porphyrellus porphyrosporus (Fr.) E.-J.Gilbert,db,クロイグチ
2524797,2524797,Porphyrellus porphyrosporus (Fr.) E.-J.Gilbert,gbif,クロイグチ
2524800,2524797,Tylopilus porphyrosporus (Fr.) A.H.Sm. & Thiers,db,クロイグチ
2524800,2524797,Tylopilus porphyrosporus (Fr.) A.H.Sm. & Thiers,gbif,クロイグチ
2524801,2524797,Porphyrellus pseudoscaber (Secr.) Singer,db,クロイグチ
2524801,2524797,Porphyrellus pseudoscaber (Secr.) Singer,gbif,クロイグチ
2524808,2524808,Pseudoboletus astraeicola (Imazeki) Šutara,gbif,タマノリイグチ
2524809,2524808,Xerocomus astraeicola Imazeki,gbif,タマノリイグチ
2524863,2524863,Boletellus emodensis (Berk.) Singer,db,キクバナイグチ
2524863,2524863,Boletellus emodensis (Berk.) Singer,gbif,キクバナイグチ
2524910,2524910,Tylopilus felleus (Bull.) P.Karst.,db,ニガイグチ
2524910,2524910,Tylopilus felleus (Bull.) P.Karst.,gbif,ニガイグチ
2524983,2524983,Chroogomphus tomentosus (Murrill) O.K.Mill.,db,フサクギタケ
2524983,2524983,Chroogomphus tomentosus (Murrill) O.K.Mill.,gbif,フサクギタケ
2524984,2524983,Gomphidius tomentosus Murrill,db,フサクギタケ
2524984,2524983,Gomphidius tomentosus Murrill,gbif,フサクギタケ
2524996,2524996,Chroogomphus rutilus (Schaeff.) O.K.Mill.,db,クギタケ
2524996,2524996,Chroogomphus rutilus (Schaeff.) O.K.Mill.,gbif,クギタケ
2525010,2524996,Gomphidius rutilus (Schaeff.) S.Lundell,db,クギタケ
2525010,2524996,Gomphidius rutilus (Schaeff.) S.Lundell,gbif,クギタケ
2525027,2525027,Gomphidius glutinosus (Schaeff.) Fr.,db,シロエノクギタケ
2525027,2525027,Gomphidius glutinosus (Schaeff.) Fr.,gbif,シロエノクギタケ
2525039,2525039,Gomphidius maculatus (Scop.) Fr.,db,キオウギタケ
2525039,2525039,Gomphidius maculatus (Scop.) Fr.,gbif,キオウギタケ
2525043,2525039,Gomphidius gracilis Berk.,db,キオウギタケ
2525043,2525039,Gomphidius gracilis Berk.,gbif,キオウギタケ
2525048,7889985,Gomphidius roseus (Fr.) Fr.,db,オウギタケ
2525071,5239766,Geastrum hygrometricum Pers.,db,ツチガキ
2525071,5239766,Geastrum hygrometricum Pers.,gbif,ツチグリ
2525081,2525079,Gyrodon merulioides (Schwein.) Singer,db,ミダレアミイグチ
2525081,2525079,Gyrodon merulioides (Schwein.) Singer,gbif,ミダレアミイグチ
2525392,7596307,Boletinus pictus Peck,gbif,ベニハナイグチ
2525455,2525455,Pisolithus arhizus (Scop.) Rauschert,db,コブクロタケ
2525455,2525455,Pisolithus arhizus (Scop.) Rauschert,gbif,コツブタケ
2525466,2525455,Pisolithus tinctorius (Pers.) Coker & Couch,db,コブクロタケ
2525466,2525455,Pisolithus tinctorius (Pers.) Coker & Couch,gbif,コツブタケ
2525469,2525455,Polysaccum pisocarpium Fr.,db,コブクロタケ
2525469,2525455,Polysaccum pisocarpium Fr.,gbif,コツブタケ
2525617,7787831,Gyrodon pseudolignicola (Neda) Har.Takah.,gbif,ザイモクイグチ
2525618,7787831,Pulveroboletus pseudolignicola Neda,gbif,ザイモクイグチ
2525619,8972210,Gyrodon lividus (Bull.) Fr.,db,ハンノキイグチ
2525710,2525710,Hygrophoropsis aurantiaca (Wulfen) Maire,db,ヒロハアンズタケ
2525710,2525710,Hygrophoropsis aurantiaca (Wulfen) Maire,gbif,ヒロハアンズタケ
2525896,2525896,Boninogaster phalloides Kobayasi,db,シンジュタケ
2525896,2525896,Boninogaster phalloides Kobayasi,gbif,シンジュタケ
2526221,5240306,Amanitopsis vaginata (Bull.) Roze,db,シロツルタケ
2526256,2526256,Hohenbuehelia petaloides (Bull.) Schulzer,gbif,ツチヒラタケ
2526296,2526296,Hohenbuehelia reniformis (G.Mey.) Singer,db,ヒメムキタケ
2526296,2526296,Hohenbuehelia reniformis (G.Mey.) Singer,gbif,ヒメムキタケ
2526414,2526413,Pleurotus griseus (Peck) Peck,db,ツメタケ
2526504,2526504,Pleurotus citrinopileatus Singer,gbif,タモギタケ
2526530,2526530,Pleurotus ostreatus (Jacq.) P.Kumm.,db,アワビタケ
2526530,2526530,Pleurotus ostreatus (Jacq.) P.Kumm.,gbif,ヒラタケ
2526548,2526548,Pleurotus pulmonarius (Fr.) Quél.,db,ウスヒラタケ
2526548,2526548,Pleurotus pulmonarius (Fr.) Quél.,gbif,ウスヒラタケ
2526556,2526556,Pleurotus cystidiosus O.K.Mill.,db,アワビタケ
2526556,2526556,Pleurotus cystidiosus O.K.Mill.,gbif,オオヒラタケ
2526563,2526556,"Pleurotus abalonus Y.H.Han, K.M.Chen & S.Cheng",db,アワビタケ
2526563,2526556,"Pleurotus abalonus Y.H.Han, K.M.Chen & S.Cheng",gbif,オオヒラタケ
2526564,2526564,Pleurotus dryinus (Pers.) P.Kumm.,db,ツバヒラタケ
2526564,2526564,Pleurotus dryinus (Pers.) P.Kumm.,gbif,ツバヒラタケ
2526599,2526599,Pleurotus djamor (Rumph. ex Fr.) Boedijn,db,トキイロヒラタケ
2526599,2526599,Pleurotus djamor (Rumph. ex Fr.) Boedijn,gbif,トキイロヒラタケ
2526602,2526599,Agaricus pacificus Berk.,db,トキイロヒラタケ
2526602,2526599,Agaricus pacificus Berk.,gbif,トキイロヒラタケ
2526614,2526599,Pleurotus salmoneostramineus Lj.N.Vassiljeva,db,トキイロヒラタケ
2526614,2526599,Pleurotus salmoneostramineus Lj.N.Vassiljeva,gbif,トキイロヒラタケ
2526649,2526649,Pleurotus cornucopiae (Paulet) Rolland,db,タモギタケ
2526698,2526698,Panaeolina foenisecii (Pers.) Maire,db,ヒメシバフタケ
2526725,2526725,Plicaturopsis crispa (Pers.) D.A.Reid,db,チヂレタケ
2526730,2526725,Trogia crispa (Pers.) Fr.,db,チヂレタケ
2526733,2526725,Plicatura crispa (Pers.) Rea,db,チヂレタケ
2526740,2526740,Panaeolus subbalteatus (Berk. & Broome) Sacc.,db,センボンサイギョウガサ
2526754,2526754,Panaeolus cinctulus (Bolton) Sacc.,gbif,センボンサイギョウガサ
2526814,2526823,Tectella operculata (Berk. & M.A.Curtis) Earle,db,ニセシジミタケ
2526814,2526823,Tectella operculata (Berk. & M.A.Curtis) Earle,gbif,ニセシジミタケ
2526823,2526823,Tectella patellaris (Fr.) Murrill,db,ニセシジミタケ
2526823,2526823,Tectella patellaris (Fr.) Murrill,gbif,ニセシジミタケ
2526838,2526838,Mycena crocata (Schrad.) P.Kumm.,db,アカチシオタケ
2526838,2526838,Mycena crocata (Schrad.) P.Kumm.,gbif,アカチシオタケ
2526843,2526843,Mycena filopes (Bull.) P.Kumm.,db,ニオイアシナガタケ
2526843,2526843,Mycena filopes (Bull.) P.Kumm.,gbif,ニオイアシナガタケ
2526861,2526861,Mycena acicula (Schaeff.) P.Kumm.,db,ベニカノアシタケ
2526866,2526866,Mycena stylobates (Pers.) P.Kumm.,db,キュウバンタケ
2526866,2526866,Mycena stylobates (Pers.) P.Kumm.,gbif,キュウバンタケ
2526880,2526880,Mycena galericulata (Scop.) Gray,db,オオアシナガタケ
2526880,2526880,Mycena galericulata (Scop.) Gray,gbif,クヌギタケ
2526942,2526942,Mycena haematopus (Pers.) P.Kumm.,db,チシオタケ
2526942,2526942,Mycena haematopus (Pers.) P.Kumm.,gbif,チシオタケ
2527063,2527063,Mycena vulgaris (Pers.) P.Kumm.,db,ハイイロナメアシタケ
2527063,2527063,Mycena vulgaris (Pers.) P.Kumm.,gbif,ハイイロナメアシタケ
2527126,2526843,Mycena amygdalina (Pers.) Singer,db,ニオイアシナガタケ
2527126,2526843,Mycena amygdalina (Pers.) Singer,gbif,ニオイアシナガタケ
2527135,2527135,Mycena sanguinolenta (Alb. & Schwein.) P.Kumm.,db,ヒメチシオタケ
2527135,2527135,Mycena sanguinolenta (Alb. & Schwein.) P.Kumm.,gbif,ヒメチシオタケ
2527145,2527145,Mycena viridimarginata P.Karst.,db,キアシクヌギタケ
2527145,2527145,Mycena viridimarginata P.Karst.,gbif,キアシクヌギタケ
2527148,4911751,Mycena citrinella (Pers.) P.Kumm.,db,ナメアシタケ
2527219,2527219,Mycena pura (Pers.) P.Kumm.,db,サクラタケ
2527219,2527219,Mycena pura (Pers.) P.Kumm.,gbif,サクラタケ
2527269,2527269,Xeromphalina tenuipes (Schwein.) A.H.Sm.,db,ビロードエノキタケ
2527278,2527269,Heimiomyces tenuipes (Schwein.) Singer,db,ビロードエノキタケ
2527282,2527282,Mycena picta (Fr.) Harmaja,db,アリノカサタケ
2527282,2527282,Mycena picta (Fr.) Harmaja,gbif,アリノカサタケ
2527291,8655572,Xeromphalina fellea Maire & Malençon,db,キチャホウライタケ
2527291,8655572,Xeromphalina fellea Maire & Malençon,gbif,キチャホウライタケ
2527302,2527302,Xeromphalina campanella (Batsch) Kühner & Maire,db,ヒメカバイロタケ
2527302,2527302,Xeromphalina campanella (Batsch) Kühner & Maire,gbif,ヒメカバイロタケ
2527328,2527328,Resinomycena japonica Redhead & Nagas.,db,ザラメタケ
2527364,2527364,Favolaschia nipponica Kobayasi,db,ニカワアナタケ
2527364,2527364,Favolaschia nipponica Kobayasi,gbif,ニカワアナタケ
2527423,2527423,Favolaschia peziziformis (Berk. & M.A.Curtis) Kuntze,db,エナシラッシタケ
2527423,2527423,Favolaschia peziziformis (Berk. & M.A.Curtis) Kuntze,gbif,エナシラッシタケ
2527474,8864284,Hemimycena delicatella (Peck) Singer,db,シラウメタケモドキ
2527474,8864284,Hemimycena delicatella (Peck) Singer,gbif,シラウメタケモドキ
2527593,11011338,Panellus serotinus (Pers.) Kühner,db,オソムキタケ（新称）
2527596,11011338,Hohenbuehelia serotina (Pers.) Singer,db,オソムキタケ（新称）
2527602,11011338,Pleurotus serotinus (Pers.) P.Kumm.,db,オソムキタケ（新称）
2527610,2527610,Panellus pusillus (Pers. ex Lév.) Burds. & O.K.Mill.,db,スズメタケ
2527610,2527610,Panellus pusillus (Pers. ex Lév.) Burds. & O.K.Mill.,gbif,スズメタケ
2527616,2527610,Dictyopanus rhipidium (Berk.) Pat.,db,スズメタケ
2527616,2527610,Dictyopanus rhipidium (Berk.) Pat.,gbif,スズメタケ
2527618,2527610,Dictyopanus gloeocystidiatus Corner,db,スズメタケ
2527618,2527610,Dictyopanus gloeocystidiatus Corner,gbif,スズメタケ
2527626,2527610,Panellus gloeocystidiatus (Corner) Corner,db,スズメタケ
2527626,2527610,Panellus gloeocystidiatus (Corner) Corner,gbif,スズメタケ
2527629,2527610,Dictyopanus pusillus (Pers. ex Lév.) Singer,db,スズメタケ
2527629,2527610,Dictyopanus pusillus (Pers. ex Lév.) Singer,gbif,スズメタケ
2527671,9118025,Lentinus stipticus (Bull.) J.Schröt.,db,ヒメカワキタケ
2527671,9118025,Lentinus stipticus (Bull.) J.Schröt.,gbif,ワサビタケ
2527711,2527711,Panellus ringens (Fr.) Romagn.,db,ミヤマヒメヒラタケ
2527736,2527736,Roridomyces roridus (Fr.) Rexer,gbif,ヌナワタケ
2527867,2527867,Inocybe hystrix (Fr.) P.Karst.,db,ササクレトマヤタケ
2527867,2527867,Inocybe hystrix (Fr.) P.Karst.,gbif,ササクレトマヤタケ
2527887,2527887,Inocybe calospora Quél.,db,アシボソトマヤタケ
2527887,2527887,Inocybe calospora Quél.,gbif,アシボソトマヤタケ
2527903,10894510,Inocybe maculata Boud.,gbif,シラゲアセタケ
2527952,2527952,Inocybe asterospora Quél.,db,カブラアセタケ
2527952,2527952,Inocybe asterospora Quél.,gbif,カブラアセタケ
2527971,2527971,Inocybe praetervisa Quél.,db,アセタケモドキ
2527971,2527971,Inocybe praetervisa Quél.,gbif,アセタケモドキ
2527971,2527971,Inocybe praetervisa Quél.,gbif,ニセアセタケ
2527987,2527987,Inocybe napipes J.E.Lange,db,コブミノアセタケ
2527987,2527987,Inocybe napipes J.E.Lange,gbif,コブミノアセタケ
2527989,10798878,Inocybe cookei Bres.,gbif,キヌハダトマヤタケ
2527992,2527992,Inocybe hirtella Bres.,db,ササクレキヌハダトマヤタケ
2527992,2527992,Inocybe hirtella Bres.,gbif,ササクレキヌハダトマヤタケ
2528019,2528019,Inocybe glabrodisca P.D.Orton,db,ミナカタトマヤタケ
2528019,2528019,Inocybe glabrodisca P.D.Orton,gbif,ミナカタトマヤタケ
2528022,2528022,Inocybe paludinella (Peck) Sacc.,db,キヌハダニセトマヤタケ
2528053,2528053,Inocybe dunensis P.D.Orton,db,ヘイカツトマヤタケ（小林孝人新称）
2528053,2528053,Inocybe dunensis P.D.Orton,gbif,スナヤマアセタケ
2528091,10846389,Inocybe rimosa (Bull.) P.Kumm.,gbif,オオキヌハダトマヤタケ
2528107,10846389,Inocybe fastigiata (Schaeff.) Quél.,gbif,オオキヌハダトマヤタケ
2528120,2528120,Inocybe umbratica Quél.,db,シロニセトマヤタケ
2528120,2528120,Inocybe umbratica Quél.,gbif,シロニセトマヤタケ
2528125,2528125,Inocybe grammata Quél.,db,センジョウトマヤタケ
2528128,2528128,Inocybe dulcamara (Pers.) P.Kumm.,db,ザラツキトマヤタケ
2528128,2528128,Inocybe dulcamara (Pers.) P.Kumm.,gbif,ザラツキトマヤタケ
2528135,2528135,Inocybe glabripes Ricken,db,コアセタケ
2528369,5240994,"Claudopus variabilis (Pers.) Fr., 1874",db,コナカブリ
2528369,5240994,"Claudopus variabilis (Pers.) Fr., 1874",gbif,コナカブリ
2528449,2528449,Flammulaster erinaceellus (Peck) Watling,gbif,ヒメスギタケ
2528485,2528449,Phaeomarasmius erinaceellus (Peck) Singer,gbif,ヒメスギタケ
2528572,2528572,Phaeocollybia festiva (Fr.) R.Heim,db,カワムラジンガサタケ
2528575,2528575,Phaeocollybia lugubris (Fr.) R.Heim,db,アカアシナガタケ
2528575,2528575,Phaeocollybia lugubris (Fr.) R.Heim,gbif,アカアシナガタケ
2528663,2528663,Cortinarius rubellus Cooke,db,ジンガサドクフウセンタケ
2528663,2528663,Cortinarius rubellus Cooke,gbif,ジンガサドクフウセンタケ
2528680,2528680,Cortinarius torvus (Fr.) Fr.,db,ツバムラサキフウセンタケ
2528680,2528680,Cortinarius torvus (Fr.) Fr.,gbif,ツバムラサキフウセンタケ
2528690,7476637,Cortinarius collinitus (Sow. ex Fr.) Fr.,db,ツバアブラシメジ
2528717,2528717,Cortinarius bovinus Fr.,db,サザナミツバフウセンタケ
2528717,2528717,Cortinarius bovinus Fr.,gbif,サザナミツバフウセンタケ
2528781,2528781,Cortinarius claricolor (Fr.) Fr.,db,オオツガタケ
2528784,8028942,Cortinarius cinnamomeus (L.) Fr.,db,ササタケ
2528785,8028942,Dermocybe cinnamomea (L.) M.M.Moser,db,ササタケ
2528788,2528788,Cortinarius cumatilis Fr.,db,ライラックフウセンタケ
2528816,2528816,Cortinarius livido-ochraceus (Berk.) Berk.,db,アブラシメジ
2528816,2528816,Cortinarius livido-ochraceus (Berk.) Berk.,gbif,アブラシメジ
2528818,2528818,Cortinarius elatior Fr.,db,カワムラアブラシメジ
2528820,7729510,Cortinarius sanguineus (Wulfen) Fr.,db,アカタケ
2528820,7729510,Cortinarius sanguineus (Wulfen) Fr.,gbif,アカタケ
2528888,12087710,Cortinarius bolaris (Pers.) Fr.,db,アカツブフウセンタケ
2528890,12054660,Cortinarius purpurascens Fr.,gbif,カワムラフウセンタケ
2528978,2528978,Cortinarius pseudosalor J.E.Lange,db,ムラサキズボタケ
2528978,2528978,Cortinarius pseudosalor J.E.Lange,gbif,ムラサキズボタケ
2528987,2528987,Cortinarius pholideus (Lilj.) Fr.,db,ササクレフウセンタケ
2528987,2528987,Cortinarius pholideus (Lilj.) Fr.,gbif,ササクレフウセンタケ
2529014,2529014,Cortinarius trivialis J.E.Lange,db,マムシフウセンタケ
2529014,2529014,Cortinarius trivialis J.E.Lange,gbif,マムシフウセンタケ
2529040,2529040,Cortinarius violaceus (L.) Gray,db,ミヤマムラサキフウセンタケ
2529052,7379140,Cortinarius praestans Cordier,db,ムレオオフウセンタケ
2529063,2529062,Dermocybe cinnabarina (Fr.) Wünsche,db,ショウジョウタケ
2529063,2529062,Dermocybe cinnabarina (Fr.) Wünsche,gbif,ショウジョウタケ
2529066,2529066,Cortinarius saturninus (Fr.) Fr.,db,フタイロニセフウセンタケ
2529066,2529066,Cortinarius saturninus (Fr.) Fr.,gbif,フタイロニセフウセンタケ
2529094,2529094,Cortinarius cyanites Fr.,db,アイカシワギタケ
2529113,2529113,Cortinarius traganus (Fr.) Fr.,db,オオウスムラサキフウセンタケ
2529113,2529113,Cortinarius traganus (Fr.) Fr.,gbif,オオウスムラサキフウセンタケ
2529130,2529130,Cortinarius obtusus (Fr.) Fr.,db,サザナミニセフウセンタケ
2529150,2529150,Cortinarius bibulus Quél.,db,ヒメムラサキフウセンタケ
2529150,2529150,Cortinarius bibulus Quél.,gbif,ヒメムラサキフウセンタケ
2529178,2529178,Cortinarius hemitrichus (Pers.) Fr.,db,シラガツバフウセンタケ
2529178,2529178,Cortinarius hemitrichus (Pers.) Fr.,gbif,シラガツバフウセンタケ
2529248,2529248,Cortinarius salor Fr.,db,ムラサキアブラシメジモドキ
2529248,2529248,Cortinarius salor Fr.,gbif,ムラサキアブラシメジモドキ
2529248,2529248,Cortinarius salor Fr.,gbif,紫油占地擬
2529278,2529278,Cortinarius hinnuleus Fr.,db,キツバフウセンタケ
2529327,2529327,Cortinarius semisanguineus (Fr.) Gillet,db,アカヒダササタケ
2529328,2529327,Dermocybe semisanguinea (Fr.) M.M.Moser,db,アカヒダササタケ
2529369,2529369,Cortinarius scandens Fr.,db,カブニセフウセンタケ
2529369,2529369,Cortinarius scandens Fr.,gbif,カブニセフウセンタケ
2529415,2529415,Cortinarius caperatus (Pers.) Fr.,db,ショウウンジ
2529415,2529415,Cortinarius caperatus (Pers.) Fr.,gbif,ショウゲンジ
2529416,2529415,Pholiota caperata (Pers.) Gillet,db,ショウウンジ
2529416,2529415,Pholiota caperata (Pers.) Gillet,gbif,ショウゲンジ
2529420,2529415,Rozites caperatus (Pers.) P.Karst.,db,ショウウンジ
2529420,2529415,Rozites caperatus (Pers.) P.Karst.,gbif,ショウゲンジ
2529421,2529421,Cortinarius anomalus (Fr.) Fr.,db,マルミノフウセンタケ
2529421,2529421,Cortinarius anomalus (Fr.) Fr.,gbif,マルミノフウセンタケ
2529426,2529421,Cortinarius azureus Fr.,db,マルミノフウセンタケ
2529426,2529421,Cortinarius azureus Fr.,gbif,マルミノフウセンタケ
2529468,2529468,Cortinarius variicolor (Pers.) Fr.,db,フジイロタケモドキ
2529494,2529494,Cortinarius mucosus (Bull.) J.Kickx f.,db,アブラシメジモドキ
2529517,2529517,Cortinarius duracinus Fr.,db,ニセフウセンタケ
2529517,2529517,Cortinarius duracinus Fr.,gbif,ニセフウセンタケ
2529520,2529520,Cortinarius largus Fr.,db,フジイロタケ
2529541,2529541,Hemistropharia albocrenulata (Peck) Jacobsson & E.Larss.,gbif,シブイロスギタケ
2529544,2529541,Pholiota albocrenulata (Peck) Sacc.,gbif,シブイロスギタケ
2529632,2529632,Bolbitius coprophilus (Peck) Hongo,db,オキナタケ
2529632,2529632,Bolbitius coprophilus (Peck) Hongo,gbif,オキナタケ
2529781,2529781,Conocybe fragilis (Peck) Singer,db,ハタケコガサ
2529781,2529781,Conocybe fragilis (Peck) Singer,gbif,ハタケコガサ
2529785,7391760,"Conocybe tenera (Schaeff.) Fayod, 1889",db,コガサタケ
2529810,2529810,Conocybe arrhenii (Fr.) Kits van Wav.,db,ツチイチメガサ
2529917,2529917,Conocybe subovalis Kühner & Watling,db,ヒロハコガサ
2529917,2529917,Conocybe subovalis Kühner & Watling,gbif,ヒロハコガサ
2529964,7632388,Conocybe antipus (Lasch) Fayod,db,ネナガコガサタケ
2530577,2530577,Ossicaulis lignatilis (Pers.) Redhead & Ginns,db,ヒメシロタモギタケ
2530577,2530577,Ossicaulis lignatilis (Pers.) Redhead & Ginns,gbif,ヒメシロタモギタケ
2530584,2530577,Clitocybe lignatilis (Pers.) P.Karst.,db,ヒメシロタモギタケ
2530584,2530577,Clitocybe lignatilis (Pers.) P.Karst.,gbif,ヒメシロタモギタケ
2530598,2530598,Termitomyces clypeatus R.Heim,db,トガリアリヅカタケ
2530598,2530598,Termitomyces clypeatus R.Heim,gbif,トガリアリヅカタケ
2530646,9113338,Lyophyllum ulmarium (Bull.) Kühner,db,シロタモギタケ
2530646,9113338,Lyophyllum ulmarium (Bull.) Kühner,gbif,シロタモギタケ
2530653,2530653,Hypsizygus marmoreus (Peck) H.E.Bigelow,db,ブナシメジ
2530653,2530653,Hypsizygus marmoreus (Peck) H.E.Bigelow,gbif,ブナシメジ
2530662,9173236,Lyophyllum fumosum (Pers.) P.D.Orton,db,ハタケシメジ
2530662,9173236,Lyophyllum fumosum (Pers.) P.D.Orton,gbif,ハタケシメジ
2530696,8189348,Lyophyllum connatum (Schumach.) Singer,gbif,オシロイシメジ
2530699,8189348,Clitocybe connata (Schumach.) Gillet,gbif,オシロイシメジ
2530738,7390219,Lyophyllum semitale (Fr.) Kühner ex Kalamees,db,スミゾメシメジ
2530742,2530742,Lyophyllum shimeji (Kawam.) Hongo,db,ホンシメジ
2530742,2530742,Lyophyllum shimeji (Kawam.) Hongo,gbif,ホンシメジ
2530763,2530763,Tephrocybe anthracophila (Lasch) P.D.Orton,db,ヤケノシメジ
2530764,2530763,Lyophyllum anthracophilum (Lasch) M.Lange & Sivertsen,db,ヤケノシメジ
2530773,2530763,Tephrocybe carbonaria (Velen.) Donk,db,ヤケノシメジ
2530896,9210867,Nyctalis asterophora Fr.,db,ヤグラタケ
2530898,9210867,Nyctalis lycoperdoides (Bull.) Konrad & Maubl.,db,ヤグラタケ
2530904,2530904,Hydnangium carneum Wallr.,db,コイシタケ
2530920,2530920,Laccaria ohiensis (Mont.) Singer,db,キツネタケモドキ
2530920,2530920,Laccaria ohiensis (Mont.) Singer,gbif,キツネタケモドキ
2530926,2530926,Laccaria laccata (Scop.) Cooke,db,キツネタケ
2530938,2530926,Laccaria amethystea (Bull.) Murrill,db,キツネタケ
2530953,2530926,Camarophyllus laccatus (Scop.) P.Karst.,db,キツネタケ
2530973,2530973,Laccaria bicolor (Maire) P.D.Orton,db,オオキツネタケ
2530973,2530973,Laccaria bicolor (Maire) P.D.Orton,gbif,オオキツネタケ
2530983,2530983,Laccaria amethystina Cooke,db,ウラムラサキ
2530983,2530983,Laccaria amethystina Cooke,gbif,ウラムラサキ
2530991,2530991,Laccaria tortilis (Bolton) Cooke,db,ヒメキツネタケモドキ
2530991,2530991,Laccaria tortilis (Bolton) Cooke,gbif,ヒメキツネタケモドキ
2530992,2530991,Clitocybe tortilis (Bolton) Gillet,db,ヒメキツネタケモドキ
2530992,2530991,Clitocybe tortilis (Bolton) Gillet,gbif,ヒメキツネタケモドキ
2531012,2531012,Fistulina hepatica (Schaeff.) With.,db,カンゾウタケ
2531012,2531012,Fistulina hepatica (Schaeff.) With.,gbif,カンゾウタケ
2531034,2531034,Porodisculus pendulus (Schwein.) Schwein.,db,ヌルデタケ
2531038,7844383,Cyphella pendula Fr.,db,ヌルデタケ
2531038,7844383,Cyphella pendula Fr.,gbif,ヌルデタケ
2531048,2531048,Clitocybe catinus (Fr.) Quél.,db,コシロイヌシメジ
2531072,2531072,Clitocybe nebularis (Batsch) P.Kumm.,db,ハイイロシメジ
2531072,2531072,Clitocybe nebularis (Batsch) P.Kumm.,gbif,ハイイロシメジ
2531088,2531088,Clitocybe fragrans (With.) P.Kumm.,db,コカブイヌシメジ
2531088,2531088,Clitocybe fragrans (With.) P.Kumm.,gbif,コカブイヌシメジ
2531088,2531088,Clitocybe fragrans (With.) P.Kumm.,gbif,ヒカゲシロイヌシメジ
2531124,2531124,Clitocybe odora (Bull.) P.Kumm.,db,アオイヌシメジ
2531137,2531124,Clitocybe viridis (Huds.) Gillet,db,アオイヌシメジ
2531144,2531146,Clitocybe gibba (Pers.) P.Kumm.,db,カヤタケ
2531144,2531146,Clitocybe gibba (Pers.) P.Kumm.,gbif,カヤタケ
2531146,2531146,Infundibulicybe gibba (Pers.) Harmaja,db,カヤタケ
2531146,2531146,Infundibulicybe gibba (Pers.) Harmaja,gbif,カヤタケ
2531191,2531191,Clitocybe robusta Peck,db,シロノハイイロシメジ
2531191,2531191,Clitocybe robusta Peck,gbif,シロノハイイロシメジ
2531198,2531198,Clitocybe hydrogramma (Bull.) P.Kumm.,db,シロサカズキタケ
2531198,2531198,Clitocybe hydrogramma (Bull.) P.Kumm.,gbif,シロサカズキタケ
2531310,2531310,Tricholosporum porphyrophyllum (S.Imai) Guzmán ex T.J.Baroni,db,イヌムラサキシメジ
2531310,2531310,Tricholosporum porphyrophyllum (S.Imai) Guzmán ex T.J.Baroni,gbif,ウラムラサキシメジ
2531324,2531324,Pseudoclitocybe obbata (Fr.) Singer,db,クロサカズキタケ
2531324,2531324,Pseudoclitocybe obbata (Fr.) Singer,gbif,クロサカズキタケ
2531337,9095397,Clitocybe cyathiformis (Bull.) P.Kumm.,db,クロサカズキシメジ
2531337,9095397,Clitocybe cyathiformis (Bull.) P.Kumm.,gbif,クロサカズキシメジ
2531418,5241764,Armillaria caligata (Viv.) Gillet,gbif,オウシュウマツタケ
2531570,2531570,"Leucopholiota decorosa (Peck) O.K.Mill., T.J.Volk & Bessette",db,ツノシメジ
2531570,2531570,"Leucopholiota decorosa (Peck) O.K.Mill., T.J.Volk & Bessette",gbif,ツノシメジ
2531579,2531579,Ripartites tricholoma (Alb. & Schwein.) P.Karst.,db,シロクモノスタケ
2531579,2531579,Ripartites tricholoma (Alb. & Schwein.) P.Karst.,gbif,シロクモノスタケ
2531616,2531616,Squamanita umbonata (Sumst.) Bas,db,カブラマツタケ
2531616,2531616,Squamanita umbonata (Sumst.) Bas,gbif,カブラマツタケ
2531625,2531625,Phyllotopsis nidulans (Pers.) Singer,db,ウスベニクワタケ
2531625,2531625,Phyllotopsis nidulans (Pers.) Singer,gbif,キヒラタケ
2531627,2531625,Pleurotus nidulans (Pers.) P.Kumm.,db,ウスベニクワタケ
2531627,2531625,Pleurotus nidulans (Pers.) P.Kumm.,gbif,キヒラタケ
2531673,2531673,Macrocybe spectabilis (Peerally & Sutra) Pegler & Lodge,db,ニオウシメジ
2531680,2531680,Macrocybe gigantea (Massee) Pegler & Lodge,gbif,ニオウシメジ
2531724,2531724,Catathelasma ventricosum (Peck) Singer,db,モミタケ
2531724,2531724,Catathelasma ventricosum (Peck) Singer,gbif,モミタケ
2531729,2531729,Catathelasma imperiale (P.Karst.) Singer,db,オオモミタケ
2531729,2531729,Catathelasma imperiale (P.Karst.) Singer,gbif,オオモミタケ
2531735,2531735,Delicatula integrella (Pers.) Fayod,gbif,ヒメシロウテナタケ
2531814,2531814,Tricholomopsis rutilans (Schaeff.) Singer,db,サマツモドキ
2531814,2531814,Tricholomopsis rutilans (Schaeff.) Singer,gbif,サマツモドキ
2532068,2532068,Callistosporium luteo-olivaceum (Berk. & M.A.Curtis) Singer,db,ヒメキシメジ
2532068,2532068,Callistosporium luteo-olivaceum (Berk. & M.A.Curtis) Singer,gbif,ヒメキシメジ
2532103,9186073,Clitocybe geotropa (Bull.) Quél.,db,オオイヌシメジ
2532103,9186073,Clitocybe geotropa (Bull.) Quél.,gbif,オオイヌシメジ
2532179,2532179,Resupinatus trichotis (Pers.) Singer,db,クロゲシジミタケ
2532179,2532179,Resupinatus trichotis (Pers.) Singer,gbif,クロゲシジミタケ
2532184,2532179,Resupinatus rhacodium (Berk. & M.A.Curtis) Singer,db,クロゲシジミタケ
2532184,2532179,Resupinatus rhacodium (Berk. & M.A.Curtis) Singer,gbif,クロゲシジミタケ
2532215,2532215,Resupinatus applicatus (Batsch) Gray,db,アクゲシジミタケ
2532215,2532215,Resupinatus applicatus (Batsch) Gray,gbif,シジミタケ
2532222,2532215,Pleurotus applicatus (Batsch) P.Kumm.,db,アクゲシジミタケ
2532222,2532215,Pleurotus applicatus (Batsch) P.Kumm.,gbif,シジミタケ
2532226,2532226,Resupinatus merulioides Redhead & Nagas.,gbif,チャチヂミタケ
2532395,2532395,Cantharellula umbonata (J.F.Gmel.) Singer,db,ハイイロサカズキタケ
2532395,2532395,Cantharellula umbonata (J.F.Gmel.) Singer,gbif,ハイイロサカズキタケ
2532436,2532436,Collybia cookei (Bres.) J.D.Arnold,db,タマツキカレハタケ
2532436,2532436,Collybia cookei (Bres.) J.D.Arnold,gbif,タマツキカレバタケ
2532472,2532472,Collybia tuberosa (Bull.) P.Kumm.,db,ヤグラタケモドキ
2532472,2532472,Collybia tuberosa (Bull.) P.Kumm.,gbif,ヤグラタケモドキ
2532719,2532720,Leucopaxillus giganteus (Sowerby) Singer,gbif,オオイチョウタケ
2532720,2532720,Aspropaxillus giganteus (Sowerby) Kühner & Maire,gbif,オオイチョウタケ
2532835,2532835,"Arrhenia epichysium (Pers.) Redhead, Lutzoni, Moncalvo & Vilgalys",db,ヒダサカズキタケ
2532835,2532835,"Arrhenia epichysium (Pers.) Redhead, Lutzoni, Moncalvo & Vilgalys",gbif,ヒダサカズキタケ
2532903,2532903,Gloeostereum incarnatum S.Ito & S.Imai,db,ニカワウロコタケ
2532903,2532903,Gloeostereum incarnatum S.Ito & S.Imai,gbif,ニカワウロコタケ
2532931,2532931,Granulobasidium vellereum (Ellis & Cragin) Jülich,db,ワタゲオオコウヤクタケ
2532931,2532931,Granulobasidium vellereum (Ellis & Cragin) Jülich,gbif,ワタゲオオコウヤクタケ
2532944,2532944,Chondrostereum purpureum (Pers.) Pouzar,db,ムラサキウロコタケ
2532944,2532944,Chondrostereum purpureum (Pers.) Pouzar,gbif,ムラサキウロコタケ
2532947,2532944,Stereum rugosiusculum Berk. & M.A.Curtis,db,ムラサキウロコタケ
2532947,2532944,Stereum rugosiusculum Berk. & M.A.Curtis,gbif,ムラサキウロコタケ
2532949,2532944,Stereum nipponicum Lloyd,db,ムラサキウロコタケ
2532949,2532944,Stereum nipponicum Lloyd,gbif,ムラサキウロコタケ
2532959,2532944,Stereum purpureum Pers.,db,ムラサキウロコタケ
2532959,2532944,Stereum purpureum Pers.,gbif,ムラサキウロコタケ
2533034,2533034,Hebeloma sacchariolens Quél.,db,ヒメワカフサタケ
2533034,2533034,Hebeloma sacchariolens Quél.,gbif,ヒメワカフサタケ
2533043,2533043,Hebeloma crustuliniforme (Bull.) Quél.,db,オオワカフサタケ
2533043,2533043,Hebeloma crustuliniforme (Bull.) Quél.,gbif,オオワカフサタケ
2533054,2533054,Hebeloma vinosophyllum Hongo,db,アカヒダワカフサタケ
2533054,2533054,Hebeloma vinosophyllum Hongo,gbif,アカヒダワカフサタケ
2533062,2533062,Hebeloma mesophaeum (Pers.) Quél.,db,ワカフサタケ
2533062,2533062,Hebeloma mesophaeum (Pers.) Quél.,gbif,ワカフサタケ
2533079,2533079,Hebeloma radicosum (Bull.) Ricken,db,ナガエノスギタケ
2533079,2533079,Hebeloma radicosum (Bull.) Ricken,gbif,ナガエノスギタケ
2533170,2533170,Agrocybe arvalis (Fr.) Singer,db,タマムクエタケ
2533175,9050242,Agrocybe semiorbicularis (Bull.) Fayod,db,ハタケキノコ
2533175,9050242,Agrocybe semiorbicularis (Bull.) Fayod,gbif,ハタケキノコ
2533192,8191641,Pholiota erebia (Fr.) Gillet,gbif,ツチナメコ
2533193,8138987,Agrocybe cylindracea (DC.) Maire,gbif,ヤナギマツタケ
2533193,8138987,Agrocybe cylindracea (DC.) Maire,gbif,柳松茸
2533222,8997022,Pholiota praecox (Pers.) P.Kumm.,db,フミヅキタケ
2533222,8997022,Pholiota praecox (Pers.) P.Kumm.,gbif,フミヅキタケ
2533227,2533227,Agrocybe paludosa (J.E.Lange) Kühner & Romagn. ex Bon,db,コフミヅキタケ
2533306,8259749,Stropharia semiglobata (Batsch) Quél.,gbif,キバフンタケ
2533306,8259749,Stropharia semiglobata (Batsch) Quél.,gbif,シコンマンジュウガサ
2533347,2533347,Stropharia rugosoannulata Farl. ex Murrill,db,キサケツバタケ
2533347,2533347,Stropharia rugosoannulata Farl. ex Murrill,gbif,サケツバタケ
2533359,2533359,Stropharia aeruginosa (Curtis) Quél.,db,モエギタケ
2533359,2533359,Stropharia aeruginosa (Curtis) Quél.,gbif,モエギタケ
2533365,2533365,Stropharia hornemannii (Fr.) S.Lundell & Nannf.,db,ツヅレタケ
2533365,2533365,Stropharia hornemannii (Fr.) S.Lundell & Nannf.,gbif,ツヅレタケ
2533409,2533409,Hypholoma marginatum J.Schröt.,db,アシボソクリタケ
2533409,2533409,Hypholoma marginatum J.Schröt.,gbif,アシボソクリタケ
2533422,2533424,Naematoloma sublateritium (Fr.) P.Karst.,gbif,クリタケ
2533424,2533424,Hypholoma lateritium (Schaeff.) P.Kumm.,gbif,クリタケ
2533439,2533439,Hypholoma capnoides (Fr.) P.Kumm.,db,クリタケモドキ
2533439,2533439,Hypholoma capnoides (Fr.) P.Kumm.,gbif,クリタケモドキ
2533443,2533439,Naematoloma capnoides (Fr.) P.Karst.,db,クリタケモドキ
2533443,2533439,Naematoloma capnoides (Fr.) P.Karst.,gbif,クリタケモドキ
2533477,2533475,Naematoloma dispersum (Quél.) P.Karst.,db,アシボソクリタケ
2533669,2533669,Gymnopilus sapineus (Fr.) Murrill,gbif,キツムタケ
2533674,2533674,Gymnopilus junonius (Fr.) P.D.Orton,gbif,オオワライタケ
2533677,2533677,Gymnopilus spectabilis (Fr.) Singer,db,オオワライタケ
2533681,2533674,Pholiota spectabilis (Weinm.) P.Kumm.,gbif,オオワライタケ
2533692,2533692,Gymnopilus penetrans (Fr.) Murrill,db,キツムタケ
2533692,2533692,Gymnopilus penetrans (Fr.) Murrill,gbif,キツムタケ
2533711,2533711,Gymnopilus aeruginosus (Peck) Singer,db,ミドリスギタケ
2533711,2533711,Gymnopilus aeruginosus (Peck) Singer,gbif,ミドリスギタケ
2533712,2533711,Pholiota aeruginosa Peck,db,ミドリスギタケ
2533712,2533711,Pholiota aeruginosa Peck,gbif,ミドリスギタケ
2533721,2533721,Gymnopilus liquiritiae (Pers.) P.Karst.,db,チャツムタケ
2533726,2533726,Gymnopilus picreus (Pers.) P.Karst.,gbif,チャツムタケ
2533730,2533730,Gymnopilus dilepis (Berk. & Broome) Singer,gbif,ムラサキチャツムタケ
2533783,2533783,Galerina vittiformis (Fr.) Singer,db,ケコガサ
2533783,2533783,Galerina vittiformis (Fr.) Singer,gbif,ケコガサタケ
2533833,2533833,Galerina heterocystis (G.F.Atk.) A.H.Sm. & Singer,db,フユノコガサ
2533833,2533833,Galerina heterocystis (G.F.Atk.) A.H.Sm. & Singer,gbif,フユノコガサ
2533835,2533835,Galerina subcerina A.H.Sm. & Singer,db,ヒメコガサ
2533835,2533835,Galerina subcerina A.H.Sm. & Singer,gbif,ヒメコガサ
2533854,8118872,Galerina autumnalis (Peck) A.H.Sm. & Singer,db,ヒメアジロガサ
2533854,8118872,Galerina autumnalis (Peck) A.H.Sm. & Singer,gbif,ヒメアジロガサ
2533865,2533865,Galerina tibiicystis (G.F.Atk.) Kühner,db,ミズゴケタケ
2533865,2533865,Galerina tibiicystis (G.F.Atk.) Kühner,gbif,ミズゴケタケ
2533908,2533908,Galerina nana (Petri) Kühner,db,ヒナコガサ
2533908,2533908,Galerina nana (Petri) Kühner,gbif,ヒナコガサ
2533962,2533962,Kuehneromyces mutabilis (Schaeff.) Singer & A.H.Sm.,db,センボンイチメガサ
2533962,2533962,Kuehneromyces mutabilis (Schaeff.) Singer & A.H.Sm.,gbif,センボンイチメガサ
2533963,2533962,Pholiota mutabilis (Schaeff.) P.Kumm.,db,センボンイチメガサ
2533963,2533962,Pholiota mutabilis (Schaeff.) P.Kumm.,gbif,センボンイチメガサ
2533972,2533974,Kuehneromyces lignicola (Peck) Redhead,db,ヒメアジロタケモドキ
2534085,2534085,Pholiota adiposa (Batsch) P.Kumm.,db,ヌメリスギタケ
2534085,2534085,Pholiota adiposa (Batsch) P.Kumm.,gbif,ヌメリスギタケ
2534102,2534102,Pholiota aurivella (Batsch) P.Kumm.,db,ヌメリスギタケモドキ
2534111,2534102,Pholiota cerifera (P.Karst.) P.Karst.,db,ヌメリスギタケモドキ
2534112,2534112,Pholiota lubrica (Pers.) Singer,db,チャナメツムタケ
2534112,2534112,Pholiota lubrica (Pers.) Singer,gbif,チャナメツムタケ
2534121,2534121,Pholiota malicola (Kauffman) A.H.Sm.,db,カオリツムタケ
2534131,12203150,Pholiota astragalina (Fr.) Singer,gbif,アカツムタケ
2534161,2534161,Pholiota populnea (Pers.) Kuyper & Tjall.-Beuk.,db,キッコウスギタケ
2534169,2534161,Pholiota destruens (Brond.) Gillet,db,キッコウスギタケ
2534175,2534175,Pholiota flammans (Batsch) P.Kumm.,db,ハナガサタケ
2534175,2534175,Pholiota flammans (Batsch) P.Kumm.,gbif,ハナガサタケ
2534187,9091857,Gymnopilus lentus (Pers.) Murrill,db,シロナメツムタケ
2534187,9091857,Gymnopilus lentus (Pers.) Murrill,gbif,シロナメツムタケ
2534205,2534205,Pholiota squarrosa (Vahl) P.Kumm.,db,スギタケ
2534205,2534205,Pholiota squarrosa (Vahl) P.Kumm.,gbif,スギタケ
2534267,2534267,Pholiota limonella (Peck) Sacc.,db,コヌメリスギタケ
2534267,2534267,Pholiota limonella (Peck) Sacc.,gbif,コヌメリスギタケ
2534274,9109424,Gymnopilus spumosus (Fr.) Murrill,db,キナメツムタケ
2534274,9109424,Gymnopilus spumosus (Fr.) Murrill,gbif,キナメツムタケ
2534290,2534290,Pholiota nameko (T.Itô) S.Ito & S.Imai,db,ナメコ
2534320,5242712,Coprinus phlyctidosporus Romagn.,db,ザラミノヒトヨタケ
2534320,5242712,Coprinus phlyctidosporus Romagn.,gbif,ザラミノヒトヨタケ
2534332,5242717,Coprinus stercoreus Fr.,db,トフンヒトヨタケ
2534332,5242717,Coprinus stercoreus Fr.,gbif,トフンヒトヨタケ
2534357,5242729,Coprinus friesii Quél.,db,ヒメヒトヨタケ
2534357,5242729,Coprinus friesii Quél.,gbif,ヒメヒトヨタケ
2534388,5242740,Coprinus atramentarius (Bull.) Fr.,db,ヒトヨタケ
2534388,5242740,Coprinus atramentarius (Bull.) Fr.,gbif,ヒトヨタケ
2534413,8945216,Coprinus lagopus (Fr.) Fr.,gbif,ザラエノヒトヨタケ
2534418,5242752,Coprinus kimurae Hongo & Aoki,db,マルミノヒトヨタケ
2534418,5242752,Coprinus kimurae Hongo & Aoki,gbif,マルミノヒトヨタケ
2534424,5242754,Coprinus cinereus (Schaeff.) Gray,db,ウシグソヒトヨタケ
2534424,5242754,Coprinus cinereus (Schaeff.) Gray,gbif,ウシグソヒトヨタケ
2534430,5242754,Coprinus macrorhizus (Pers.) Rea,db,ウシグソヒトヨタケ
2534430,5242754,Coprinus macrorhizus (Pers.) Rea,gbif,ウシグソヒトヨタケ
2534448,5242763,Coprinus radiatus (Bolton) Gray,db,ネナガノヒトヨタケ
2534448,5242763,Coprinus radiatus (Bolton) Gray,gbif,ネナガノヒトヨタケ
2534481,5242776,Coprinus insignis Peck,gbif,ミヤマザラミノヒトヨタケ
2534487,5242778,Coprinus acuminatus (Romagn.) P.D.Orton,db,アシボソヒトヨタケ
2534487,5242778,Coprinus acuminatus (Romagn.) P.D.Orton,gbif,アシボソヒトヨタケ
2534487,5242778,Coprinus acuminatus (Romagn.) P.D.Orton,gbif,トガリヒトヨタケ
2534522,2534522,"Parasola plicatilis (Curtis) Redhead, Vilgalys & Hopple",db,ヒメヒガサヒトヨ
2534522,2534522,"Parasola plicatilis (Curtis) Redhead, Vilgalys & Hopple",gbif,ヒメヒガサヒトヨタケ
2534524,2534522,Coprinus plicatilis (Curtis) Fr.,db,ヒメヒガサヒトヨ
2534524,2534522,Coprinus plicatilis (Curtis) Fr.,gbif,ヒメヒガサヒトヨタケ
2534537,2534537,"Parasola auricoma (Pat.) Redhead, Vilgalys & Hopple",db,オオカバイロヒトヨタケ
2534537,2534537,"Parasola auricoma (Pat.) Redhead, Vilgalys & Hopple",gbif,オオカバイロヒトヨタケ
2534546,2534546,"Parasola leiocephala (P.D.Orton) Redhead, Vilgalys & Hopple",db,コツブヒメヒガサヒトヨ
2534548,2534546,Coprinus leiocephalus P.D.Orton,db,コツブヒメヒガサヒトヨ
2534577,2534575,Coprinus flocculosus (DC.) Fr.,db,ヤケノワタヒトヨ
2534577,2534575,Coprinus flocculosus (DC.) Fr.,gbif,ヤケノワタヒトヨ
2534577,2534575,Coprinus flocculosus (DC.) Fr.,gbif,ワタヒトヨタケ
2534578,2534578,"Coprinellus micaceus (Bull.) Vilgalys, Hopple & Jacq.Johnson",db,キララタケ
2534578,2534578,"Coprinellus micaceus (Bull.) Vilgalys, Hopple & Jacq.Johnson",gbif,キララタケ
2534583,2534583,"Coprinellus xanthothrix (Romagn.) Vilgalys, Hopple & Jacq.Johnson",gbif,コキララダマシ
2534604,2534604,"Coprinellus domesticus (Bolton) Vilgalys, Hopple & Jacq.Johnson",gbif,コキララタケ
2534625,2534625,Coprinellus disseminatus (Pers.) J.E.Lange,db,イヌセンボンタケ
2534625,2534625,Coprinellus disseminatus (Pers.) J.E.Lange,gbif,イヌセンボンタケ
2534626,2534625,Psathyrella disseminata (Pers.) Quél.,db,イヌセンボンタケ
2534626,2534625,Psathyrella disseminata (Pers.) Quél.,gbif,イヌセンボンタケ
2534629,2534625,Coprinus disseminatus (Pers.) Gray,db,イヌセンボンタケ
2534629,2534625,Coprinus disseminatus (Pers.) Gray,gbif,イヌセンボンタケ
2534651,2534651,"Coprinellus radians (Desm.) Vilgalys, Hopple & Jacq.Johnson",db,コキララタケ
2534666,2534666,Cystoagaricus strobilomyces (Murrill) Singer,db,クロヒメオニタケ
2534666,2534666,Cystoagaricus strobilomyces (Murrill) Singer,gbif,クロヒメオニタケ
2534698,5242798,Psathyrella velutina (Pers.) Singer,db,ムジナタケ
2534698,5242798,Psathyrella velutina (Pers.) Singer,gbif,ムジナタケ
2534699,5242798,Hypholoma velutinum (Pers.) P.Kumm.,db,ムジナタケ
2534699,5242798,Hypholoma velutinum (Pers.) P.Kumm.,gbif,ムジナタケ
2534773,2534773,Psathyrella ammophila (Durieu & Lév.) P.D.Orton,db,スナジクズタケ
2534773,2534773,Psathyrella ammophila (Durieu & Lév.) P.D.Orton,gbif,スナジクズタケ
2534798,2534798,Psathyrella olympiana A.H.Sm.,db,ヒカゲイタチタケ
2534798,2534798,Psathyrella olympiana A.H.Sm.,gbif,ヒカゲイタチタケ
2534804,2534804,Psathyrella corrugis (Pers.) Konrad & Maubl.,db,ナヨタケモドキ
2534804,2534804,Psathyrella corrugis (Pers.) Konrad & Maubl.,gbif,ナヨタケ
2534820,2534804,Psathyrella caudata (Fr.) Quél.,db,ナヨタケモドキ
2534820,2534804,Psathyrella caudata (Fr.) Quél.,gbif,ナヨタケ
2534827,2534827,Psathyrella spintrigera (Fr.) Konrad & Maubl.,db,ミヤマイタチタケ
2534827,2534827,Psathyrella spintrigera (Fr.) Konrad & Maubl.,gbif,ミヤマイタチタケ
2534836,2534836,Psathyrella piluliformis (Bull.) P.D.Orton,db,ムササビタケ
2534836,2534836,Psathyrella piluliformis (Bull.) P.D.Orton,gbif,ムササビタケ
2534866,12008655,Hypholoma appendiculatum (Bull.) Quél.,gbif,イタチタケ
2535021,2535021,Psathyrella spadiceogrisea (Schaeff.) Maire,db,アシナガイタチタケ
2535021,2535021,Psathyrella spadiceogrisea (Schaeff.) Maire,gbif,アシナガイタチタケ
2535061,2535061,Psathyrella pennata (Fr.) A.Pearson & Dennis,db,ヤケノヒメイタチタケ
2535073,2534804,Psathyrella gracilis (Fr.) Quél.,db,ナヨタケモドキ
2535073,2534804,Psathyrella gracilis (Fr.) Quél.,gbif,ナヨタケ
2535077,2534804,Hypholoma gracile (Fr.) Hongo & Izawa,db,ナヨタケモドキ
2535077,2534804,Hypholoma gracile (Fr.) Hongo & Izawa,gbif,ナヨタケ
2535150,2535150,Cystodermella cinnabarina (Alb. & Schwein.) Harmaja,db,チャヒメオニタケ
2535150,2535150,Cystodermella cinnabarina (Alb. & Schwein.) Harmaja,gbif,チャヒメオニタケ
2535193,2535193,Bovista plumbea Pers.,db,シバフダンゴタケ
2535193,2535193,Bovista plumbea Pers.,gbif,シバフダンゴタケ
2535220,2535220,Bovista aestivalis (Bonord.) Demoulin,db,タマネギチャブクロタケ
2535238,2535237,Panaeolina rhombisperma Hongo,db,ヒシノミシバフタケ
2535253,2535253,Phaeolepiota aurea (Matt.) Maire,db,キナコタケ
2535310,2535310,Lepiota castanea Quél.,db,クリイロカラカサタケ
2535310,2535310,Lepiota castanea Quél.,gbif,クリイロカラカサタケ
2535314,2535314,Lepiota micropholis (Berk. & Broome) Sacc.,db,ゴマキツネガサ
2535314,2535314,Lepiota micropholis (Berk. & Broome) Sacc.,gbif,ゴマキツネガサ
2535329,2535329,Lepiota xanthophylla P.D.Orton,db,キヒダカラカサモドキ
2535360,2535360,Lepiota ignivolvata Bousset & Joss. ex Joss.,gbif,ツバワタカラカサタケ
2535456,2535456,Lepiota clypeolaria (Bull.) P.Kumm.,db,ワタカラカサタケ
2535471,2535471,Lepiota cristata (Bolton) P.Kumm.,db,キツネノカラカサ
2535471,2535471,Lepiota cristata (Bolton) P.Kumm.,gbif,キツネノカラカサ
2535486,2535486,Lepiota magnispora Murrill,db,コゲチャワタカラカサタケ
2535486,2535486,Lepiota magnispora Murrill,gbif,ワタカラカサタケ
2535487,2535486,Lepiota ventriosospora D.A.Reid,db,コゲチャワタカラカサタケ
2535487,2535486,Lepiota ventriosospora D.A.Reid,gbif,ワタカラカサタケ
2535560,2535560,Leucocoprinus brebissonii (Godey) Locq.,db,ナカグロヒガサタケ
2535560,2535560,Leucocoprinus brebissonii (Godey) Locq.,gbif,ナカグロヒガサタケ
2535573,2535573,Leucocoprinus cygneus (J.E.Lange) Bon,db,シロヒメカラカサタケ
2535573,2535573,Leucocoprinus cygneus (J.E.Lange) Bon,gbif,シロヒメカラカサタケ
2535574,2535573,Lepiota cygnea J.E.Lange,db,シロヒメカラカサタケ
2535574,2535573,Lepiota cygnea J.E.Lange,gbif,シロヒメカラカサタケ
2535581,2535581,Leucocoprinus cepistipes (Sowerby) Pat.,db,キヌカラカサタケ
2535581,2535581,Leucocoprinus cepistipes (Sowerby) Pat.,gbif,キヌカラカサタケ
2535598,2535598,Leucocoprinus birnbaumii (Corda) Singer,db,コガネキヌカラカサタケ
2535598,2535598,Leucocoprinus birnbaumii (Corda) Singer,gbif,コガネキヌカラカサタケ
2535603,2535598,Leucocoprinus luteus (Godfrin) Locq.,db,コガネキヌカラカサタケ
2535603,2535598,Leucocoprinus luteus (Godfrin) Locq.,gbif,コガネキヌカラカサタケ
2535613,8659282,Lepiota fragilissima (Ravenel ex Berk. & M.A.Curtis) Morgan,db,キツネノハナガサ
2535613,8659282,Lepiota fragilissima (Ravenel ex Berk. & M.A.Curtis) Morgan,gbif,キツネノハナガサ
2535638,2535638,Ripartitella brasiliensis (Speg.) Singer,db,ニセキツネノカラカサ
2535638,2535638,Ripartitella brasiliensis (Speg.) Singer,gbif,ニセキツネノカラカサ
2535664,2535664,Disciseda candida (Schwein.) Lloyd,db,ウスイロドングリタケ
2535664,2535664,Disciseda candida (Schwein.) Lloyd,gbif,ウスイロドングリタケ
2535701,2535701,Cystolepiota pseudogranulosa (Berk. & Broome) Pegler,db,コナカラカサタケモドキ
2535701,2535701,Cystolepiota pseudogranulosa (Berk. & Broome) Pegler,gbif,コナカラカサタケモドキ
2535723,2535723,Cystolepiota hetieri (Boud.) Singer,db,コナカラカサタケ
2535723,2535723,Cystolepiota hetieri (Boud.) Singer,gbif,コナカラカサタケ
2535739,2535739,Nidularia pulvinata (Schwein.) Fr.,db,マクラキンチャクタケ
2535739,2535739,Nidularia pulvinata (Schwein.) Fr.,gbif,マクラキンチャクタケ
2535762,2535762,Arachnion album Schwein.,db,シロクモノコタケ
2535798,2535798,Leucoagaricus meleagris (Gray) Singer,db,ツブカラカサタケ
2535799,2535798,Leucocoprinus meleagris (Sowerby) Locq.,db,ツブカラカサタケ
2535839,2535839,Leucoagaricus americanus (Peck) Vellinga,db,アメリカカラカサタケ
2535842,2535839,Leucocoprinus bresadolae (Schulzer) Wasser,db,アメリカカラカサタケ
2535843,2535839,Leucocoprinus americanus (Peck) Redhead,db,アメリカカラカサタケ
2535985,5955395,Macrolepiota rhacodes (Vittad.) Singer,gbif,カラカサタケモドキ
2536015,5955392,Lepiota alborubescens Hongo,db,イロガワリシロカラカサタケ
2536015,5955392,Lepiota alborubescens Hongo,gbif,イロガワリシロカラカサタケ
2536016,5955392,Macrolepiota alborubescens (Hongo) Hongo,db,イロガワリシロカラカサタケ
2536016,5955392,Macrolepiota alborubescens (Hongo) Hongo,gbif,イロガワリシロカラカサタケ
2536020,5955381,Lepiota neomastoidea Hongo,db,コカラカサタケ
2536020,5955381,Lepiota neomastoidea Hongo,gbif,ドクカラカサタケ
2536021,5955381,Macrolepiota neomastoidea (Hongo) Hongo,db,コカラカサタケ
2536021,5955381,Macrolepiota neomastoidea (Hongo) Hongo,gbif,ドクカラカサタケ
2536052,2536052,Queletia mirabilis Fr.,db,オニノケヤリタケ
2536052,2536052,Queletia mirabilis Fr.,gbif,オニノケヤリタケ
2536054,2536054,Calvatia cyathiformis (Bosc) Morgan,db,スミレホコリタケ
2536054,2536054,Calvatia cyathiformis (Bosc) Morgan,gbif,スミレホコリタケ
2536057,2536054,Calvatia fragilis (Quél.) Morgan,db,スミレホコリタケ
2536057,2536054,Calvatia fragilis (Quél.) Morgan,gbif,スミレホコリタケ
2536152,5243267,Bovista dermoxantha (Vittad.) De Toni,gbif,チビホコリタケ
2536689,2536689,Coprinus sterquilinus (Fr.) Fr.,db,マグソヒトヨタケ
2536689,2536689,Coprinus sterquilinus (Fr.) Fr.,gbif,マグソヒトヨタケ
2536695,11782580,Coprinus patouillardii Quél.,gbif,クズヒトヨタケ
2536820,2536820,Xerula pudens (Pers.) Singer,db,ビロードツエタケ
2536820,2536820,Xerula pudens (Pers.) Singer,gbif,ビロードツエタケ
2536822,2536820,Collybia longipes (Roussel) P.Kumm.,db,ビロードツエタケ
2536822,2536820,Collybia longipes (Roussel) P.Kumm.,gbif,ビロードツエタケ
2536847,2536847,Armillaria gallica Marxm. & Romagn.,db,ヤワナラタケ
2536847,2536847,Armillaria gallica Marxm. & Romagn.,gbif,ワタゲナラタケ
2536857,9713443,Armillaria tabescens (Scop.) Emel,gbif,ナラタケモドキ
2536865,9713443,Clitocybe tabescens (Scop.) Bres.,gbif,ナラタケモドキ
2536870,2536870,Armillaria sinapina Bérubé & Dessur.,db,ホテイナラタケ
2536870,2536870,Armillaria sinapina Bérubé & Dessur.,gbif,ホテイナラタケ
2536880,9694273,Armillaria ectypa (Fr.) Lamoure,gbif,ヤチヒロヒダタケ
2536888,2536888,Armillaria cepistipes Velen.,db,クロゲナラタケ
2536888,2536888,Armillaria cepistipes Velen.,gbif,クロゲナラタケ
2536891,2536891,Armillaria mellea (Vahl) P.Kumm.,db,ナラタケ
2536891,2536891,Armillaria mellea (Vahl) P.Kumm.,gbif,ナラタケ
2536892,2536891,Armillariella mellea (Vahl) P.Karst.,db,ナラタケ
2536892,2536891,Armillariella mellea (Vahl) P.Karst.,gbif,ナラタケ
2536899,2536899,Armillaria ostoyae (Romagn.) Herink,db,オニナラタケ
2536899,2536899,Armillaria ostoyae (Romagn.) Herink,gbif,オニナラタケ
2536900,2536899,Armillariella ostoyae Romagn.,db,オニナラタケ
2536900,2536899,Armillariella ostoyae Romagn.,gbif,オニナラタケ
2536923,2536923,Physalacria sasae S.Imai,db,タマバリタケ
2536923,2536923,Physalacria sasae S.Imai,gbif,タマバリタケ
2536937,2536937,Physalacria cryptomeriae Berthier & Rogerson,db,スギノタマバリタケ
2536979,5243623,Collybia esculenta (Wulfen) P.Kumm.,db,マツカサキノコ
2536979,5243623,Collybia esculenta (Wulfen) P.Kumm.,gbif,マツカサキノコ
2536991,2536991,Cyptotrama asprata (Berk.) Redhead & Ginns,db,ダイダイガサ
2536991,2536991,Cyptotrama asprata (Berk.) Redhead & Ginns,gbif,ダイダイガサ
2537020,2537020,Cylindrobasidium laeve (Pers.) Chamuris,db,エビオオコウヤクタケ
2537020,2537020,Cylindrobasidium laeve (Pers.) Chamuris,gbif,エビコウヤクタケ
2537058,2537058,Rhodotus palmatus (Bull.) Maire,db,ホシアンズタケ
2537058,2537058,Rhodotus palmatus (Bull.) Maire,gbif,ホシアンズタケ
2537118,5243660,Solenia candida Pers.,db,パイプタケ
2537118,5243660,Solenia candida Pers.,gbif,パイプタケ
2537202,2537202,Marasmius graminum (Lib.) Berk.,db,ヒメホウライタケ
2537202,2537202,Marasmius graminum (Lib.) Berk.,gbif,ヒメホウライタケ
2537250,2537250,Marasmius oreades (Bolton) Fr.,db,シバフタケ
2537250,2537250,Marasmius oreades (Bolton) Fr.,gbif,シバフタケ
2537268,2537268,Marasmius crinis-equi F.Muell. ex Kalchbr.,gbif,ウマノケタケ
2537272,2537268,Marasmius equicrinis F.Muell. ex Berk.,gbif,ウマノケタケ
2537371,2537371,Calyptella capula (Holmsk.) Quél.,db,エツキヒメサカズキタケ
2537371,2537371,Calyptella capula (Holmsk.) Quél.,gbif,エツキヒメサカズキタケ
2537418,2537418,Mycetinis scorodonius (Fr.) A.W.Wilson & Desjardin,gbif,ニオイヒメホウライタケ
2537442,2537442,Anthracophyllum nigritum (Lév.) Kalchbr.,db,ネッタイカタハ
2537442,2537442,Anthracophyllum nigritum (Lév.) Kalchbr.,gbif,ネッタイカタハ
2537483,2537483,Tetrapyrgos nigripes (Fr.) E.Horak,db,アシグロホウライタケ
2537483,2537483,Tetrapyrgos nigripes (Fr.) E.Horak,gbif,アシグロホウライタケ
2537487,2537483,Marasmiellus nigripes (Fr.) Singer,db,アシグロホウライタケ
2537487,2537483,Marasmiellus nigripes (Fr.) Singer,gbif,アシグロホウライタケ
2537561,11993337,Marasmius confluens (Pers.) P.Karst.,gbif,アマタケ
2537562,11993337,Collybia confluens (Pers.) P.Kumm.,gbif,アマタケ
2537591,5243756,Collybia dryophila (Bull.) P.Kumm.,db,モリノカサ
2537591,5243756,Collybia dryophila (Bull.) P.Kumm.,gbif,モリノカレバタケ
2537650,12092733,Collybia peronata (Bolton) P.Kumm.,gbif,ワサビカレバタケ
2537654,12092733,Marasmius peronatus (Bolton) Fr.,gbif,ワサビカレバタケ
2537743,2537743,Lentinula edodes (Berk.) Pegler,db,シイタケ
2537743,2537743,Lentinula edodes (Berk.) Pegler,gbif,シイタケ
2537743,2537743,Lentinula edodes (Berk.) Pegler,gbif,椎茸
2537747,2537743,Cortinellus shiitake (J.Schröt.) Henn.,db,シイタケ
2537747,2537743,Cortinellus shiitake (J.Schröt.) Henn.,gbif,シイタケ
2537747,2537743,Cortinellus shiitake (J.Schröt.) Henn.,gbif,椎茸
2537748,2537743,Lentinus edodes (Berk.) Singer,db,シイタケ
2537748,2537743,Lentinus edodes (Berk.) Singer,gbif,シイタケ
2537748,2537743,Lentinus edodes (Berk.) Singer,gbif,椎茸
2537751,2537743,Collybia shiitake J.Schröt.,db,シイタケ
2537751,2537743,Collybia shiitake J.Schröt.,gbif,シイタケ
2537751,2537743,Collybia shiitake J.Schröt.,gbif,椎茸
2537792,2537792,Rectipilus fasciculatus (Pers.) Agerer,db,シロヒメツツタケ
2537792,2537792,Rectipilus fasciculatus (Pers.) Agerer,gbif,シロヒメツツタケ
2537840,2537876,Marasmius candidus Fr.,db,シロホウライタケ
2537876,2537876,Marasmiellus candidus (Fr.) Singer,db,シロホウライタケ
2537924,2537924,Lactocollybia cycadicola (Joss.) Singer,db,ウスキカレエダタケ
2537924,2537924,Lactocollybia cycadicola (Joss.) Singer,gbif,ウスキカレエダタケ
2537958,2537958,Baeospora myosura (Fr.) Singer,db,ニセマツカサシメジ
2537958,2537958,Baeospora myosura (Fr.) Singer,gbif,ニセマツカサシメジ
2537965,2537965,Baeospora myriadophylla (Peck) Singer,db,フジイロアマタケ
2537965,2537965,Baeospora myriadophylla (Peck) Singer,gbif,フジイロアマタケ
2538000,2538000,Pleurocybella porrigens (Pers.) Singer,db,スギヒラタケ
2538000,2538000,Pleurocybella porrigens (Pers.) Singer,gbif,スギヒラタケ
2538002,2538000,Pleurotus porrigens (Pers.) P.Kumm.,db,スギヒラタケ
2538002,2538000,Pleurotus porrigens (Pers.) P.Kumm.,gbif,スギヒラタケ
2538113,2538113,Crinipellis scabella (Alb. & Schwein.) Murrill,db,カヤネダケ
2538113,2538113,Crinipellis scabella (Alb. & Schwein.) Murrill,gbif,ニセホウライタケ
2538113,2538113,Crinipellis scabella (Alb. & Schwein.) Murrill,gbif,偽蓬莱茸
2538116,2538113,Crinipellis caulicinalis (Bull.) Rea,db,カヤネダケ
2538116,2538113,Crinipellis caulicinalis (Bull.) Rea,gbif,ニセホウライタケ
2538116,2538113,Crinipellis caulicinalis (Bull.) Rea,gbif,偽蓬莱茸
2538117,2538113,Crinipellis stipitaria (Fr.) Pat.,db,カヤネダケ
2538117,2538113,Crinipellis stipitaria (Fr.) Pat.,gbif,ニセホウライタケ
2538117,2538113,Crinipellis stipitaria (Fr.) Pat.,gbif,偽蓬莱茸
2538215,2538215,Neonothopanus nambi (Speg.) R.H.Petersen & Krisai,db,シロヒカリタケ
2538215,2538215,Neonothopanus nambi (Speg.) R.H.Petersen & Krisai,gbif,シロヒカリタケ
2538236,2538236,"Chrysomphalina grossula (Pers.) Norvell, Redhead & Ammirati",db,ミドリタケ
2538236,2538236,"Chrysomphalina grossula (Pers.) Norvell, Redhead & Ammirati",gbif,ミドリタケ
2538445,2538445,Hygrocybe coccinea (Schaeff.) P.Kumm.,db,ベニヤマタケ
2538445,2538445,Hygrocybe coccinea (Schaeff.) P.Kumm.,gbif,ベニヤマタケ
2538446,2538445,Hygrophorus coccineus (Schaeff.) Fr.,db,ベニヤマタケ
2538446,2538445,Hygrophorus coccineus (Schaeff.) Fr.,gbif,ベニヤマタケ
2538450,2538450,Hygrocybe pantoleuca (Hongo) Hongo,db,シロヒガサ
2538451,2538450,Hygrophorus pantoleucus Hongo,db,シロヒガサ
2538454,2538454,Hygrocybe turunda (Fr.) P.Karst.,db,キミズゴケノハナ
2538454,2538454,Hygrocybe turunda (Fr.) P.Karst.,gbif,ザラツキキヤマタケ
2538458,2538462,Hygrocybe ovina (Bull.) Kühner,gbif,オオヒメノカサ
2538473,2538473,Hygrocybe aurantia (Murrill) Natarajan & Purush.,db,ヒメダイダイタケ
2538509,8097905,Hygrocybe irrigata (Pers.) Bon,gbif,アクイロヌメリタケ
2538513,8097905,Hygrocybe unguinosa (Fr.) P.Karst.,gbif,アクイロヌメリタケ
2538524,2538524,Hygrocybe conica (Schaeff.) P.Kumm.,db,アカヤマタケ
2538524,2538524,Hygrocybe conica (Schaeff.) P.Kumm.,gbif,アカヤマタケ
2538525,2538524,Hygrocybe chloroides (Malençon) Kovalenko,db,アカヤマタケ
2538525,2538524,Hygrocybe chloroides (Malençon) Kovalenko,gbif,アカヤマタケ
2538530,2538524,Hygrophorus conicus (Schaeff.) Fr.,db,アカヤマタケ
2538530,2538524,Hygrophorus conicus (Schaeff.) Fr.,gbif,アカヤマタケ
2538550,2538550,Hygrocybe firma (Berk. & Broome) Singer,db,ネッタイベニヒガサ
2538550,2538550,Hygrocybe firma (Berk. & Broome) Singer,gbif,ネッタイベニヒガサ
2538552,2538552,Hygrocybe punicea (Fr.) P.Kumm.,db,ヒイロガサ
2538552,2538552,Hygrocybe punicea (Fr.) P.Kumm.,gbif,ヒイロガサ
2538555,2538552,Hygrophorus puniceus (Fr.) Fr.,db,ヒイロガサ
2538555,2538552,Hygrophorus puniceus (Fr.) Fr.,gbif,ヒイロガサ
2538580,2538580,Hygrocybe miniata (Fr.) P.Kumm.,db,アカヌマベニタケ
2538584,2538580,Hygrophorus miniatus (Fr.) Fr.,db,アカヌマベニタケ
2538595,2538595,Hygrocybe cantharellus (Schwein.) Murrill,db,ベニヒガサ
2538595,2538595,Hygrocybe cantharellus (Schwein.) Murrill,gbif,ベニヒガサ
2538602,2538595,"Craterellus cantharellus (Schwein.) Fr., 1838",db,ベニヒガサ
2538602,2538595,"Craterellus cantharellus (Schwein.) Fr., 1838",gbif,ベニヒガサ
2538603,2538595,Hygrophorus cantharellus (Schwein.) Fr.,db,ベニヒガサ
2538603,2538595,Hygrophorus cantharellus (Schwein.) Fr.,gbif,ベニヒガサ
2538605,2538605,Hygrocybe coccineocrenata (P.D.Orton) M.M.Moser,db,Mizugoke-no-hana
2538630,2538630,Hygrocybe chlorophana (Fr.) Wünsche,db,ツキミタケ
2538630,2538630,Hygrocybe chlorophana (Fr.) Wünsche,gbif,ツキミタケ
2538631,2538631,Hygrocybe flavescens (Kauffman) Singer,db,アキヤマタケ
2538631,2538631,Hygrocybe flavescens (Kauffman) Singer,gbif,アキヤマタケ
2538638,2538630,Hygrophorus chlorophanus (Fr.) Fr.,db,ツキミタケ
2538638,2538630,Hygrophorus chlorophanus (Fr.) Fr.,gbif,ツキミタケ
2538644,2538644,Hygrocybe ceracea (Sowerby) P.Kumm.,db,キヤマタケ
2538648,2538644,Hygrophorus ceraceus (Wulfen) Fr.,db,キヤマタケ
2538714,2538714,Hygrophorus pudorinus (Fr.) Fr.,db,フキサクラシメジ
2538714,2538714,Hygrophorus pudorinus (Fr.) Fr.,gbif,フキサクラシメジ
2538716,2538716,Hygrophorus arbustivus Fr.,db,コクリノカサ
2538716,2538716,Hygrophorus arbustivus Fr.,gbif,コクリノカサ
2538720,2538720,"Hygrophorus camarophyllus (Alb. & Schwein.) Dumée, Grandjean & Maire",db,クロオウギタケ
2538720,2538720,"Hygrophorus camarophyllus (Alb. & Schwein.) Dumée, Grandjean & Maire",gbif,ヤギタケ
2538727,2538727,Hygrophorus agathosmus (Fr.) Fr.,db,ウスチャヌメリガサ
2538727,2538727,Hygrophorus agathosmus (Fr.) Fr.,gbif,ウスチャヌメリガサ
2538742,2538742,Hygrophorus cossus (Sowerby) Fr.,db,クサヌメリガサ
2538748,2538748,Hygrophorus hypothejus (Fr.) Fr.,db,シモフリヌメリガサ
2538748,2538748,Hygrophorus hypothejus (Fr.) Fr.,gbif,シモフリヌメリガサ
2538774,2538774,Hygrophorus lucorum Kalchbr.,db,キヌメリガサ
2538774,2538774,Hygrophorus lucorum Kalchbr.,gbif,キヌメリガサ
2538784,2538784,Hygrophorus olivaceoalbus (Fr.) Fr.,gbif,マツノコケイロヌメリガサ
2538788,2538788,Hygrophorus chrysodon (Batsch) Fr.,db,ウコンガサ
2538788,2538788,Hygrophorus chrysodon (Batsch) Fr.,gbif,ウコンガサ
2538796,2538796,"Hygrophorus leucophaeus (Scop.) Fr., 1838",db,ブナヌメリガサ
2538799,2538799,Hygrophorus erubescens (Fr.) Fr.,db,オオサクラシメジ
2538799,2538799,Hygrophorus erubescens (Fr.) Fr.,gbif,オオサクラシメジ
2538799,2538799,Hygrophorus erubescens (Fr.) Fr.,gbif,トキイロタケ
2538803,2538803,Hygrophorus persoonii Arnolds,db,クロマツタケモドキ
2538807,2538807,Hygrophorus russula (Schaeff. ex Fr.) Kauffman,db,サクラシメジ
2538820,2538820,Hygrophorus discoideus (Pers.) Fr.,db,チャヌメリガサ
2538820,2538820,Hygrophorus discoideus (Pers.) Fr.,gbif,チャヌメリガサ
2538864,2538864,"Ampulloclitocybe clavipes (Pers.) Redhead, Lutzoni, Moncalvo & Vilgalys",db,ホテイシメジ
2538864,2538864,"Ampulloclitocybe clavipes (Pers.) Redhead, Lutzoni, Moncalvo & Vilgalys",gbif,ホテイシメジ
2538871,2538864,Clitocybe clavipes (Pers.) P.Kumm.,db,ホテイシメジ
2538871,2538864,Clitocybe clavipes (Pers.) P.Kumm.,gbif,ホテイシメジ
2539028,2539028,Typhula ishikariensis S.Imai,db,イシカリガマノホタケ
2539028,2539028,Typhula ishikariensis S.Imai,gbif,イシカリガマノホタケ
2539035,2539035,Typhula vermiculata I.Hino & Katum.,db,キイチゴガマノホタケ
2539088,2539088,Typhula incarnata Lasch,db,フユガレガマノホタケ
2539089,2539088,Typhula itoana S.Imai,db,フユガレガマノホタケ
2539090,2539088,Sclerotium fulvum Fr.,db,フユガレガマノホタケ
2539197,2539197,Clitopilus prunulus (Scop.) P.Kumm.,db,ヒカゲウラベニタケ
2539197,2539197,Clitopilus prunulus (Scop.) P.Kumm.,gbif,ヒカゲウラベニタケ
2539233,2539233,Entoloma hirtipes (Schumach.) M.M.Moser,db,カガノモミウラタケ
2539233,2539233,Entoloma hirtipes (Schumach.) M.M.Moser,gbif,カガノモミウラタケ
2539234,2539233,Rhodophyllus hirtipes (Schumach.) J.E.Lange,db,カガノモミウラタケ
2539234,2539233,Rhodophyllus hirtipes (Schumach.) J.E.Lange,gbif,カガノモミウラタケ
2539261,8963563,Rhodophyllus sericellus (Fr.) Quél.,db,キヌモミウラタケ
2539280,2551423,Agaricus virescens Schaeff.,db,アイタケ
2539280,2551423,Agaricus virescens Schaeff.,gbif,アイタケ
2539308,2539308,Entoloma sinuatum (Bull.) P.Kumm.,db,イッポンシメジ
2539308,2539308,Entoloma sinuatum (Bull.) P.Kumm.,gbif,イッポンシメジ
2539308,2539308,Entoloma sinuatum (Bull.) P.Kumm.,gbif,ニセシメジ
2539310,2539308,Rhodophyllus sinuatus (Bull.) Quél.,db,イッポンシメジ
2539310,2539308,Rhodophyllus sinuatus (Bull.) Quél.,gbif,イッポンシメジ
2539310,2539308,Rhodophyllus sinuatus (Bull.) Quél.,gbif,ニセシメジ
2539336,2539332,Claudopus parasiticus (Quél.) Ricken,db,ヒメヤグラタケモドキ
2539336,2539332,Claudopus parasiticus (Quél.) Ricken,gbif,ヒメヤグラタケモドキ
2539479,3346903,Entoloma saepium (Noul. & Dass) Richon & Roze,gbif,ウメハルシメジ
2539557,2539557,Entoloma cetratum (Fr.) M.M.Moser,db,オオフタツミウラベニタケ
2539557,2539557,Entoloma cetratum (Fr.) M.M.Moser,gbif,オオフタツミウラベニタケ
2539648,2539648,Entoloma lampropus (Fr.) Hesler,db,アオエノモミウラタケ
2539648,2539648,Entoloma lampropus (Fr.) Hesler,gbif,アオエノモミウラタケ
2539657,2539657,Entoloma rhodopolium (Fr.) P.Kumm.,db,クサウラベニタケ
2539657,2539657,Entoloma rhodopolium (Fr.) P.Kumm.,gbif,クサウラベニタケ
2539719,2539719,Entoloma araneosum (Quél.) M.M.Moser,db,シラガモミウラモドキ
2539719,2539719,Entoloma araneosum (Quél.) M.M.Moser,gbif,シラガモミウラモドキ
2539731,2539731,Entoloma abortivum (Berk. & M.A.Curtis) Donk,gbif,タマウラベニタケ
2539741,2539741,Entoloma sphagnorum (Romagn. & J.Favre) Bon & Courtec.,db,コケモミウラタケ
2539845,2539845,Entoloma depluens (Batsch) Hesler,db,カクガタコナカブリ
2539845,2539845,Entoloma depluens (Batsch) Hesler,gbif,カクミノコナカブリ
2539852,2539845,Rhodophyllus depluens (Batsch) Quél.,db,カクガタコナカブリ
2539852,2539845,Rhodophyllus depluens (Batsch) Quél.,gbif,カクミノコナカブリ
2539876,2539657,Rhodophyllus nidorosus (Fr.) Quél.,db,クサウラベニタケ
2539876,2539657,Rhodophyllus nidorosus (Fr.) Quél.,gbif,クサウラベニタケ
2539879,2539657,Rhodophyllus rhodopolius (Fr.) Quél.,db,クサウラベニタケ
2539879,2539657,Rhodophyllus rhodopolius (Fr.) Quél.,gbif,クサウラベニタケ
2539883,2539657,Entoloma nidorosum (Fr.) Quél.,db,クサウラベニタケ
2539883,2539657,Entoloma nidorosum (Fr.) Quél.,gbif,クサウラベニタケ
2539950,2539950,Entoloma coelestinum (Fr.) Hesler,gbif,ヒメコンイロイッポンシメジ
2539954,2539950,Rhodophyllus coelestinus (Fr.) Quél.,gbif,ヒメコンイロイッポンシメジ
2540156,8036570,Merulius aureus Fr.,db,キシワタケ
2540156,8036570,Merulius aureus Fr.,gbif,キシワタケ
2540197,2540197,Ramariopsis crocea (Pers.) Corner,db,アカヒメホウキタケ
2540197,2540197,Ramariopsis crocea (Pers.) Corner,gbif,アカヒメホウキタケ
2540204,2540204,Ramariopsis pulchella (Boud.) Corner,db,ヒナサンゴタケ
2540204,2540204,Ramariopsis pulchella (Boud.) Corner,gbif,ヒナサンゴタケ
2540225,2540225,Ramariopsis kunzei (Fr.) Corner,db,シロヒメホウキタケ
2540225,2540225,Ramariopsis kunzei (Fr.) Corner,gbif,シロヒメホウキタケ
2540327,9117445,Ramariopsis helvola (Pers.) R.H.Petersen,db,キソウメンタケ
2540327,9117445,Ramariopsis helvola (Pers.) R.H.Petersen,gbif,キソウメンタケ
2540356,5244414,Ramariopsis laeticolor (Berk. & M.A.Curtis) R.H.Petersen,db,ヒシミノセンコウタケ
2540356,5244414,Ramariopsis laeticolor (Berk. & M.A.Curtis) R.H.Petersen,gbif,カベンタケ
2540438,5244486,Ramariopsis fusiformis (Sowerby) R.H.Petersen,db,ナギナタタケ
2540438,5244486,Ramariopsis fusiformis (Sowerby) R.H.Petersen,gbif,ナギナタタケ
2540565,2540565,Radulomyces confluens (Fr.) M.P.Christ.,db,アカギンコウヤクタケ
2540596,2540593,Radulum molare Chaillet ex Fr.,db,オクバタケ
2540639,12215684,Deflexula fascicularis (Bres. & Pat.) Corner,gbif,シダレハナビタケ
2540714,2540714,Pterula subulata Fr.,db,カンザシタケモドキ
2540714,2540714,Pterula subulata Fr.,gbif,カンザシタケモドキ
2540716,2540716,Pterula multifida (Chevall.) Fr.,db,フサタケ
2540716,2540716,Pterula multifida (Chevall.) Fr.,gbif,フサタケ
2540755,2540755,Theleporus calcicolor (Sacc. & P.Syd.) Ryvarden,db,アナタケモドキ
2540761,2540761,Meripilus giganteus (Pers.) P.Karst.,db,トンビマイタケ
2540761,2540761,Meripilus giganteus (Pers.) P.Karst.,gbif,トンビマイタケ
2540800,2540800,Grifola frondosa (Dicks.) Gray,db,マイタケ
2540800,2540800,Grifola frondosa (Dicks.) Gray,gbif,maitake マイタケ (舞茸
2540800,2540800,Grifola frondosa (Dicks.) Gray,gbif,マイタケ
2540812,2540800,Grifola albicans Imazeki,db,マイタケ
2540812,2540800,Grifola albicans Imazeki,gbif,maitake マイタケ (舞茸
2540812,2540800,Grifola albicans Imazeki,gbif,マイタケ
2540878,2540878,Rigidoporus lineatus (Pers.) Ryvarden,db,スルメタケ
2540891,2540878,Rigidoporus zonalis (Berk.) Imazeki,db,スルメタケ
2540892,2540878,Fomitopsis zonalis (Berk.) Imazeki,db,スルメタケ
2540917,2540917,Rigidoporus vinctus (Berk.) Ryvarden,db,クロニクイロアナタケ
2540925,2540917,Chaetoporus vinctus (Berk.) J.E.Wright,db,クロニクイロアナタケ
2540949,8667671,Fomes lignosus (Klotzsch) Bres.,db,ネッタイスルメタケ
2540949,8667671,Fomes lignosus (Klotzsch) Bres.,gbif,ネッタイスルメタケ
2540997,2540997,Rigidoporus ulmarius (Sowerby) Imazeki,db,オオシロサルノコシカケ
2540997,2540997,Rigidoporus ulmarius (Sowerby) Imazeki,gbif,ニレサルノコシカケ
2540998,2540997,Fomes ulmarius Fr.,db,オオシロサルノコシカケ
2540998,2540997,Fomes ulmarius Fr.,gbif,ニレサルノコシカケ
2541007,2540997,Fomitopsis ulmaria (Sowerby) Bondartsev & Singer,db,オオシロサルノコシカケ
2541007,2540997,Fomitopsis ulmaria (Sowerby) Bondartsev & Singer,gbif,ニレサルノコシカケ
2541175,8899548,Peniophora gigantea (Fr.) Massee,db,カミカワタケ
2541175,8899548,Peniophora gigantea (Fr.) Massee,gbif,カミカワタケ
2541285,2541285,Inflatostereum glabrum (Pat.) D.A.Reid,db,ヒメサジタケ
2541285,2541285,Inflatostereum glabrum (Pat.) D.A.Reid,gbif,ヒメサジタケ
2541288,2541285,Trogia stereoides Corner,db,ヒメサジタケ
2541288,2541285,Trogia stereoides Corner,gbif,ヒメサジタケ
2541428,2541425,Peniophora laevis (Fr.) Burt,db,ヒラカワタケ
2541428,2541425,Peniophora laevis (Fr.) Burt,gbif,ヒラカワタケ
2541441,2541441,Phanerochaete sordida (P.Karst.) J.Erikss. & Ryvarden,db,ウスキイロカワタケ
2541441,2541441,Phanerochaete sordida (P.Karst.) J.Erikss. & Ryvarden,gbif,ウスキイロカワタケ
2541471,2541441,Peniophora allescheri (Bres.) Sacc. & P.Syd.,db,ウスキイロカワタケ
2541471,2541441,Peniophora allescheri (Bres.) Sacc. & P.Syd.,gbif,ウスキイロカワタケ
2541486,2541486,Phanerochaete burtii (Romell ex Burt) Parmasto,db,ウスキヒモカワタケ
2541486,2541486,Phanerochaete burtii (Romell ex Burt) Parmasto,gbif,ウスキヒモカワタケ
2541585,2541585,Ceriporia tarda (Berk.) Ginns,db,コアナタケ
2541585,2541585,Ceriporia tarda (Berk.) Ginns,gbif,コアナタケ
2541673,2541673,Ceriporia reticulata (Hoffm.) Domański,db,アミメアナタケ
2541673,2541673,Ceriporia reticulata (Hoffm.) Domański,gbif,アミメアナタケ
2541805,2541805,Climacodon pulcherrimus (Berk. & M.A.Curtis) Nikol.,db,アセハリタケ
2541811,2541805,Hydnum pulcherrimum Berk. & M.A.Curtis,db,アセハリタケ
2541814,2541805,Steccherinum pulcherrimum (Berk. & M.A.Curtis) Banker,db,アセハリタケ
2541815,2541815,Climacodon septentrionalis (Fr.) P.Karst.,db,エゾハリタケ
2541815,2541815,Climacodon septentrionalis (Fr.) P.Karst.,gbif,エゾハリタケ
2541817,2541815,Creolophus septentrionalis (Fr.) Banker,db,エゾハリタケ
2541817,2541815,Creolophus septentrionalis (Fr.) Banker,gbif,エゾハリタケ
2541818,2541815,Hydnum septentrionale Fr.,db,エゾハリタケ
2541818,2541815,Hydnum septentrionale Fr.,gbif,エゾハリタケ
2541819,2541815,Steccherinum septentrionale (Fr.) Banker,db,エゾハリタケ
2541819,2541815,Steccherinum septentrionale (Fr.) Banker,gbif,エゾハリタケ
2541828,7898018,Porostereum crassum (Lév.) Hjortstam & Ryvarden,gbif,カミウロコタケ
2541833,7898018,Stereum umbrinum Berk. & M.A.Curtis,gbif,カミウロコタケ
2541835,7898018,Lopharia crassa (Lév.) Boidin,gbif,カミウロコタケ
2541843,7898018,Hjortstamia crassa (Lév.) Boidin & Gilles,gbif,カミウロコタケ
2541845,7898018,Stereum crassum (Lév.) Fr.,gbif,カミウロコタケ
2541850,7898018,Phanerochaete crassa (Lév.) Burds.,gbif,カミウロコタケ
2541851,7898018,Lloydella umbrina (Cooke) S.Ito,gbif,カミウロコタケ
2541869,9145383,Stereum spadiceum (Pers.) Quél.,db,オリーブウロコタケ
2541869,9145383,Stereum spadiceum (Pers.) Quél.,gbif,オリーブウロコタケ
2541957,2541957,Antrodiella semisupina (Berk. & M.A.Curtis) Ryvarden,db,ニカワオシロイタケ
2541965,2541957,Tyromyces semisupinus (Berk. & M.A.Curtis) Murrill,db,ニカワオシロイタケ
2542126,2542126,Phaeolus schweinitzii (Fr.) Pat.,db,カイメンタケ
2542126,2542126,Phaeolus schweinitzii (Fr.) Pat.,gbif,カイメンタケ
2542210,9072021,Polyporus caudicinus Schaeff. ex J.Schröt.,db,アイカワタケ
2542211,9072021,Sporotrichum versisporum (Lloyd) Stalpers,db,アイカワタケ
2542221,9072021,Calvatia versispora Lloyd,db,アイカワタケ
2542227,9072021,Laetiporus versisporus (Lloyd) Imazeki,db,アイカワタケ
2542237,9072021,Tyromyces sulphureus (Bull.) Donk,db,アイカワタケ
2542309,2540997,Fomitopsis cytisina (Berk.) Bondartsev & Singer,db,オオシロサルノコシカケ
2542309,2540997,Fomitopsis cytisina (Berk.) Bondartsev & Singer,gbif,ニレサルノコシカケ
2542381,2542381,Fomitopsis castanea Imazeki,db,クロサルノコシカケ
2542381,2542381,Fomitopsis castanea Imazeki,gbif,クロサルノコシカケ
2542383,2542381,Melanoporia castanea (Imazeki) T.Hatt. & Ryvarden,db,クロサルノコシカケ
2542383,2542381,Melanoporia castanea (Imazeki) T.Hatt. & Ryvarden,gbif,クロサルノコシカケ
2542395,2542395,Fomitopsis pinicola (Sw.) P.Karst.,db,ツガサルノコシカケ
2542395,2542395,Fomitopsis pinicola (Sw.) P.Karst.,gbif,ツガサルノコシカケ
2542399,2542395,Fomes subungulatus Murrill,db,ツガサルノコシカケ
2542399,2542395,Fomes subungulatus Murrill,gbif,ツガサルノコシカケ
2542425,2542395,Trametes pinicola (Sw.) P.Karst.,db,ツガサルノコシカケ
2542425,2542395,Trametes pinicola (Sw.) P.Karst.,gbif,ツガサルノコシカケ
2542476,2542476,Antrodia gossypium (Speg.) Ryvarden,db,シロロウアナタケ
2542529,8912808,Trametes albida Lév.,db,アセアミタケ
2542534,8912808,Trametes sepium Berk.,db,アセアミタケ
2542547,8912808,Antrodia serpens (Fr.) P.Karst.,db,アセアミタケ
2542655,8769312,Trametes heteromorpha (Fr.) Bres.,db,ミヤマシロアミタケ
2542655,8769312,Trametes heteromorpha (Fr.) Bres.,gbif,ミヤマシロアミタケ
2542657,8769312,Daedalea heteromorpha Fr.,db,ミヤマシロアミタケ
2542657,8769312,Daedalea heteromorpha Fr.,gbif,ミヤマシロアミタケ
2542679,2542679,Osteina obducta (Berk.) Donk,db,ツガマイタケ
2542679,2542679,Osteina obducta (Berk.) Donk,gbif,ツガマイタケ
2542683,2542679,Grifola obducta (Berk.) Aoshima & H.Furuk.,db,ツガマイタケ
2542683,2542679,Grifola obducta (Berk.) Aoshima & H.Furuk.,gbif,ツガマイタケ
2542689,2542679,Oligoporus obductus (Berk.) Gilb. & Ryvarden,db,ツガマイタケ
2542689,2542679,Oligoporus obductus (Berk.) Gilb. & Ryvarden,gbif,ツガマイタケ
2542720,2542720,Climacocystis borealis (Fr.) Kotl. & Pouzar,db,エゾタケ
2542720,2542720,Climacocystis borealis (Fr.) Kotl. & Pouzar,gbif,エゾタケ
2542738,2542720,Tyromyces borealis (Fr.) Imazeki,db,エゾタケ
2542738,2542720,Tyromyces borealis (Fr.) Imazeki,gbif,エゾタケ
2542770,5245245,Spongiporus balsameus (Peck) A.David,db,トドマツオオウズラタケ
2542781,5245245,Tyromyces balsameus (Peck) Murrill,db,トドマツオオウズラタケ
2542908,2542912,Tyromyces caesius (Schrad.) Murrill,gbif,アオゾメタケ
2542909,2542912,Polyporus caesius (Schrad.) Fr.,gbif,アオゾメタケ
2542912,2542912,Cyanosporus caesius (Schrad.) McGinty,gbif,アオゾメタケ
2542925,2542912,Spongiporus caesius (Schrad.) A.David,gbif,アオゾメタケ
2542964,10881544,Tyromyces guttulatus (Sacc.) Murrill,gbif,シミガタセンベイタケ
2542984,10672649,Spongiporus fragilis (Fr.) A.David,gbif,シミタケ
2543258,2543258,Daedalea dickinsii Yasuda,db,ホウロクタケ
2543259,2543258,Trametes dickinsii Berk. ex Cooke,db,ホウロクタケ
2543292,2543301,Piptoporus quercinus (Schrad.) P.Karst.,db,Kokamba-take
2543300,2543301,Buglossoporus pulvinus (Pers.) Donk,db,Kokamba-take
2543301,2543301,Buglossoporus quercinus (Schrad.) Kotl. & Pouzar,db,Kokamba-take
2543387,2543387,Pycnoporellus fulgens (Fr.) Donk,db,カボチャタケ
2543387,2543387,Pycnoporellus fulgens (Fr.) Donk,gbif,カボチャタケ
2543392,2543387,Hapalopilus fibrillosus (P.Karst.) Bondartsev & Singer,db,カボチャタケ
2543392,2543387,Hapalopilus fibrillosus (P.Karst.) Bondartsev & Singer,gbif,カボチャタケ
2543469,2543474,Laricifomes officinalis (Vill.) Kotl. & Pouzar,db,Eburiko
2543474,2543474,Fomitopsis officinalis (Vill.) Bondartsev & Singer,db,Eburiko
2543487,2543487,Ischnoderma resinosum (Schrad.) P.Karst.,db,ヤニタケ
2543487,2543487,Ischnoderma resinosum (Schrad.) P.Karst.,gbif,ヤニタケ
2543528,2543528,Hydnophlebia chrysorhiza (Eaton) Parmasto,gbif,ヒイロハリタケ
2543530,2543528,Mycoacia chrysorhiza (Eaton) Aoshima & H.Furuk.,gbif,ヒイロハリタケ
2543770,2543770,Mycorrhaphium adustum (Schwein.) Maas Geest.,db,チャウラハリタケ
2543770,2543770,Mycorrhaphium adustum (Schwein.) Maas Geest.,gbif,チャウラハリタケ
2543773,2543770,Hydnum adustum Schwein.,db,チャウラハリタケ
2543773,2543770,Hydnum adustum Schwein.,gbif,チャウラハリタケ
2543794,2543794,Stereopsis burtiana (Peck) D.A.Reid,gbif,ハナウロコタケ
2543795,2543794,Podoscypha burtiana (Peck) S.Ito,gbif,ハナウロコタケ
2543796,2543794,Stereum burtianum Peck,gbif,ハナウロコタケ
2543824,2543824,Bjerkandera adusta (Willd.) P.Karst.,db,ヒメヤケイロタケ
2543824,2543824,Bjerkandera adusta (Willd.) P.Karst.,gbif,ヤケイロタケ
2543885,2543885,Bjerkandera fumosa (Pers.) P.Karst.,db,ヒメモグサタケ
2543885,2543885,Bjerkandera fumosa (Pers.) P.Karst.,gbif,ヒメモグサタケ
2544114,2544114,Abortiporus biennis (Bull.) Singer,db,ニクウチワタケ
2544114,2544114,Abortiporus biennis (Bull.) Singer,gbif,ニクウチワタケ
2544125,2544114,Daedalea biennis (Bull.) Fr.,db,ニクウチワタケ
2544125,2544114,Daedalea biennis (Bull.) Fr.,gbif,ニクウチワタケ
2544165,2544165,Hydnum rufescens Pers.,db,イタチハリタケ
2544188,2544188,Irpex lacteus (Fr.) Fr.,db,ウスバアナタケ
2544188,2544188,Irpex lacteus (Fr.) Fr.,gbif,ウスバタケ
2544189,2544188,Irpex sinuosus Fr.,db,ウスバアナタケ
2544189,2544188,Irpex sinuosus Fr.,gbif,ウスバタケ
2544226,2544226,Irpex consors Berk.,gbif,ニクウスバタケ
2544229,2544226,Cerrena consors (Berk.) K.S.Ko & H.S.Jung,gbif,ニクウスバタケ
2544269,2544269,Cymatoderma elegans Jungh.,db,フトウラスジタケ
2544269,2544269,Cymatoderma elegans Jungh.,gbif,フトウラスジタケ
2544278,2544269,Cymatoderma lamellatum (Berk. & M.A.Curtis) D.A.Reid,db,フトウラスジタケ
2544278,2544269,Cymatoderma lamellatum (Berk. & M.A.Curtis) D.A.Reid,gbif,フトウラスジタケ
2544291,2544291,Cymatoderma caperatum (Berk. & Mont.) D.A.Reid,db,アラゲウロコタケ
2544291,2544291,Cymatoderma caperatum (Berk. & Mont.) D.A.Reid,gbif,ヒダウロコタケ
2544296,2544291,Stereum caperatum (Berk. & Mont.) Berk.,db,アラゲウロコタケ
2544296,2544291,Stereum caperatum (Berk. & Mont.) Berk.,gbif,ヒダウロコタケ
2544300,2544300,Phlebia tremellosa (Schrad.) Nakasone & Burds.,db,シワタケ
2544338,2544342,Radulodon copelandii (Pat.) N.Maek.,gbif,サガリハリタケ
2544340,2544342,Oxydontia copelandii (Pat.) S.Ito,gbif,サガリハリタケ
2544341,2544342,Hydnum copelandii Pat.,gbif,サガリハリタケ
2544342,2544342,Radulomyces copelandii (Pat.) Hjortstam & Spooner,gbif,サガリハリタケ
2544343,2544342,Mycoacia copelandii (Pat.) Aoshima & H.Furuk.,gbif,サガリハリタケ
2544718,9099973,Steccherinum nitidum (Pers.) Vesterh.,db,ニクイロアナタケ
2544748,5245998,Steccherinum collabens (Fr.) Vesterh.,db,ツガノニクイロアナタケ
2544835,2544834,Stereum elegans (G.Mey.) Fr.,db,タチウロコタケ
2544846,2544841,Podoscypha surinamensis (Lév.) Pat.,db,サカズキウロコタケ
2544846,2544841,Podoscypha surinamensis (Lév.) Pat.,gbif,サカズキウロコタケ
2544957,2544957,Phlebia coccineofulva Schwein.,db,シュカワタケ
2544957,2544957,Phlebia coccineofulva Schwein.,gbif,シュカワタケ
2544958,2544957,Phlebia martiana (Berk. & M.A.Curtis) Parmasto,db,シュカワタケ
2544958,2544957,Phlebia martiana (Berk. & M.A.Curtis) Parmasto,gbif,シュカワタケ
2545004,2545004,Phlebia acerina Peck,db,ミダレシワタケ
2545004,2545004,Phlebia acerina Peck,gbif,チャシワウロコタケ
2545043,2545043,Phlebia rufa (Pers.) M.P.Christ.,db,チャシワウロコタケ
2545085,2545085,Phlebia subserialis (Bourdot & Galzin) Donk,db,ネリイロカワタケ
2545089,2545089,Phlebia radiata Fr.,db,コガネシワウロコタケ
2545089,2545089,Phlebia radiata Fr.,gbif,コガネシワウロコタケ
2545089,2545089,Phlebia radiata Fr.,gbif,ニクシワウロコタケ
2545100,2545089,Phlebia merismoides (Fr.) Fr.,db,コガネシワウロコタケ
2545100,2545089,Phlebia merismoides (Fr.) Fr.,gbif,コガネシワウロコタケ
2545100,2545089,Phlebia merismoides (Fr.) Fr.,gbif,ニクシワウロコタケ
2545120,2545120,Steccherinum fimbriatum (Pers.) J.Erikss.,db,ヒモツキコメバタケ
2545132,2545132,Steccherinum ciliolatum (Berk. & M.A.Curtis) Gilb. & Budington,db,フサツキコメバタケ
2545132,2545132,Steccherinum ciliolatum (Berk. & M.A.Curtis) Gilb. & Budington,gbif,フサツキコメバタケ
2545145,2545144,Hydnum rawakense Pers.,db,チャハリタケモドキ
2545145,2545144,Hydnum rawakense Pers.,gbif,チャハリタケモドキ
2545177,2545177,Steccherinum ochraceum (Pers. ex J.F.Gmel.) Gray,db,ニクハリタケ
2545177,2545177,Steccherinum ochraceum (Pers. ex J.F.Gmel.) Gray,gbif,ニクハリタケ
2545181,2545177,"Mycoleptodon ochraceus (Pers.) Bourdot & Galzin, 1900",db,ニクハリタケ
2545181,2545177,"Mycoleptodon ochraceus (Pers.) Bourdot & Galzin, 1900",gbif,ニクハリタケ
2545187,2545177,Steccherinum rhois (Schwein.) Banker,db,ニクハリタケ
2545187,2545177,Steccherinum rhois (Schwein.) Banker,gbif,ニクハリタケ
2545189,2545177,Hydnum ochraceum Pers.,db,ニクハリタケ
2545189,2545177,Hydnum ochraceum Pers.,gbif,ニクハリタケ
2545204,2545204,Steccherinum laeticolor (Berk. & M.A.Curtis) Banker,db,アカウスバタケ
2545204,2545204,Steccherinum laeticolor (Berk. & M.A.Curtis) Banker,gbif,アカウスバタケ
2545232,2545232,Mycoleptodonoides aitchisonii (Berk.) Maas Geest.,db,ブナハリタケ
2545232,2545232,Mycoleptodonoides aitchisonii (Berk.) Maas Geest.,gbif,ブナハリタケ
2545461,9474024,Lentinus suavissimus Fr.,gbif,ニオイカワキタケ
2545501,2545500,Lentinus revelatus Berk.,db,シロコカワキタケ
2545501,2545500,Lentinus revelatus Berk.,gbif,シロコカワキタケ
2545501,2545500,Lentinus revelatus Berk.,gbif,ニセナンヨウブクリョウ
2545520,2545500,Pleurotus javanicus (Lév.) Singer,db,シロコカワキタケ
2545520,2545500,Pleurotus javanicus (Lév.) Singer,gbif,シロコカワキタケ
2545520,2545500,Pleurotus javanicus (Lév.) Singer,gbif,ニセナンヨウブクリョウ
2545536,2545536,Lentinus squarrosulus Mont.,db,ケガワタケ
2545536,2545536,Lentinus squarrosulus Mont.,gbif,ケガワタケ
2545551,2545536,Lentinus subnudus Berk.,db,ケガワタケ
2545551,2545536,Lentinus subnudus Berk.,gbif,ケガワタケ
2545601,2545601,Abundisporus fuscopurpureus (Pers.) Ryvarden,db,クロブドウタケ
2545601,2545601,Abundisporus fuscopurpureus (Pers.) Ryvarden,gbif,クロブドウタケ
2545602,2545601,Loweporus fuscopurpureus (Pers.) Ryvarden,db,クロブドウタケ
2545602,2545601,Loweporus fuscopurpureus (Pers.) Ryvarden,gbif,クロブドウタケ
2545607,2545601,Fomes caliginosus (Berk.) Cooke,db,クロブドウタケ
2545607,2545601,Fomes caliginosus (Berk.) Cooke,gbif,クロブドウタケ
2545622,2545622,Abundisporus pubertatis (Lloyd) Parmasto,db,ホウネンタケ
2545622,2545622,Abundisporus pubertatis (Lloyd) Parmasto,gbif,ホウネンタケ
2545624,2545622,Loweporus pubertatis (Lloyd) T.Hatt.,db,ホウネンタケ
2545624,2545622,Loweporus pubertatis (Lloyd) T.Hatt.,gbif,ホウネンタケ
2545626,2545622,Fomitopsis pubertatis (Lloyd) Imazeki,db,ホウネンタケ
2545626,2545622,Fomitopsis pubertatis (Lloyd) Imazeki,gbif,ホウネンタケ
2545670,2545670,Daedaleopsis confragosa (Bolton) J.Schröt.,db,チャミダレアミタケ
2545670,2545670,Daedaleopsis confragosa (Bolton) J.Schröt.,gbif,チャミダレアミタケ
2545671,2545670,Trametes confragosa (Bolton) Jørst.,db,チャミダレアミタケ
2545671,2545670,Trametes confragosa (Bolton) Jørst.,gbif,チャミダレアミタケ
2545672,2545670,Trametes rubescens (Alb. & Schwein.) Fr.,db,チャミダレアミタケ
2545672,2545670,Trametes rubescens (Alb. & Schwein.) Fr.,gbif,チャミダレアミタケ
2545682,8698842,Trametes tricolor (Bull.) Lloyd,db,チャカイガラタケ
2545685,2545670,Daedaleopsis rubescens (Alb. & Schwein.) Imazeki,db,チャミダレアミタケ
2545685,2545670,Daedaleopsis rubescens (Alb. & Schwein.) Imazeki,gbif,チャミダレアミタケ
2545691,2545670,Daedalea confragosa (Bolton) Pers.,db,チャミダレアミタケ
2545691,2545670,Daedalea confragosa (Bolton) Pers.,gbif,チャミダレアミタケ
2545704,9166502,Trametes bulliardii (Fr.) Fr.,db,シロアミタケ
2545704,9166502,Trametes bulliardii (Fr.) Fr.,gbif,シロアミタケ
2545747,5246307,"Trametes affinis (Blume & T.Nees) Corner, 1989",db,ウチワタケ
2545747,5246307,"Trametes affinis (Blume & T.Nees) Corner, 1989",gbif,ウチワタケ
2545979,9070104,Daedalea unicolor (Bull.) Fr.,db,ミダレアミタケ
2545979,9070104,Daedalea unicolor (Bull.) Fr.,gbif,ミダレアミタケ
2545988,9541569,Cystidiophorus castaneus (Lloyd) Imazeki,gbif,オオシワタケ
2545989,9541569,Castanoporus castaneus (Lloyd) Ryvarden,gbif,オオシワタケ
2545997,2545997,Melanoporia nigra (Berk.) Murrill,db,クロサルノコシカケ
2546066,2546066,Lopharia cinerascens (Schwein.) G.Cunn.,db,クシノハシワタケ
2546066,2546066,Lopharia cinerascens (Schwein.) G.Cunn.,gbif,クシノハシワタケ
2546082,2546066,Radulum mirabile Berk. & Broome,db,クシノハシワタケ
2546082,2546066,Radulum mirabile Berk. & Broome,gbif,クシノハシワタケ
2546085,2546066,Lopharia mirabilis (Berk. & Broome) Pat.,db,クシノハシワタケ
2546085,2546066,Lopharia mirabilis (Berk. & Broome) Pat.,gbif,クシノハシワタケ
2546169,2546169,Nigrofomes melanoporus (Mont.) Murrill,db,ミナミクロサルノコシカケ
2546169,2546169,Nigrofomes melanoporus (Mont.) Murrill,gbif,ミナミクロサルノコシカケ
2546176,2546169,Fomes melanoporus (Mont.) Sacc.,db,ミナミクロサルノコシカケ
2546176,2546169,Fomes melanoporus (Mont.) Sacc.,gbif,ミナミクロサルノコシカケ
2546533,2546533,Coriolopsis gallica (Fr.) Ryvarden,db,カタシラガタケ
2546533,2546533,Coriolopsis gallica (Fr.) Ryvarden,gbif,カタシラガタケ
2546622,8032257,Coriolus fibula (Sowerby) Quél.,db,アラゲカワラタケ
2546623,8032257,Polyporus fibula (Sowerby) Fr.,db,アラゲカワラタケ
2546625,8367739,"Polystictus fibula (Fr.) Fr., 1851",db,アラゲカワラタケ
2546923,7838425,Polyporellus brumalis (Pers.) P.Karst.,gbif,オツネンタケモドキ
2547021,9400640,Polyporellus varius (Pers.) P.Karst.,gbif,キアシグロタケ
2547092,2547092,Cerioporus squamosus (Huds.) Quél.,gbif,アミヒラタケ
2547097,2547092,Polyporellus squamosus (Huds.) P.Karst.,gbif,アミヒラタケ
2547179,2547179,Tinctoporellus epimiltinus (Berk. & Broome) Ryvarden,db,キゾメタケ
2547179,2547179,Tinctoporellus epimiltinus (Berk. & Broome) Ryvarden,gbif,キゾメタケ
2547243,5247105,Lentinus similis Berk. & Broome,db,スジカワキタケ
2547243,5247105,Lentinus similis Berk. & Broome,gbif,スジカワキタケ
2547299,2547299,Poronidulus conchifer (Schwein.) Murrill,db,サカズキカワラタケ
2547301,2547299,Trametes conchifer (Schwein.) Pilát,db,サカズキカワラタケ
2547329,2547329,Dichomitus squalens (P.Karst.) D.A.Reid,db,エゾオシロイタケ
2547329,2547329,Dichomitus squalens (P.Karst.) D.A.Reid,gbif,マツノオオウズラタケ
2547337,2547329,Tyromyces squalens (P.Karst.) Imazeki,db,エゾオシロイタケ
2547337,2547329,Tyromyces squalens (P.Karst.) Imazeki,gbif,マツノオオウズラタケ
2547339,2547329,Trametes squalens P.Karst.,db,エゾオシロイタケ
2547339,2547329,Trametes squalens P.Karst.,gbif,マツノオオウズラタケ
2547378,8690832,Hirschioporus abietinus (Pers. ex J.F.Gmel.) Donk,db,シハイタケ
2547378,8690832,Hirschioporus abietinus (Pers. ex J.F.Gmel.) Donk,gbif,シハイタケ
2547443,5247213,Hirschioporus fuscoviolaceus (Ehrenb.) Donk,db,ウスバシハイタケ
2547443,5247213,Hirschioporus fuscoviolaceus (Ehrenb.) Donk,gbif,ウスバシハイタケ
2547448,5247213,Irpex fuscoviolaceus (Ehrenb.) Fr.,db,ウスバシハイタケ
2547448,5247213,Irpex fuscoviolaceus (Ehrenb.) Fr.,gbif,ウスバシハイタケ
2547457,5247223,Irpex parvulus Yasuda,db,コゴメウスバタケ
2547479,5247228,Hirschioporus elongatus (Berk.) Teng,db,ハカワラタケ
2547504,5247228,Polystictus elongatus (Berk.) Fr.,db,ハカワラタケ
2547564,2547564,Trametes elegans (Spreng.) Fr.,db,チリメンタケ
2547564,2547564,Trametes elegans (Spreng.) Fr.,gbif,チリメンタケ
2547565,2547564,Daedalea elegans Spreng.,db,チリメンタケ
2547565,2547564,Daedalea elegans Spreng.,gbif,チリメンタケ
2547668,2547668,Echinochaete ruficeps (Berk. & Broome) Ryvarden,db,サビハチノスタケ
2547668,2547668,Echinochaete ruficeps (Berk. & Broome) Ryvarden,gbif,サビハチノスタケ
2547798,2547798,Skeletocutis amorpha (Fr.) Kotl. & Pouzar,db,ウラベニタケ
2547798,2547798,Skeletocutis amorpha (Fr.) Kotl. & Pouzar,gbif,ウラベニタケ
2547852,2547852,Skeletocutis nivea (Jungh.) Jean Keller,db,ヒメカタパンタケ
2547852,2547852,Skeletocutis nivea (Jungh.) Jean Keller,gbif,ヒメカタパンタケ
2547873,8103143,Piptoporus pseudobetulinus (Murashk. ex Pilát) Pilát,gbif,カンバタケモドキ
2547876,9439058,Polyporellus badius (Pers.) Imazeki,gbif,アシグロタケ
2547976,2547976,Trametes villosa (Sw.) Kreisel,db,フルイカワラタケ
2547976,2547976,Trametes villosa (Sw.) Kreisel,gbif,フルイカワラタケ
2548047,2548047,Trametes marianna (Pers.) Ryvarden,db,カワラケタケ
2548047,2548047,Trametes marianna (Pers.) Ryvarden,gbif,カワラケタケ
2548056,2548047,Trametes muelleri Berk.,db,カワラケタケ
2548056,2548047,Trametes muelleri Berk.,gbif,カワラケタケ
2548082,2548082,Trametes pocas (Berk.) Ryvarden,db,アミカワラタケ
2548082,2548082,Trametes pocas (Berk.) Ryvarden,gbif,アミカワラタケ
2548099,9208081,Daedalea gibbosa (Pers.) Pers.,db,オオチリメンタケ
2548099,9208081,Daedalea gibbosa (Pers.) Pers.,gbif,オオチリメンタケ
2548103,9208081,Trametes crenulata Berk.,db,オオチリメンタケ
2548103,9208081,Trametes crenulata Berk.,gbif,オオチリメンタケ
2548167,7621208,Polystictus velutinus (Pers.) Sacc.,db,シロモンパカワラタケ
2548167,7621208,Polystictus velutinus (Pers.) Sacc.,gbif,ヤキフタケ
2548180,7621208,Tyromyces pubescens (Schumach.) Imazeki,db,シロモンパカワラタケ
2548180,7621208,Tyromyces pubescens (Schumach.) Imazeki,gbif,ヤキフタケ
2548311,2548311,Trametes versicolor (L.) Lloyd,db,アイカワラタケ
2548454,2548454,Tyromyces incarnatus Imazeki,db,アケボノオシロイタケ
2548454,2548454,Tyromyces incarnatus Imazeki,gbif,アケボノオシロイタケ
2548515,2548515,Tyromyces chioneus (Fr.) P.Karst.,db,オシロイタケ
2548515,2548515,Tyromyces chioneus (Fr.) P.Karst.,gbif,オシロイタケ
2548518,2548515,Tyromyces albellus (Peck) Bondartsev & Singer,db,オシロイタケ
2548518,2548515,Tyromyces albellus (Peck) Bondartsev & Singer,gbif,オシロイタケ
2548619,2548619,Hapalopilus croceus (Pers.) Donk,db,オオカボチャタケ
2548621,2548619,Tyromyces croceus (Pers.) J.Lowe,db,オオカボチャタケ
2548633,8383534,Hapalopilus nidulans (Fr.) P.Karst.,db,アカゾメタケ
2548639,8383534,Hapalopilus rutilans (Per.) P.Karst.,db,アカゾメタケ
2548672,9168484,Tyromyces mollis (Pers.) Kotl. & Pouzar,db,オオシミタケ
2548679,9168484,Tyromyces erubescens (Fr.) Donk,db,オオシミタケ
2548764,2548764,Nigroporus durus (Jungh.) Murrill,db,ヨソオイサルノコシカケ
2548764,2548764,Nigroporus durus (Jungh.) Murrill,gbif,ヨソオイサルノコシカケ
2548769,2548764,Fomes durus (Jungh.) G.Cunn.,db,ヨソオイサルノコシカケ
2548769,2548764,Fomes durus (Jungh.) G.Cunn.,gbif,ヨソオイサルノコシカケ
2548772,2548772,Nigroporus vinosus (Berk.) Murrill,db,ブドウタケ
2548772,2548772,Nigroporus vinosus (Berk.) Murrill,gbif,ブドウタケ
2548775,2548772,Fomitopsis vinosa (Berk.) Imazeki,db,ブドウタケ
2548775,2548772,Fomitopsis vinosa (Berk.) Imazeki,gbif,ブドウタケ
2548816,10788846,Loweporus tephroporus (Mont.) Ryvarden,gbif,シイサルノコシカケ
2548822,10788846,Perenniporia tephropora (Mont.) Ryvarden,gbif,シイサルノコシカケ
2548859,9129313,Lentinus lepideus (Fr.) Fr.,gbif,マツオウジ
2548868,9129313,Neolentinus suffrutescens (Brot.) T.W.May & A.E.Wood,gbif,マツオウジ
2548894,2548894,Neolentinus adhaerens (Alb. & Schwein.) Redhead & Ginns,db,ナミハタケ
2548894,2548894,Neolentinus adhaerens (Alb. & Schwein.) Redhead & Ginns,gbif,ナミハタケ
2548911,2548894,Lentinus adhaerens (Alb. & Schwein.) Fr.,db,ナミハタケ
2548911,2548894,Lentinus adhaerens (Alb. & Schwein.) Fr.,gbif,ナミハタケ
2548921,5247530,Trametes odora (Sommerf.) Fr.,db,エゾシロアミタケ
2548921,5247530,Trametes odora (Sommerf.) Fr.,gbif,エゾシロアミタケ
2549008,2549008,Grammothele fuligo (Berk. & Broome) Ryvarden,db,アイアナタケ
2549014,2549008,Porogramme fuligo (Berk. & Broome) Pat.,db,アイアナタケ
2549066,2549065,Trametes flavescens Bres.,db,キイロダンアミタケ
2549130,2549130,Perenniporia medulla-panis (Jacq.) Donk,db,ウスキアナタケ
2549130,2549130,Perenniporia medulla-panis (Jacq.) Donk,gbif,ウスキアナタケ
2549202,2549204,Perenniporia fraxinea (Bull.) Ryvarden,gbif,ベッコウタケ
2549204,2549204,Vanderbylia fraxinea (Bull.) D.A.Reid,gbif,ベッコウタケ
2549213,2549204,Fomitella fraxinea (Bull.) Imazeki,gbif,ベッコウタケ
2549216,2549204,Fomes fraxineus (Bull.) Cooke,gbif,ベッコウタケ
2549299,2549299,Wolfiporia extensa (Peck) Ginns,db,ブクリョウ
2549306,2549306,Wolfiporia cocos (F.A.Wolf) Ryvarden & Gilb.,db,ブクリョウ
2549306,2549306,Wolfiporia cocos (F.A.Wolf) Ryvarden & Gilb.,gbif,ブクリョウ
2549323,2549323,Fomes fomentarius (L.) J.J.Kickx,db,ツリガネタケ
2549396,2549396,Earliella scabrosa (Pers.) Gilb. & Ryvarden,db,シマレンガタケ
2549396,2549396,Earliella scabrosa (Pers.) Gilb. & Ryvarden,gbif,シマレンガタケ
2549396,2549396,Earliella scabrosa (Pers.) Gilb. & Ryvarden,gbif,ミナミレンガタケ
2549404,2549396,Polystictus persoonii (Mont.) Cooke,db,シマレンガタケ
2549404,2549396,Polystictus persoonii (Mont.) Cooke,gbif,シマレンガタケ
2549404,2549396,Polystictus persoonii (Mont.) Cooke,gbif,ミナミレンガタケ
2549444,2549396,Fomitopsis corrugata (Pers.) Imazeki,db,シマレンガタケ
2549444,2549396,Fomitopsis corrugata (Pers.) Imazeki,gbif,シマレンガタケ
2549444,2549396,Fomitopsis corrugata (Pers.) Imazeki,gbif,ミナミレンガタケ
2549454,2549396,Trametes persoonii (Mont.) Pat.,db,シマレンガタケ
2549454,2549396,Trametes persoonii (Mont.) Pat.,gbif,シマレンガタケ
2549454,2549396,Trametes persoonii (Mont.) Pat.,gbif,ミナミレンガタケ
2549546,2549546,Ganoderma boninense Pat.,db,シママンネンタケ
2549546,2549546,Ganoderma boninense Pat.,gbif,シママンネンタケ
2549614,2549614,Ganoderma tropicum (Jungh.) Bres.,db,ミナミオオマンネンタケ
2549614,2549614,Ganoderma tropicum (Jungh.) Bres.,gbif,ミナミオオマンネンタケ
2549640,2549640,Ganoderma neojaponicum Imazeki,gbif,マゴシャクシ
2549683,2549683,Ganoderma resinaceum Boud.,db,オオマンネンタケ
2549683,2549683,Ganoderma resinaceum Boud.,gbif,オオマンネンタケ
2549708,2549683,Ganoderma sessile Murrill,db,オオマンネンタケ
2549708,2549683,Ganoderma sessile Murrill,gbif,オオマンネンタケ
2549719,2549719,Ganoderma carnosum Pat.,db,マゴジャクシ
2549719,2549719,Ganoderma carnosum Pat.,gbif,マゴジャクシ
2549723,2549723,Ganoderma valesiacum Boud.,db,ツガノマンネンタケ
2549725,2549725,Ganoderma curtisii (Berk.) Murrill,db,ツヤケシサイワイタケ
2549725,2549725,Ganoderma curtisii (Berk.) Murrill,gbif,ツヤケシサイワイタケ
2549730,2549730,Ganoderma lucidum (Curtis) P.Karst.,db,サイワイタケ
2549730,2549730,Ganoderma lucidum (Curtis) P.Karst.,gbif,マンネンタケ
2549730,2549730,Ganoderma lucidum (Curtis) P.Karst.,gbif,霊芝
2549743,2549730,Ganoderma japonicum (Fr.) Sawada,db,サイワイタケ
2549743,2549730,Ganoderma japonicum (Fr.) Sawada,gbif,マンネンタケ
2549743,2549730,Ganoderma japonicum (Fr.) Sawada,gbif,霊芝
2549779,2549779,Ganoderma australe (Fr.) Pat.,db,オオミノコフキタケ
2549789,2549779,Fomes annularis Lloyd,db,オオミノコフキタケ
2549793,2549779,Fomes australis (Fr.) Cooke,db,オオミノコフキタケ
2549834,2549834,Ganoderma applanatum (Pers.) Pat.,db,コフキサルノコシカケ
2549834,2549834,Ganoderma applanatum (Pers.) Pat.,gbif,コフキサルノコシカケ
2549835,2549834,Fomes applanatus (Pers.) Gillet,db,コフキサルノコシカケ
2549835,2549834,Fomes applanatus (Pers.) Gillet,gbif,コフキサルノコシカケ
2549840,2549834,Fomes leucophaeus (Mont.) Cooke,db,コフキサルノコシカケ
2549840,2549834,Fomes leucophaeus (Mont.) Cooke,gbif,コフキサルノコシカケ
2549846,2549834,Elfvingia applanata (Pers.) P.Karst.,db,コフキサルノコシカケ
2549846,2549834,Elfvingia applanata (Pers.) P.Karst.,gbif,コフキサルノコシカケ
2549853,2549834,Ganoderma leucophaeum (Mont.) Pat.,db,コフキサルノコシカケ
2549853,2549834,Ganoderma leucophaeum (Mont.) Pat.,gbif,コフキサルノコシカケ
2549991,5248326,Trametes scopulosa (Berk.) Bres.,db,ナンバンウチワタケ
2549991,5248326,Trametes scopulosa (Berk.) Bres.,gbif,ナンバンウチワタケ
2550226,2550226,Crustodontia chrysocreas (Berk. & M.A.Curtis) Hjortstam & Ryvarden,gbif,コガネネバリコウヤクタケ
2550229,2550226,Phlebia chrysocreas (Berk. & M.A.Curtis) Burds.,gbif,コガネネバリコウヤクタケ
2550245,2550245,Sparassis latifolia Y.C.Dai & Zheng Wang,gbif,ハナビラタケ
2550247,2550247,Sparassis crispa (Wulfen) Fr.,db,ハナビラタケ
2550247,2550247,Sparassis crispa (Wulfen) Fr.,gbif,ハナビラタケ
2550323,5248458,Hydnum auriscalpium L.,db,マツカサタケ
2550371,2550371,Lentinellus cochleatus (Pers.) P.Karst.,db,ヒメオウギナミハタケ
2550371,2550371,Lentinellus cochleatus (Pers.) P.Karst.,gbif,ミミナミハタケ
2550433,2550433,Lentinellus vulpinus (Sowerby) Kühner & Maire,db,キツネナミハタケ
2550433,2550433,Lentinellus vulpinus (Sowerby) Kühner & Maire,gbif,キツネナミハタケ
2550481,2550481,Artomyces microsporus (Qiu X.Wu & R.H.Petersen) Lickey,gbif,マツノフサヒメホウキタケ
2550482,2550481,Clavicorona microspora Qiu X.Wu & R.H.Petersen,gbif,マツノフサヒメホウキタケ
2550488,2550493,Clavicorona pyxidata (Pers.) Doty,gbif,フサヒメホウキタケ
2550493,2550493,Artomyces pyxidatus (Pers.) Jülich,gbif,フサヒメホウキタケ
2550513,9195174,Stereum fuscum (Schrad. ex J.F.Gmel.) P.Karst.,db,ウラジロウロコタケ
2550513,9195174,Stereum fuscum (Schrad. ex J.F.Gmel.) P.Karst.,gbif,ウラジロウロコタケ
2550535,5248508,Hydnum erinaceus Bull.,db,Yamabusi-take
2550535,5248508,Hydnum erinaceus Bull.,gbif,ヤマブシタケ
2550535,5248508,Hydnum erinaceus Bull.,gbif,山伏茸
2550566,5248532,Hydnum coralloides Scop.,db,クマガシラ
2550566,5248532,Hydnum coralloides Scop.,gbif,サンゴハリタケ
2550628,2550628,Aleurocystidiellum subcruentatum (Berk. & M.A.Curtis) P.A.Lemke,db,ウロコタケモドキ
2550628,2550628,Aleurocystidiellum subcruentatum (Berk. & M.A.Curtis) P.A.Lemke,gbif,ウロコタケモドキ
2550628,2550628,Aleurocystidiellum subcruentatum (Berk. & M.A.Curtis) P.A.Lemke,gbif,チョークタケ
2550629,2550628,Aleurodiscus subcruentatus (Berk. & M.A.Curtis) Burt,db,ウロコタケモドキ
2550629,2550628,Aleurodiscus subcruentatus (Berk. & M.A.Curtis) Burt,gbif,ウロコタケモドキ
2550629,2550628,Aleurodiscus subcruentatus (Berk. & M.A.Curtis) Burt,gbif,チョークタケ
2550630,2550628,Stereum subcruentatum Berk. & M.A.Curtis,db,ウロコタケモドキ
2550630,2550628,Stereum subcruentatum Berk. & M.A.Curtis,gbif,ウロコタケモドキ
2550630,2550628,Stereum subcruentatum Berk. & M.A.Curtis,gbif,チョークタケ
2550839,2550838,Russula ochricompacta Bills & O.K.Mill.,gbif,ウズゲツチイロタケ
2551071,2551071,Lactifluus vellereus (Fr.) Kuntze,gbif,ケシロハツ
2551150,2551150,Lactifluus volemus (Fr.) Kuntze,gbif,チチタケ
2551150,2551150,Lactifluus volemus (Fr.) Kuntze,gbif,乳茸
2551173,2551173,Russula aeruginea Lindblad ex Fr.,db,クサイロハツ
2551173,2551173,Russula aeruginea Lindblad ex Fr.,gbif,クサイロハツ
2551191,2551191,Russula densifolia Secr. ex Gillet,db,クロハツモドキ
2551191,2551191,Russula densifolia Secr. ex Gillet,gbif,クロハツモドキ
2551203,2551203,Russula sanguinaria (Schumach.) Rauschert,db,チシオハツ
2551213,2551213,Russula emetica (Schaeff.) Pers.,db,ドクベニタケ
2551231,2551231,Russula violeipes Quél.,db,ケショウハツ
2551231,2551231,Russula violeipes Quél.,gbif,ケショウハツ
2551233,2551233,Russula amoena Quél.,db,ムラサキカスリタケ
2551240,2551240,Russula rosea Pers.,db,アカフチベニタケ
2551245,2551240,Russula lepida Fr.,db,アカフチベニタケ
2551254,2551254,Russula fragilis Fr.,db,コベニタケ
2551254,2551254,Russula fragilis Fr.,gbif,コベニタケ
2551285,2551285,Russula pectinata Fr.,db,クシノハタケ
2551285,2551285,Russula pectinata Fr.,gbif,クシノハタケ
2551299,2551299,Russula claroflava Grove,db,イロガワリキイロハツ
2551299,2551299,Russula claroflava Grove,gbif,イロガワリキイロハツ
2551318,2551318,Russula alutacea (Fr.) Fr.,db,アカネタケ
2551318,2551318,Russula alutacea (Fr.) Fr.,gbif,アカネタケ
2551331,2551331,Russula delica Fr.,db,シロハツ
2551331,2551331,Russula delica Fr.,gbif,シロハツ
2551348,2551348,Russula velenovskyi Melzer & Zvára,db,フジアカネハツ
2551356,2551356,Russula xerampelina (Schaeff.) Fr.,db,ニオイベニハツ
2551356,2551356,Russula xerampelina (Schaeff.) Fr.,gbif,ニオイベニハツ
2551379,2551379,Russula lilacea Quél.,db,ウスムラサキハツ
2551379,2551379,Russula lilacea Quél.,gbif,ウスムラサキハツ
2551388,2551388,Russula aurea Pers.,db,ニシキタケ
2551388,2551388,Russula aurea Pers.,gbif,ニシキタケ
2551389,2551388,Russula aurata Fr.,db,ニシキタケ
2551389,2551388,Russula aurata Fr.,gbif,ニシキタケ
2551409,2551409,Russula grata Britzelm.,db,クサハツモドキ
2551409,2551409,Russula grata Britzelm.,gbif,クサハツモドキ
2551410,2551409,Russula laurocerasi Melzer,db,クサハツモドキ
2551410,2551409,Russula laurocerasi Melzer,gbif,クサハツモドキ
2551415,2551415,Russula vesca Fr.,db,チギレハツ
2551419,2551419,Russula ochroleuca Fr.,db,ヤマブキハツ
2551423,2551423,Russula virescens (Schaeff.) Fr.,db,アイタケ
2551423,2551423,Russula virescens (Schaeff.) Fr.,gbif,アイタケ
2551426,2551426,Russula chloroides (Krombh.) Bres.,db,アイバシロハツ
2551426,2551426,Russula chloroides (Krombh.) Bres.,gbif,アイバシロハツ
2551443,2551443,Russula albonigra (Krombh.) Fr.,db,シロクロハツ
2551443,2551443,Russula albonigra (Krombh.) Fr.,gbif,シロクロハツ
2551447,2551447,Russula foetens Pers.,db,クサハツ
2551457,2551457,Russula pectinatoides Peck,db,クシノハタケモドキ
2551457,2551457,Russula pectinatoides Peck,gbif,ニセクサハツ
2551470,2551470,Russula atropurpurea (Krombh.) Britzelm.,db,ムラサキハツ
2551471,2551470,Russula undulata Velen.,db,ムラサキハツ
2551479,2551479,Russula decolorans (Fr.) Fr.,db,ススケベニタケ
2551479,2551479,Russula decolorans (Fr.) Fr.,gbif,ススケベニタケ
2551491,2551491,Russula gracillima Jul.Schäff.,db,アシボソムラサキハツ
2551491,2551491,Russula gracillima Jul.Schäff.,gbif,アシボソムラサキハツ
2551542,2551542,Russula cyanoxantha (Schaeff.) Fr.,db,ウグイスタケ
2551542,2551542,Russula cyanoxantha (Schaeff.) Fr.,gbif,カワリハツ
2551545,2551542,Russula cutefracta Cooke,db,ウグイスタケ
2551545,2551542,Russula cutefracta Cooke,gbif,カワリハツ
2551551,2551551,Russula pseudointegra Arnould & Goris,db,シュイロハツ
2551551,2551551,Russula pseudointegra Arnould & Goris,gbif,シュイロハツ
2551553,2551553,Russula veternosa Fr.,db,ニシキベニハツ
2551553,2551553,Russula veternosa Fr.,gbif,ニシキベニハツ
2551571,2551571,Russula sororia Fr.,db,キチャハツ
2551597,2551597,Russula heterophylla (Fr.) Fr.,db,ウグイスハツ
2551597,2551597,Russula heterophylla (Fr.) Fr.,gbif,ウグイスハツ
2551611,2551611,Russula farinipes Romell,db,コクサハツ
2551611,2551611,Russula farinipes Romell,gbif,コクサハツ
2551660,2551660,"Zelleromyces scissilis (Zeller & C.W.Dodge) Trappe, T.Lebel & Castellano",db,チチショウロ
2551714,2551714,Jahnoporus hirtus (Cooke) Nuss,db,シロアミヒラタケ
2551714,2551714,Jahnoporus hirtus (Cooke) Nuss,gbif,シロアミヒラタケ
2551772,5955077,Albatrellus cristatus (Schaeff.) Kotl. & Pouzar,db,ザボンタケ
2551772,5955077,Albatrellus cristatus (Schaeff.) Kotl. & Pouzar,gbif,ザボンタケ
2551787,5955076,Albatrellus yasudae (Lloyd) Pouzar,gbif,ヌメリアイタケ
2551795,2551795,Albatrellus cantharellus (Lloyd) Pouzar,db,アミラッパタケ
2551795,2551795,Albatrellus cantharellus (Lloyd) Pouzar,gbif,アミラッパタケ
2551806,2551821,Albatrellus confluens (Alb. & Schwein.) Kotl. & Pouzar,gbif,ニンギョウタケ
2551823,2551823,Albatrellus ovinus (Schaeff.) Kotl. & Pouzar,db,ニンギョウタケモドキ
2551823,2551823,Albatrellus ovinus (Schaeff.) Kotl. & Pouzar,gbif,ニンギョウタケモドキ
2551968,2551968,Heterobasidion annosum (Fr.) Bref.,db,マツノネクチタケ
2551968,2551968,Heterobasidion annosum (Fr.) Bref.,gbif,マツノネクチタケ
2551970,2551968,Fomes annosus (Fr.) Cooke,db,マツノネクチタケ
2551970,2551968,Fomes annosus (Fr.) Cooke,gbif,マツノネクチタケ
2552010,2552010,Heterobasidion insulare (Murrill) Ryvarden,db,レンガタケ
2552011,2552010,Fomitopsis insularis (Murrill) Imazeki,db,レンガタケ
2552012,2552010,Trametes insularis Murrill,db,レンガタケ
2552018,2552020,Bondarzewia montana (Quél.) Singer,db,ミヤマトンビマイ
2552018,2552020,Bondarzewia montana (Quél.) Singer,gbif,ミヤマトンビマイ
2552020,2552020,Bondarzewia mesenterica (Schaeff.) Kreisel,db,ミヤマトンビマイ
2552027,2552027,Bondarzewia berkeleyi (Fr.) Bondartsev & Singer,db,オオミヤマトンビマイ
2552027,2552027,Bondarzewia berkeleyi (Fr.) Bondartsev & Singer,gbif,オオミヤマトンビマイ
2552106,2552106,Peniophora versicolor (Bres.) Sacc. & P.Syd.,db,サビカワタケ
2552121,2552121,Peniophora nuda (Fr.) Bres.,db,ツクシカワタケ
2552121,2552121,Peniophora nuda (Fr.) Bres.,gbif,ツクシカワタケ
2552216,2552216,Peniophora manshurica Parmasto,db,コミノカワタケ
2552216,2552216,Peniophora manshurica Parmasto,gbif,コミノカワタケ
2552216,2552216,Peniophora manshurica Parmasto,gbif,マンシュウカワタケ
2552216,2552216,Peniophora manshurica Parmasto,gbif,マンシュリカカワタケ
2552287,8980864,Peniophora corticalis (Bull.) Bres.,db,カワタケ
2552287,8980864,Peniophora corticalis (Bull.) Bres.,gbif,カワタケ
2552308,2552308,Peniophora incarnata (Pers.) P.Karst.,db,ニクカワタケ
2552308,2552308,Peniophora incarnata (Pers.) P.Karst.,gbif,ニクカワタケ
2552544,2552544,Echinodontium tsugicola (Henn. & Shirai) Imazeki,db,マンネンハリタケ
2552544,2552544,Echinodontium tsugicola (Henn. & Shirai) Imazeki,gbif,マンネンハリタケ
2552556,2552551,Stereum sulcatum Burt,db,カサウロコタケモドキ
2552556,2552551,Stereum sulcatum Burt,gbif,カサウロコタケモドキ
2552572,2552568,Asterostromella epigaea (Lloyd) Tad.Ito,db,ツチウロコタケ
2552572,2552568,Asterostromella epigaea (Lloyd) Tad.Ito,gbif,ツチウロコタケ
2552572,2552568,Asterostromella epigaea (Lloyd) Tad.Ito,gbif,ツチコウヤクタケモドキ
2552573,2552568,Asterostroma epigaeum Lloyd,db,ツチウロコタケ
2552573,2552568,Asterostroma epigaeum Lloyd,gbif,ツチウロコタケ
2552573,2552568,Asterostroma epigaeum Lloyd,gbif,ツチコウヤクタケモドキ
2552626,9034310,Stereum odoratum (Fr.) Fr.,db,ニオイウロコタケ
2552626,9034310,Stereum odoratum (Fr.) Fr.,gbif,ニオイウロコタケ
2552645,2552643,Stereum duriusculum Berk. & Broome,db,ナミガタウロコタケ
2552645,2552643,Stereum duriusculum Berk. & Broome,gbif,ナミガタウロコタケ
2552673,2552673,Scytinostroma portentosum (Berk. & M.A.Curtis) Donk,db,ヤケイロコウヤクタケ
2552673,2552673,Scytinostroma portentosum (Berk. & M.A.Curtis) Donk,gbif,ヤケイロコウヤクタケ
2552695,2552695,Asterostroma cervicolor (Berk. & M.A.Curtis) Massee,db,ホシゲタケ
2552695,2552695,Asterostroma cervicolor (Berk. & M.A.Curtis) Massee,gbif,ホシゲタケ
2552942,2552944,Aleurodiscus oakesii (Berk. & M.A.Curtis) Cooke,db,サカズキコウヤクタケ
2553044,2553044,Stereum ostrea (Blume & T.Nees) Fr.,db,チャウロコタケ
2553044,2553044,Stereum ostrea (Blume & T.Nees) Fr.,gbif,チャウロコタケ
2553048,2553044,Stereum australe Lloyd,db,チャウロコタケ
2553048,2553044,Stereum australe Lloyd,gbif,チャウロコタケ
2553052,2553044,Stereum fasciatum (Schwein.) Fr.,db,チャウロコタケ
2553052,2553044,Stereum fasciatum (Schwein.) Fr.,gbif,チャウロコタケ
2553061,2553061,Stereum vellereum Berk.,db,ケウロコタケ
2553061,2553061,Stereum vellereum Berk.,gbif,ケウロコタケ
2553068,2553068,Stereum sanguinolentum (Alb. & Schwein.) Fr.,db,チウロコタケモドキ
2553068,2553068,Stereum sanguinolentum (Alb. & Schwein.) Fr.,gbif,チウロコタケモドキ
2553099,2553099,Stereum ochraceoflavum (Schwein.) Sacc.,db,ミヤマチャウロコタケ
2553117,2553117,Stereum rugosum Pers.,db,シミダシカタウロコタケ
2553123,2553117,Stereum stratosum Berk. & Broome,db,シミダシカタウロコタケ
2553128,2553128,Stereum hirsutum (Willd.) Pers.,db,キウロコタケ
2553185,2553185,Xylobolus subpileatus (Berk. & M.A.Curtis) Boidin,db,コカサウロコタケ
2553185,2553185,Xylobolus subpileatus (Berk. & M.A.Curtis) Boidin,gbif,コカサウロコタケ
2553185,2553185,Xylobolus subpileatus (Berk. & M.A.Curtis) Boidin,gbif,コカサウロコタケモドキ
2553185,2553185,Xylobolus subpileatus (Berk. & M.A.Curtis) Boidin,gbif,ミヤマウロコタケ
2553187,2553185,Stereum scytale Berk.,db,コカサウロコタケ
2553187,2553185,Stereum scytale Berk.,gbif,コカサウロコタケ
2553187,2553185,Stereum scytale Berk.,gbif,コカサウロコタケモドキ
2553187,2553185,Stereum scytale Berk.,gbif,ミヤマウロコタケ
2553191,2553185,Stereum subpileatum Berk. & M.A.Curtis,db,コカサウロコタケ
2553191,2553185,Stereum subpileatum Berk. & M.A.Curtis,gbif,コカサウロコタケ
2553191,2553185,Stereum subpileatum Berk. & M.A.Curtis,gbif,コカサウロコタケモドキ
2553191,2553185,Stereum subpileatum Berk. & M.A.Curtis,gbif,ミヤマウロコタケ
2553202,2553196,Stereum illudens Berk.,db,アズマウロコタケ
2553205,2553204,Stereum hiugense Imazeki,db,ヒュウガオオウロコタケ
2553205,2553204,Stereum hiugense Imazeki,gbif,ヒュウガオオウロコタケ
2553206,2553206,Xylobolus spectabilis (Klotzsch) Boidin,db,モミジウロコタケ
2553206,2553206,Xylobolus spectabilis (Klotzsch) Boidin,gbif,モミジウロコタケ
2553208,2553206,Stereum spectabile Klotzsch,db,モミジウロコタケ
2553208,2553206,Stereum spectabile Klotzsch,gbif,モミジウロコタケ
2553211,2553214,Xylobolus annosus (Berk. & Broome) Boidin,db,オオウロコタケ
2553211,2553214,Xylobolus annosus (Berk. & Broome) Boidin,gbif,オオウロコタケ
2553213,2553214,Stereum annosum Berk. & Broome,db,オオウロコタケ
2553213,2553214,Stereum annosum Berk. & Broome,gbif,オオウロコタケ
2553214,2553214,Xylobolus princeps (Jungh.) Boidin,db,オオウロコタケ
2553214,2553214,Xylobolus princeps (Jungh.) Boidin,gbif,オオウロコタケ
2553215,2553214,Stereum princeps (Jungh.) Lév.,db,オオウロコタケ
2553215,2553214,Stereum princeps (Jungh.) Lév.,gbif,オオウロコタケ
2553217,7819032,Xylobolus frustulatus (Pers.) Boidin,db,カタウロコタケ
2553220,7819032,Stereum frustulosum (Pers.) Fr.,db,カタウロコタケ
2553223,7819032,Stereum frustulatum (Pers.) Fr.,db,カタウロコタケ
2553224,7819032,"Xylobolus frustulosus (Fr.) P.Karst., 1881",db,カタウロコタケ
2553244,2553244,Gloeocystidiellum porosum (Berk. & M.A.Curtis) Donk,db,ワモンシブカワタケ
2553244,2553244,Gloeocystidiellum porosum (Berk. & M.A.Curtis) Donk,gbif,ワモンシブカワタケ
2553273,2553269,Vesiculomyces luridus (Bres.) Boidin & Lanq.,db,ニセキワタタケ
2553304,2553304,Boreostereum vibrans (Berk. & M.A.Curtis) Davydkina & Bondartseva,gbif,サビウロコタケ
2553307,2553304,Stereum liratum Lloyd,gbif,サビウロコタケ
2553309,2553304,Stereum vibrans Berk. & M.A.Curtis,gbif,サビウロコタケ
2553419,5249216,Osmoporus odoratus (Wulfen) Singer,db,ニオイアミタケ
2553471,5249253,Daedalea ungulata Lloyd,db,キカイガラタケ
2553471,5249253,Daedalea ungulata Lloyd,gbif,キカイガラタケ
2553588,2553588,Exidia recisa (Ditmar) Fr.,db,サカズキキクラゲ
2553588,2553588,Exidia recisa (Ditmar) Fr.,gbif,サカズキキクラゲ
2553607,2553607,Exidia glandulosa (Bull.) Fr.,db,クロキクラゲ
2553607,2553607,Exidia glandulosa (Bull.) Fr.,gbif,ヒメキクラゲ
2553619,2553607,Exidia truncata Fr.,db,クロキクラゲ
2553619,2553607,Exidia truncata Fr.,gbif,ヒメキクラゲ
2553685,2553685,Heterochaete delicata Bres.,db,オロシタケ
2553685,2553685,Heterochaete delicata Bres.,gbif,オロシタケ
2553735,2553735,Elmerina holophaea (Pat.) Parmasto,db,ムカシオオミダレタケ
2553934,8824388,Phlogiotis helvelloides (DC.) G.W.Martin,db,ニカワジョウゴタケ
2553934,8824388,Phlogiotis helvelloides (DC.) G.W.Martin,gbif,ニカワジョウゴタケ
2553991,2553991,Tremellodendropsis tuberosa (Grev.) D.A.Crawford,db,カワシロホウキタケ
2553991,2553991,Tremellodendropsis tuberosa (Grev.) D.A.Crawford,gbif,カワシロホウキタケ
2553995,2553991,Aphelaria tuberosa (Grev.) Corner,db,カワシロホウキタケ
2553995,2553991,Aphelaria tuberosa (Grev.) Corner,gbif,カワシロホウキタケ
2554313,2554313,Lyoathelia laxa (Burt) Hjortstam & Ryvarden,db,シロヒモカワタケ
2554327,2554327,Geastrum berkeleyi Massee,gbif,イボヒメツチグリ
2554329,2554383,Geastrum schmidelii Vittad.,db,コフキスジツチグリ
2554329,2554383,Geastrum schmidelii Vittad.,gbif,コフキスジツチグリ
2554330,2554383,Geastrum nanum Pers.,db,コフキスジツチグリ
2554330,2554383,Geastrum nanum Pers.,gbif,コフキスジツチグリ
2554332,2554332,Geastrum lageniforme Vittad.,db,トガリツチガキ
2554332,2554332,Geastrum lageniforme Vittad.,gbif,トガリフクロツチグリ
2554333,2554333,Geastrum saccatum Fr.,db,フクロツチガキ
2554333,2554333,Geastrum saccatum Fr.,gbif,フクロツチガキ
2554337,2554337,Geastrum mirabile Mont.,db,カミツチグリ
2554337,2554337,Geastrum mirabile Mont.,gbif,ヒナツチガキ
2554337,2554337,Geastrum mirabile Mont.,gbif,雛土柿
2554338,2554338,Geastrum quadrifidum Pers.,db,セイタカヒメツチグリ
2554340,2554340,Geastrum rufescens Pers.,db,ヤブレツチグリ
2554340,2554340,Geastrum rufescens Pers.,gbif,ヤブレツチグリ
2554343,2554343,Geastrum pectinatum Pers.,db,オガサワラツチグリ
2554347,2554347,Geastrum elegans Vittad.,db,ヒダフクロツチガキ
2554347,2554347,Geastrum elegans Vittad.,gbif,ヒダフクロツチガキ
2554348,2554347,Geastrum badium Pers.,db,ヒダフクロツチガキ
2554348,2554347,Geastrum badium Pers.,gbif,ヒダフクロツチガキ
2554355,2554355,Geastrum fimbriatum Fr.,gbif,シロツチガキ
2554359,2554359,Geastrum fornicatum (Huds.) Hook.,gbif,タイコヒメツチグリ
2554367,2554367,Geastrum triplex Jungh.,db,エリマキツチグリ
2554367,2554367,Geastrum triplex Jungh.,gbif,エリマキツチグリ
2554374,2554374,Geastrum corollinum (Batsch) Hollós,gbif,チヂレツチガキ
2554375,2554374,Geastrum mammosum Chevall.,gbif,チヂレツチガキ
2554536,2554536,Craterellus tubaeformis (Fr.) Quél.,gbif,ミキイロウスタケ
2554614,2554614,Helvella crispa (Scop.) Fr.,db,シロノボリリュウ
2554662,2554662,Craterellus cornucopioides (L.) Pers.,db,ウスタケ
2554662,2554662,Craterellus cornucopioides (L.) Pers.,gbif,クロラッパタケ
2554706,2554706,Hydnum umbilicatum Peck,gbif,オオミノイタチハリタケ
2554716,2554716,Hydnum repandum L.,db,カノシタ
2555271,2555271,Multiclavula vernalis (Schwein.) R.H.Petersen,gbif,ネコノコンボウ
2555276,2555276,Multiclavula clara (Berk. & M.A.Curtis) R.H.Petersen,db,アリノタイマツ
2555276,2555276,Multiclavula clara (Berk. & M.A.Curtis) R.H.Petersen,gbif,アリノタイマツ
2555295,2555295,Multiclavula mucida (Pers.) R.H.Petersen,db,シラウオタケ
2555295,2555295,Multiclavula mucida (Pers.) R.H.Petersen,gbif,シラウオタケ
2555586,2555586,Dendrothele acerina (Pers.) P.A.Lemke,db,ヒビコウヤクタケ
2555586,2555586,Dendrothele acerina (Pers.) P.A.Lemke,gbif,ヒビコウヤクタケ
2555586,2555586,Dendrothele acerina (Pers.) P.A.Lemke,gbif,ヒビチョークタケ
2555667,2555667,Vuilleminia comedens (Nees) Maire,db,シロペンキタケ
2555667,2555667,Vuilleminia comedens (Nees) Maire,gbif,シロペンキタケ
2555814,5249961,Phlebia rubiginosa Berk. & Ravenel,db,ケシワウロコタケ
2555814,5249961,Phlebia rubiginosa Berk. & Ravenel,gbif,ケシワウロコタケ
2555818,5249961,Phlebia strigosozonata (Schwein.) Lloyd,db,ケシワウロコタケ
2555818,5249961,Phlebia strigosozonata (Schwein.) Lloyd,gbif,ケシワウロコタケ
2555819,5249961,Phlebia reflexa Berk.,db,ケシワウロコタケ
2555819,5249961,Phlebia reflexa Berk.,gbif,ケシワウロコタケ
2555827,2555826,Dendrothele cyatheae (S.Ito & S.Imai) N.Maek.,db,ヘゴノコウヤクタケ
2555827,2555826,Dendrothele cyatheae (S.Ito & S.Imai) N.Maek.,gbif,ヘゴノコウヤクタケ
2555844,2555844,Cytidia salicina (Fr.) Burt,db,ヤナギノアカコウヤクタケ
2555844,2555844,Cytidia salicina (Fr.) Burt,gbif,ヤナギノアカコウヤクタケ
2555845,2555844,Cytidia rutilans Pers. ex Quél.,db,ヤナギノアカコウヤクタケ
2555845,2555844,Cytidia rutilans Pers. ex Quél.,gbif,ヤナギノアカコウヤクタケ
2555930,5250011,Dendrocorticium roseocarneum (Schwein.) M.J.Larsen & Gilb.,gbif,スミレウロコタケ
2555933,5250011,Laeticorticium roseocarneum (Schwein.) Boidin,gbif,スミレウロコタケ
2555935,5250011,Stereum roseocarneum (Schwein.) Fr.,gbif,スミレウロコタケ
2555937,5250011,Stereum sendaiense Lloyd,gbif,スミレウロコタケ
2555939,5250011,Stereum lilacinofuscum (Berk. & M.A.Curtis) Lloyd,gbif,スミレウロコタケ
2557469,8699607,Ustilago maydis (DC.) Corda,gbif,トウモロコシ黒穂病菌
2557477,8699607,Ustilago zeae (Link) Unger,gbif,トウモロコシ黒穂病菌
2557842,2557842,Phleogena faginea (Fr. & Palmquist) Link,db,トメバリキン
2557842,2557842,Phleogena faginea (Fr. & Palmquist) Link,gbif,トメバリキン
2558176,2558176,Cunninghamella homothallica Komin. & Tubaki,db,ドウタイクスダマカビ
2558258,2558258,Phycomyces nitens (C.Agardh) Kunze,db,ヒゲカビ
2558258,2558258,Phycomyces nitens (C.Agardh) Kunze,gbif,ヒゲカビ
2558469,2558469,Chaetocladium jonesii (Berk. & Broome) Fresen.,db,イトエダカビ
2558544,2558544,Syzygites megalocarpus Ehrenb.,db,フタマタケカビ
2558544,2558544,Syzygites megalocarpus Ehrenb.,gbif,フタマタケカビ
2558944,2558944,Rhizopus stolonifer (Ehrenb.) Vuill.,db,クモノスカビ
2558944,2558944,Rhizopus stolonifer (Ehrenb.) Vuill.,gbif,クモノスカビ
2558946,2558944,Rhizopus nigricans Ehrenb.,db,クモノスカビ
2558946,2558944,Rhizopus nigricans Ehrenb.,gbif,クモノスカビ
2558983,2558983,Pilobolus crystallinus (F.H.Wigg.) Tode,db,ミズタマカビ
2558983,2558983,Pilobolus crystallinus (F.H.Wigg.) Tode,gbif,ミズタマカビ
2559687,2559687,Massospora cicadina Peck,db,ジュウシチネンゼミカビ
2559687,2559687,Massospora cicadina Peck,gbif,ジュウシチネンゼミカビ
2560455,2560455,Gibellula pulchra (Sacc.) Cavara,db,ギベルラタケ
2560534,5251109,Cordyceps sinclairii Berk.,db,ツクツクボウシタケ
2560547,2560547,"Ophiocordyceps sphecocephala (Klotzsch ex Berk.) G.H.Sung, J.M.Sung, Hywel-Jones & Spatafora",db,ハチタケ
2560547,2560547,"Ophiocordyceps sphecocephala (Klotzsch ex Berk.) G.H.Sung, J.M.Sung, Hywel-Jones & Spatafora",gbif,ハチタケ
2560551,2560547,Cordyceps sphecocephala (Klotzsch ex Berk.) Berk. & M.A.Curtis,db,ハチタケ
2560551,2560547,Cordyceps sphecocephala (Klotzsch ex Berk.) Berk. & M.A.Curtis,gbif,ハチタケ
2560564,2560562,Cordyceps sinensis (Berk.) Sacc.,gbif,トウチュウカソウ
2560565,2560565,"Ophiocordyceps myrmecophila (Ces.) G.H.Sung, J.M.Sung, Hywel-Jones & Spatafora",gbif,ニューギニアトゲアリタケ
2560568,2560568,"Ophiocordyceps entomorrhiza (Dicks.) G.H.Sung, J.M.Sung, Hywel-Jones & Spatafora",db,オサムシタンポタケ
2560568,2560568,"Ophiocordyceps entomorrhiza (Dicks.) G.H.Sung, J.M.Sung, Hywel-Jones & Spatafora",gbif,オサムシタケ
2560568,2560568,"Ophiocordyceps entomorrhiza (Dicks.) G.H.Sung, J.M.Sung, Hywel-Jones & Spatafora",gbif,オサムシタンポタケ
2560594,2560594,Beauveria brongniartii (Sacc.) Petch,gbif,マヤサンエツキムシタケ
2560612,2560612,Beauveria bassiana (Bals.-Criv.) Vuill.,db,セミカビ
2560612,2560612,Beauveria bassiana (Bals.-Criv.) Vuill.,gbif,白きょう病菌
2560612,2560612,Beauveria bassiana (Bals.-Criv.) Vuill.,gbif,黄きょう病菌
2560622,2560612,Botrytis bassiana Bals.-Criv.,db,セミカビ
2560622,2560612,Botrytis bassiana Bals.-Criv.,gbif,白きょう病菌
2560622,2560612,Botrytis bassiana Bals.-Criv.,gbif,黄きょう病菌
2560663,3451394,Cordyceps nutans Pat.,db,カメムシタケ
2560663,3451394,Cordyceps nutans Pat.,gbif,カメムシタケ
2560663,3451394,Cordyceps nutans Pat.,gbif,亀虫茸
2560687,7455687,Cordyceps canadensis Ellis & Everh.,gbif,タンポタケ
2560693,2560698,Cordyceps clavulata (Schwein.) Ellis & Everh.,gbif,カイガラムシタケ
2560698,2560698,Ophiocordyceps clavulata (Schwein.) Petch,gbif,カイガラムシタケ
2560700,3451428,Cordyceps stylophora Berk. & Broome,db,クチキツトノミタケ
2560700,3451428,Cordyceps stylophora Berk. & Broome,gbif,クチキツトノミタケ
2560720,3452117,Verticillium aranearum (Petch) W.Gams,db,ウスゲシロクモタケ
2561462,2561462,Hypocrea splendens W.Phillips & Plowr.,db,ダイダイボタンタケ
2561503,7543633,Hypocrea citrina (Pers.) Fr.,gbif,キボタンタケ
2561535,2561535,Hypocrea subsplendens Yoshim.Doi,db,ニセダイダイボタンタケ
2561535,2561535,Hypocrea subsplendens Yoshim.Doi,gbif,ニセダイダイボタンタケ
2561567,2561567,Podostroma solmsii (E.Fisch.) S.Imai,db,キヌガサヤドリタケ
2561567,2561567,Podostroma solmsii (E.Fisch.) S.Imai,gbif,キヌガサヤドリタケ
2561567,2561567,Podostroma solmsii (E.Fisch.) S.Imai,gbif,スッポンヤドリタケ
2561570,7539603,Podostroma alutaceum (Pers.) G.F.Atk.,gbif,ツノタケ
2561574,7539603,Hypocrea alutacea (Pers.) Ces. & De Not.,gbif,ツノタケ
2561840,2561840,Hypomyces hyalinus (Schwein.) Tul. & C.Tul.,db,タケリタケキン
2561857,7930134,Cladobotryum varium Nees,gbif,カワラタケキセイキン
2561867,2561867,Hypomyces chrysospermus Tul. & C.Tul.,db,アワタケヤドリ
2561867,2561867,Hypomyces chrysospermus Tul. & C.Tul.,gbif,アワタケヤドリタケ
2561870,2561867,Sepedonium chrysospermum (Bull.) Fr.,db,アワタケヤドリ
2561870,2561867,Sepedonium chrysospermum (Bull.) Fr.,gbif,アワタケヤドリタケ
2561887,2561887,Hypomyces subiculosus (Berk. & M.A.Curtis) Höhn.,gbif,タコウキンヤドリタケ
2561891,2561887,Hypomyces trichothecioides Tubaki,gbif,タコウキンヤドリタケ
2561979,2561979,Trichothecium roseum (Pers.) Link,db,バライロカビ
2561979,2561979,Trichothecium roseum (Pers.) Link,gbif,バライロカビ
2561985,2561979,Cephalothecium roseum Corda,db,バライロカビ
2561985,2561979,Cephalothecium roseum Corda,gbif,バライロカビ
2562645,2562645,Metarhizium anisopliae (Metschn.) Sorokīn,db,コッキョウビョウキン
2562645,2562645,Metarhizium anisopliae (Metschn.) Sorokīn,gbif,コッキョウビョウキン
2562652,2562645,Metarhizium guizhouense Q.T.Chen & H.L.Guo,db,コッキョウビョウキン
2562652,2562645,Metarhizium guizhouense Q.T.Chen & H.L.Guo,gbif,コッキョウビョウキン
2562692,9766247,Nomuraea atypicola (Yasuda) Samson,gbif,クモタケ
2562742,2562746,Balansia sclerotica (Pat.) Höhn.,db,カツオブシタケ
2563692,5251835,Thyronectria pseudotrichia (Berk. & M.A.Curtis) Seeler,db,アカツブタケ
2563692,5251835,Thyronectria pseudotrichia (Berk. & M.A.Curtis) Seeler,gbif,アカツブタケ
2563695,5251835,Megalonectria pseudotrichia (Berk. & M.A.Curtis) Speg.,db,アカツブタケ
2563695,5251835,Megalonectria pseudotrichia (Berk. & M.A.Curtis) Speg.,gbif,アカツブタケ
2564290,2564290,Polycephalomyces formosus Kobayasi,db,シロサンゴタケ
2564290,2564290,Polycephalomyces formosus Kobayasi,gbif,シロサンゴタケ
2564374,7455687,"Elaphocordyceps capitata (Holmsk.) G.H.Sung, J.M.Sung & Spatafora",gbif,タンポタケ
2564377,7455687,Cordyceps capitata (Holmsk.) Link,gbif,タンポタケ
2564381,8183160,Cordyceps inegoensis Kobayasi,gbif,イネゴセミタケ
2564382,7778338,"Elaphocordyceps japonica (Lloyd) G.H.Sung, J.M.Sung & Spatafora",gbif,タンポタケモドキ
2564383,7778338,Cordyceps japonica Lloyd,gbif,タンポタケモドキ
2564391,7646591,Cordyceps ophioglossoides (Ehrh.) Link,gbif,ハナヤスリタケ
2564396,8205725,Cordyceps paradoxa Kobayasi,gbif,ウメムラセミタケ
2564398,2564398,Tolypocladium inflatum W.Gams,gbif,フトクビクチキムシタケ
2564399,2564398,Cordyceps subsessilis Petch,gbif,フトクビクチキムシタケ
2570258,2570258,Coccodiella arundinariae Hara,db,タケクロイボタケ
2570260,2570258,Coccoidiopsis arundinariae (Hara) Hara,db,タケクロイボタケ
2570261,2570258,Coccostroma arundinariae (Hara) Teng,db,タケクロイボタケ
2572412,2572412,Camarops polysperma (Mont.) J.H.Mill.,db,クロコバンタケ
2572412,2572412,Camarops polysperma (Mont.) J.H.Mill.,gbif,クロコバンタケ
2572416,2572416,Camarops petersii (Berk. & M.A.Curtis) Nannf.,db,ヘタタケ
2572416,2572416,Camarops petersii (Berk. & M.A.Curtis) Nannf.,gbif,ヘタタケ
2572420,2572416,Peridoxylon petersii (Berk. & M.A.Curtis) Shear,db,ヘタタケ
2572420,2572416,Peridoxylon petersii (Berk. & M.A.Curtis) Shear,gbif,ヘタタケ
2573397,7652592,Lasiosphaeria spermoides (Hoffm.) Ces. & De Not.,gbif,シイノミタケ
2574289,2574289,Graphostroma platystomum (Schwein.) Piroz.,gbif,ニマイガワキン
2574951,2574951,Pestalotiopsis fici Steyaert,db,ペスタロチアビョウ
2575291,2575291,Diatrype stigma (Hoffm.) Fr.,db,シトネタケ
2575291,2575291,Diatrype stigma (Hoffm.) Fr.,gbif,シトネタケ
2576308,5255087,Xylocoremium flabelliforme (Schwein.) J.D.Rogers,db,コハマキタケ
2576308,5255087,Xylocoremium flabelliforme (Schwein.) J.D.Rogers,gbif,コブリマメザヤタケ
2576422,2576422,Nemania bipapillata (Berk. & M.A.Curtis) Pouzar,db,ワツキザラミコブタケ
2576422,2576422,Nemania bipapillata (Berk. & M.A.Curtis) Pouzar,gbif,ワツキザラミコブタケ
2576427,2576422,Nemania subannulata (Henn. & E.Nyman) Y.Abe & Z.L.Liu bis,db,ワツキザラミコブタケ
2576427,2576422,Nemania subannulata (Henn. & E.Nyman) Y.Abe & Z.L.Liu bis,gbif,ワツキザラミコブタケ
2576505,2576505,Podosordaria jugoyasan (Hara) Furuya & Udagawa,db,ハチスタケ
2576505,2576505,Podosordaria jugoyasan (Hara) Furuya & Udagawa,gbif,ハチスタケ
2576685,2576685,Rosellinia aquila (Fr.) Ces. & De Not.,db,カタツブタケ
2576685,2576685,Rosellinia aquila (Fr.) Ces. & De Not.,gbif,カタツブタケ
2576800,2576800,"Annulohypoxylon truncatum (Starbäck) Y.M.Ju, J.D.Rogers & H.M.Hsieh",gbif,クロコブタケ
2576930,2576930,Daldinia fissa Lloyd,db,ツボミタケ
2576941,2576941,Daldinia childiae J.D.Rogers & Y.M.Ju,db,チャコブタケ
2576941,2576941,Daldinia childiae J.D.Rogers & Y.M.Ju,gbif,チャコブタケ
2576956,2576956,Daldinia vernicosa Ces. & De Not.,gbif,ツボミタケ
2576960,2576960,Daldinia eschscholzii (Ehrenb.) Rehm,db,チャコブタケモドキ
2577023,2577023,Kretzschmaria deusta (Hoffm.) P.M.D.Martin,db,オオミコブタケ
2577023,2577023,Kretzschmaria deusta (Hoffm.) P.M.D.Martin,gbif,オオミコブタケ
2577029,2577023,Ustulina maxima (Weber) Wettst.,db,オオミコブタケ
2577029,2577023,Ustulina maxima (Weber) Wettst.,gbif,オオミコブタケ
2577031,2577023,Ustulina deusta (Hoffm.) Lind,db,オオミコブタケ
2577031,2577023,Ustulina deusta (Hoffm.) Lind,gbif,オオミコブタケ
2577037,2577023,Ustulina vulgaris Tul.,db,オオミコブタケ
2577037,2577023,Ustulina vulgaris Tul.,gbif,オオミコブタケ
2577053,2577053,Kretzschmaria clavus (Fr.) Sacc.,db,トゲツブコブタケ
2577053,2577053,Kretzschmaria clavus (Fr.) Sacc.,gbif,トゲツブコブタケ
2577220,2577220,"Creosphaeria sassafras (Schwein.) Y.M.Ju, F.San Martín & J.D.Rogers",db,ヒイロミコブタケ
2577220,2577220,"Creosphaeria sassafras (Schwein.) Y.M.Ju, F.San Martín & J.D.Rogers",gbif,ヒイロミコブタケ
2577463,2577462,Chaetosphaeria phaeostroma (Durieu & Mont.) Fuckel,db,クロビロードカビ
2577463,2577462,Chaetosphaeria phaeostroma (Durieu & Mont.) Fuckel,gbif,クロビロードカビ
2577614,2577614,Bulgaria inquinans (Pers.) Fr.,db,クロキクラゲ
2577614,2577614,Bulgaria inquinans (Pers.) Fr.,gbif,ゴムタケ
2577622,2577614,Bulgaria polymorpha (Oeder) Wettst.,db,クロキクラゲ
2577622,2577614,Bulgaria polymorpha (Oeder) Wettst.,gbif,ゴムタケ
2577641,2577641,Gelatinipulvinella astraeicola Hosoya & Y.Otani,gbif,ツチグリツブタケ
2577642,2577641,Aureohyphozyma astraeicola Hosoya & Y.Otani,gbif,ツチグリツブタケ
2577643,2577643,Leotia chlorocephala Schwein.,db,アオズキンタケ
2577643,2577643,Leotia chlorocephala Schwein.,gbif,アオズキンタケ
2577646,2577646,Leotia lubrica (Scop.) Pers.,db,オオズキンタケ
2577646,2577646,Leotia lubrica (Scop.) Pers.,gbif,ズキンタケ
2577646,2577646,Leotia lubrica (Scop.) Pers.,gbif,頭巾茸
2577929,2577929,Pleochaeta shiraiana (Henn.) Kimbr. & Korf,gbif,エノキ裏うどんこ病菌
2577930,2577929,Uncinula shiraiana Henn.,gbif,エノキ裏うどんこ病菌
2578990,2578990,Spathulariopsis velutipes (Cooke & Farl.) Maas Geest.,db,コゲエノヘラタケ
2578990,2578990,Spathulariopsis velutipes (Cooke & Farl.) Maas Geest.,gbif,コゲエノヘラタケ
2580363,2580363,Dicephalospora rufocornea (Berk. & Broome) Spooner,db,ニセキンカクアカビョウタケ
2580363,2580363,Dicephalospora rufocornea (Berk. & Broome) Spooner,gbif,ニセキンカクアカビョウタケ
2580364,2580363,Hymenoscyphus rufocorneus (Berk. & Broome) Dennis,db,ニセキンカクアカビョウタケ
2580364,2580363,Hymenoscyphus rufocorneus (Berk. & Broome) Dennis,gbif,ニセキンカクアカビョウタケ
2580490,9007128,Rutstroemia echinophila (Bull.) Höhn.,db,クリノイガワンタケ
2580490,9007128,Rutstroemia echinophila (Bull.) Höhn.,gbif,クリノイガワンタケ
2580537,2580537,Chlorencoelia torta (Schwein.) J.R.Dixon,gbif,コケイロサラタケモドキ
2580538,2580537,Chlorosplenium tortum (Schwein.) Fr.,gbif,コケイロサラタケモドキ
2580540,2580540,Chlorencoelia versiformis (Pers.) J.R.Dixon,db,コケイロサラタケ
2580540,2580540,Chlorencoelia versiformis (Pers.) J.R.Dixon,gbif,コケイロサラタケ
2580541,2580540,Chlorosplenium versiforme (Pers.) P.Karst.,db,コケイロサラタケ
2580541,2580540,Chlorosplenium versiforme (Pers.) P.Karst.,gbif,コケイロサラタケ
2580619,5255919,Gymnomitrula abietis (Fr.) S.Imai,db,マツバヒメカンムリタケ
2580619,5255919,Gymnomitrula abietis (Fr.) S.Imai,gbif,マツバヒメカンムリタケ
2580643,2580643,Chlorosplenium chlora (Schwein.) M.A.Curtis,gbif,フユノウスキサラタケ
2580700,2580700,Dermea cerasi (Pers.) Fr.,db,ヘソタケ
2580700,2580700,Dermea cerasi (Pers.) Fr.,gbif,ヘソタケ
2580702,2580700,Dermatea cerasi (Pers.) Fr.,db,ヘソタケ
2580702,2580700,Dermatea cerasi (Pers.) Fr.,gbif,ヘソタケ
2581361,2581361,Vibrissea leptospora (Berk. & Broome) W.Phillips,db,キイロヒメボタンタケ
2581363,2581361,Apostemidium leptosporum (Berk. & Broome) Boud.,db,キイロヒメボタンタケ
2581365,2581365,Vibrissea truncorum (Alb. & Schwein.) Fr.,db,ピンタケ
2581365,2581365,Vibrissea truncorum (Alb. & Schwein.) Fr.,gbif,ピンタケ
2581779,2581779,Mniaecia jungermanniae (Fr.) Boud.,gbif,ミドリコケビョウタケ
2581903,2581903,Tatraea macrospora (Peck) Baral,gbif,クチキノサカズキタケ
2581906,2581903,Rutstroemia macrospora (Peck) Kanouse,gbif,クチキノサカズキタケ
2581909,2581903,Ciboria peckiana (Cooke) Korf,gbif,クチキノサカズキタケ
2582306,2582306,Hymenoscyphus repandus (W.Phillips) Dennis,db,ヒメニセビョウタケ
2582306,2582306,Hymenoscyphus repandus (W.Phillips) Dennis,gbif,ヒメニセビョウタケ
2582331,2582331,Hymenoscyphus scutula (Pers.) W.Phillips,gbif,ニセビョウタケ
2582604,2582604,Cyathicula coronata (Bull.) Rehm,db,オウカンサカズキビョウタケ
2582643,2582643,Ascoclavulina sakaii Otani,db,クチキトサカタケ
2582643,2582643,Ascoclavulina sakaii Otani,gbif,クチキトサカタケ
2582976,2582976,Ciborinia camelliae L.M.Kohn,db,ツバキキンカクチャワンタケ
2582976,2582976,Ciborinia camelliae L.M.Kohn,gbif,ツバキキンカクチャワンタケ
2582988,2582988,Ciborinia gracilipes (Cooke) Seaver,gbif,ホオノキキンカクキン
2583044,2583044,Ciboria caucus (Rebent.) Fuckel,gbif,ハンノキハナホキンカクキン
2583068,2583068,Ciboria batschiana (Zopf) N.F.Buchw.,db,ドングリキンカクキン
2583068,2583068,Ciboria batschiana (Zopf) N.F.Buchw.,gbif,ドングリキンカクキン
2583069,2583068,Sclerotinia pseudotuberosa (Rehm) Rehm,db,ドングリキンカクキン
2583069,2583068,Sclerotinia pseudotuberosa (Rehm) Rehm,gbif,ドングリキンカクキン
2583073,2583068,Ciboria pseudotuberosa Rehm,db,ドングリキンカクキン
2583073,2583068,Ciboria pseudotuberosa Rehm,gbif,ドングリキンカクキン
2583088,2583088,Ciboria rufofusca (O.Weberb.) Sacc.,db,マツカサチャワンタケ
2583088,2583088,Ciboria rufofusca (O.Weberb.) Sacc.,gbif,マツカサチャワンタケ
2583139,2583139,Botrytis cinerea Pers.,db,ハイイロカビ
2583139,2583139,Botrytis cinerea Pers.,gbif,ハイイロカビ
2583458,2583139,Botryotinia fuckeliana (de Bary) Whetzel,db,ハイイロカビ
2583458,2583139,Botryotinia fuckeliana (de Bary) Whetzel,gbif,ハイイロカビ
2583465,2583139,Sclerotinia fuckeliana (de Bary) Fuckel,db,ハイイロカビ
2583465,2583139,Sclerotinia fuckeliana (de Bary) Fuckel,gbif,ハイイロカビ
2584040,2584040,Pachycudonia constrictospora (S.Ito & S.Imai) S.Imai,db,オオホテイタケ
2584041,2584040,Cudonia constrictospora S.Ito & S.Imai,db,オオホテイタケ
2584306,5256859,Bisporella citrina (Batsch) Korf & S.E.Carp.,gbif,ビョウタケ
2584313,5256859,Helotium citrinum (Hedw.) Fr.,gbif,ビョウタケ
2584317,5256859,Calycella citrina (Batsch) Boud.,gbif,ビョウタケ
2584326,2584326,Podophacidium xanthomelum (Pers.) Kavina,db,ヤブレヤマブキコチャワンタケ
2584345,2584345,Ascocoryne cylichnium (Tul.) Korf,db,ムラサキゴムタケ
2584345,2584345,Ascocoryne cylichnium (Tul.) Korf,gbif,ムラサキゴムタケ
2584540,8411734,Chlorosplenium aeruginascens (Nyl.) P.Karst.,db,ロクショウグサレキンモドキ
2584540,8411734,Chlorosplenium aeruginascens (Nyl.) P.Karst.,gbif,ロクショウグサレキンモドキ
2584551,8618255,Chlorosplenium aeruginosum (Oeder) De Not.,db,ロクショウグサレキン
2584551,8618255,Chlorosplenium aeruginosum (Oeder) De Not.,gbif,ロクショウグサレキン
2584899,2584899,Hyphodiscus theiodeus (Cooke & Ellis) W.Y.Zhuang,gbif,ヤドリウスチャチャワンタケ
2585498,2585498,Proliferodiscus alboviridis (Sacc.) Spooner,gbif,フタツミシロヒナノチャワンタケ
2585535,2585535,Arachnopeziza aurelia (Pers.) Fuckel,db,クモノスアカゲヒナチャワン
2585535,2585535,Arachnopeziza aurelia (Pers.) Fuckel,gbif,クモノスアカゲヒナチャワン
2585568,3489015,Dasyscyphus roridus (Wallr.) Sacc.,db,モイワヒナノチャワンタケ
2585568,3489015,Dasyscyphus roridus (Wallr.) Sacc.,gbif,モイワヒナノチャワンタケ
2586042,2586036,Dasyscyphus diminutus (Roberge ex Desm.) Sacc.,db,シロヒメチャワンタケ
2586042,2586036,Dasyscyphus diminutus (Roberge ex Desm.) Sacc.,gbif,シロヒメチャワンタケ
2586090,7507528,Lachnum abnorme (Mont.) J.H.Haines & Dumont,gbif,ユガミヒナノチャワンタケ
2586103,2586103,Lachnum virgineum (Batsch) P.Karst.,db,シロヒナノチャワン
2586103,2586103,Lachnum virgineum (Batsch) P.Karst.,gbif,シロヒナノチャワンタケ
2586107,2586103,Dasyscyphus virgineus (Batsch) Gray,db,シロヒナノチャワン
2586107,2586103,Dasyscyphus virgineus (Batsch) Gray,gbif,シロヒナノチャワンタケ
2586251,2586251,Lachnum nudipes (Fuckel) Nannf.,db,シロヒナノチャワンタケモドキ
2586256,2586251,Dasyscyphus nudipes (Fuckel) Sacc.,db,シロヒナノチャワンタケモドキ
2586293,2586293,Lachnum apalum (Berk. & Broome) Nannf.,db,ハリミノヒナノチャワンタケ
2586293,2586293,Lachnum apalum (Berk. & Broome) Nannf.,gbif,ハリミノヒナノチャワンタケ
2586294,2586293,Dasyscyphus apalus (Berk. & Broome) Dennis,db,ハリミノヒナノチャワンタケ
2586294,2586293,Dasyscyphus apalus (Berk. & Broome) Dennis,gbif,ハリミノヒナノチャワンタケ
2586312,2586312,Lachnum pritzelianum (Henn.) Spooner,db,ビロウバヒナノチャワンタケ
2586312,2586312,Lachnum pritzelianum (Henn.) Spooner,gbif,ビロウバヒナノチャワンタケ
2586652,2586652,Albotricha acutipila (P.Karst.) Raitv.,db,トガリケヒナノチャワンタケ
2586652,2586652,Albotricha acutipila (P.Karst.) Raitv.,gbif,トガリケヒナノチャワンタケ
2586659,2586652,Dasyscyphus acutipilus (P.Karst.) Sacc.,db,トガリケヒナノチャワンタケ
2586659,2586652,Dasyscyphus acutipilus (P.Karst.) Sacc.,gbif,トガリケヒナノチャワンタケ
2586748,2586748,Lachnellula willkommii (R.Hartig) Dennis,db,ラクネルルラ・ウィルコムミイ
2586748,2586748,Lachnellula willkommii (R.Hartig) Dennis,gbif,ラクネルルラ・ウィルコムミイ
2586749,2586748,Dasyscyphus willkommii (R.Hartig) Rehm,db,ラクネルルラ・ウィルコムミイ
2586749,2586748,Dasyscyphus willkommii (R.Hartig) Rehm,gbif,ラクネルルラ・ウィルコムミイ
2586768,8657827,Dasyscyphus calyciformis (Batsch) Rehm,db,モミノコザラタケ
2586768,8657827,Dasyscyphus calyciformis (Batsch) Rehm,gbif,モミノコザラタケ
2586845,2586845,Geoglossum glabrum Pers.,db,タマテングノメシガイ
2586852,2586852,Geoglossum difforme Fr.,db,テングノハナヤスリ
2586852,2586852,Geoglossum difforme Fr.,gbif,テングノハナヤスリ
2586853,2586852,Gloeoglossum difforme (Fr.) E.J.Durand,db,テングノハナヤスリ
2586853,2586852,Gloeoglossum difforme (Fr.) E.J.Durand,gbif,テングノハナヤスリ
2586856,2586856,Geoglossum fallax E.J.Durand,db,エゾテングノメシガイ
2586856,2586856,Geoglossum fallax E.J.Durand,gbif,カバイロテングノメシガイ
2586857,2586857,Geoglossum umbratile Sacc.,db,ヒメテングノメシガイ
2586857,2586857,Geoglossum umbratile Sacc.,gbif,ヒメテングノメシガイ
2586858,2586858,Geoglossum simile Peck,db,ジュズテングノメシガイ
2586858,2586858,Geoglossum simile Peck,gbif,ジュズテングノメシガイ
2586915,2586915,Microglossum rufum (Schwein.) Underw.,db,キシャモジタケ
2586920,2586920,Trichoglossum walteri (Berk.) E.J.Durand,db,ナナフシテングノメシガイ
2586920,2586920,Trichoglossum walteri (Berk.) E.J.Durand,gbif,ナナフシテングノメシガイ
2586921,2586920,Geoglossum walteri Berk.,db,ナナフシテングノメシガイ
2586921,2586920,Geoglossum walteri Berk.,gbif,ナナフシテングノメシガイ
2586922,2586922,Trichoglossum variabile (E.J.Durand) Nannf.,db,カワリテングノメシガイ
2586922,2586922,Trichoglossum variabile (E.J.Durand) Nannf.,gbif,カワリテングノメシガイ
2587439,2587439,Orbilia sarraziniana Boud.,db,ウスベニロウサラタケ
2587439,2587439,Orbilia sarraziniana Boud.,gbif,ウスベニロウサラタケ
2587739,2587739,Dictyocatenulata alba Finley & E.F.Morris,gbif,サントクチイ
2591021,2591021,Normandina pulchella (Borrer) Nyl.,gbif,ノルマンゴケ
2592831,2592831,Enterographa crassa (DC.) Fée,gbif,クチナワコゴケ
2592833,2592831,Chiodecton crassum (DC.) Zahlbr.,gbif,クチナワコゴケ
2592834,10779965,Enterographa anguinella (Nyl.) Redinger,gbif,クチナワゴケ
2593018,2593018,Protomyces pachydermus Thüm.,gbif,タンポポ浮腫病菌
2593045,2593045,Taphrina wiesneri (Ráthay) Mix,gbif,サクラてんぐ巣病菌
2593065,2593065,Taphrina deformans (Berk.) Tul.,gbif,モモ縮葉病菌
2593067,2593065,Exoascus deformans (Berk.) Fuckel,gbif,モモ縮葉病菌
2593189,2593189,Ozonium auricomum Link,db,キワタタケ
2593192,2593192,Rhizina undulata Fr.,db,ツチクラゲ
2593192,2593192,Rhizina undulata Fr.,gbif,ツチクラゲ
2593195,2593192,Rhizina inflata (Schaeff.) Quél.,db,ツチクラゲ
2593195,2593192,Rhizina inflata (Schaeff.) Quél.,gbif,ツチクラゲ
2593328,2593328,Karstenella vernalis Harmaja,gbif,アリノシトネ
2593397,2593397,Hydnotrya tulasnei (Berk.) Berk. & Broome,db,クルミタケ
2593397,2593397,Hydnotrya tulasnei (Berk.) Berk. & Broome,gbif,クルミタケ
2593397,2593397,Hydnotrya tulasnei (Berk.) Berk. & Broome,gbif,クルミタケモドキ
2593400,2593397,Hydnotrya carnea (Corda) Zobel,db,クルミタケ
2593400,2593397,Hydnotrya carnea (Corda) Zobel,gbif,クルミタケ
2593400,2593397,Hydnotrya carnea (Corda) Zobel,gbif,クルミタケモドキ
2593405,2593405,Caloscypha fulgens (Pers.) Boud.,db,キチャワンタケ
2593405,2593405,Caloscypha fulgens (Pers.) Boud.,gbif,キチャワンタケ
2593409,2593405,Pseudoplectania fulgens (Pers.) Fuckel,db,キチャワンタケ
2593409,2593405,Pseudoplectania fulgens (Pers.) Fuckel,gbif,キチャワンタケ
2593421,2593421,Korfiella karnika D.C.Pant & V.P.Tewari,db,コフキクロチャワンタケ
2593421,2593421,Korfiella karnika D.C.Pant & V.P.Tewari,gbif,コフキクロチャワンタケ
2593435,8517490,Pseudoplectania vogesiaca (Moug. & Nestl.) Seaver,db,ニセクロチャワンタケ
2593435,8517490,Pseudoplectania vogesiaca (Moug. & Nestl.) Seaver,gbif,ニセクロチャワンタケ
2593436,2593436,Pseudoplectania nigrella (Pers.) Fuckel,db,クロチャワンタケ
2593436,2593436,Pseudoplectania nigrella (Pers.) Fuckel,gbif,クロチャワンタケ
2593465,2593465,Plectania platensis (Speg.) Rifai,db,クロヒメチャワンタケ
2593465,2593465,Plectania platensis (Speg.) Rifai,gbif,クロヒメチャワンタケ
2593573,2593573,Geopyxis carbonaria (Alb. & Schwein.) Sacc.,db,ヤケアトサカズキタケ
2593573,2593573,Geopyxis carbonaria (Alb. & Schwein.) Sacc.,gbif,ヤケアトサカズキタケ
2593590,2593590,Leucoscypha leucotricha (Alb. & Schwein.) Boud.,gbif,ワタゲシロチャワンタケ
2593792,2593792,Otidea bufonia (Pers.) Boud.,db,ウズマキワンタケ
2593792,2593792,Otidea bufonia (Pers.) Boud.,gbif,ウズマキワンタケ
2593795,2593795,Otidea alutacea (Pers.) Massee,db,カワリニセチャワンタケ
2593795,2593795,Otidea alutacea (Pers.) Massee,gbif,ニセチャワンタケ
2593801,2593801,Otidea grandis (Pers.) Rehm,db,クロチャニセチャワンタケ
2593801,2593801,Otidea grandis (Pers.) Rehm,gbif,クロチャニセチャワンタケ
2593806,2593806,Otidea leporina (Batsch) Fuckel,db,キミミタケ
2593806,2593806,Otidea leporina (Batsch) Fuckel,gbif,キミミタケ
2593897,2593897,Scutellinia scutellata (L.) Lambotte,db,アカジクラゲ
2593897,2593897,Scutellinia scutellata (L.) Lambotte,gbif,アラゲコベニチャワンタケ
2593983,2593983,Melastiza chateri (W.G.Sm.) Boud.,db,ベニサラタケ
2593983,2593983,Melastiza chateri (W.G.Sm.) Boud.,gbif,ベニサラタケ
2594190,2594190,Tarzetta catinus (Holmsk.) Korf & J.K.Rogers,gbif,シロツボタケ
2594239,2594239,Octospora humosa (Fr.) Dennis,gbif,スギゴケチャワンタケ
2594381,2594381,Cheilymenia fimicola (Bagl.) Dennis,db,マキバノチャワンタケ
2594381,2594381,Cheilymenia fimicola (Bagl.) Dennis,gbif,マキバノチャワンタケ
2594421,2594421,Cheilymenia theleboloides (Alb. & Schwein.) Boud.,db,ヤマブキクチガネワンタケ
2594421,2594421,Cheilymenia theleboloides (Alb. & Schwein.) Boud.,gbif,ヤマブキクチガネワンタケ
2594493,2594493,Anthracobia melaloma (Alb. & Schwein.) Arnould,db,ヒメウロコベニチャワンタケ
2594602,2594602,Morchella esculenta (L.) Pers.,db,アミガサタケ
2594602,2594602,Morchella esculenta (L.) Pers.,gbif,アミガサタケ
2594602,2594602,Morchella esculenta (L.) Pers.,gbif,編笠茸
2594612,2594612,Morchella crassipes (Vent.) Pers.,db,アシブトアミガサタケ
2594617,2594602,Morchella conica Pers.,db,アミガサタケ
2594617,2594602,Morchella conica Pers.,gbif,アミガサタケ
2594617,2594602,Morchella conica Pers.,gbif,編笠茸
2594619,2594619,Morchella smithiana Cooke,db,オオアミガサタケ
2594620,2594620,Morchella deliciosa Fr.,db,アシボソアミガサタケ
2594620,2594620,Morchella deliciosa Fr.,gbif,アシボソアミガサタケ
2594624,2594624,Morchella angusticeps Peck,gbif,コトガリアミガサタケ
2594626,2594626,Morchella elata Fr.,db,オオトガリアミガサタケ
2594626,2594626,Morchella elata Fr.,gbif,オオトガリアミガサタケ
2594630,2594630,Morchella costata Pers.,db,ヒロメノトガリアミガサタケ
2594635,5259057,Ptychoverpa bohemica (Krombh.) Boud.,db,オオズキンカブリ
2594635,5259057,Ptychoverpa bohemica (Krombh.) Boud.,gbif,オオズキンカブリタケ
2594649,2594649,Morchella semilibera DC.,gbif,トガリフカアミガサタケ
2594709,2594709,Helvella atra J.König,db,クロアシボソノボリリュウ
2594711,2594711,Helvella ephippium Lév.,db,クラガタノボリリュウ
2594711,2594711,Helvella ephippium Lév.,gbif,クラガタノボリリュウ
2594716,2594716,Helvella elastica Bull.,db,アシボソノボリリュウ
2594716,2594716,Helvella elastica Bull.,gbif,アシボソノボリリュウ
2594732,2594732,Helvella phlebophora Pat. & Doass.,db,カサガタノボリリュウタケ
2594737,2594737,Helvella corium (O.Weberb.) Massee,db,クロワンガタノボリリュウ
2594737,2594737,Helvella corium (O.Weberb.) Massee,gbif,クロワンガタノボリリュウ
2594756,2594756,Helvella acetabulum (L.) Quél.,db,ウラスジチャワンタケ
2594756,2594756,Helvella acetabulum (L.) Quél.,gbif,ウラスジチャワンタケ
2594764,2594756,Paxina acetabulum (L.) Kuntze,db,ウラスジチャワンタケ
2594764,2594756,Paxina acetabulum (L.) Kuntze,gbif,ウラスジチャワンタケ
2594765,2594765,Helvella lacunosa Afzel.,db,クロアミガサタケ
2594765,2594765,Helvella lacunosa Afzel.,gbif,クロノボリリュウ
2594776,2594776,Helvella macropus (Pers.) P.Karst.,db,コノボリリュウ
2594776,2594776,Helvella macropus (Pers.) P.Karst.,gbif,ナガエノチャワンタケ
2594844,5259114,Verticicladium trifidum Preuss,db,マツバノヒゲワンタケ
2594883,2594883,Pithya vulgaris Fuckel,db,マツノコベニサラタケ
2594883,2594883,Pithya vulgaris Fuckel,gbif,マツノコベニサラタケ
2594904,5259120,Sarcoscypha protracta (Fr.) Sacc.,gbif,コベニチャワンタケモドキ
2594936,2594936,Cookeina tricholoma (Mont.) Kuntze,db,アラゲウスベニコップタケ
2594936,2594936,Cookeina tricholoma (Mont.) Kuntze,gbif,アラゲウスベニコップタケ
2594961,2594961,Sarcoscypha occidentalis (Schwein.) Sacc.,db,ベニチャワンタケモドキ
2594961,2594961,Sarcoscypha occidentalis (Schwein.) Sacc.,gbif,ベニチャワンタケモドキ
2595014,2595014,Pachyella clypeata (Schwein.) Le Gal,db,カバイロチャワンタケ
2595014,2595014,Pachyella clypeata (Schwein.) Le Gal,gbif,カバイロチャワンタケ
2595033,2595033,Pachyella violaceonigra (Rehm) Pfister,db,ケシムラサキチャワンタケ
2595033,2595033,Pachyella violaceonigra (Rehm) Pfister,gbif,ケシムラサキチャワンタケ
2595170,12149748,Galactinia succosa (Berk.) Sacc.,gbif,キゾメチャワンタケ
2595572,2595572,Ascobolus denudatus Fr.,db,イバリスイライカビ
2595572,2595572,Ascobolus denudatus Fr.,gbif,イバリスイライカビ
2595602,8943586,Lasiobolus equinus (O.F.Müll.) P.Karst.,db,ハリケシロヒメフンタケ
2595607,8732823,Ascobolus stercorarius (Bull.) J.Schröt.,db,スイライカビ
2595607,8732823,Ascobolus stercorarius (Bull.) J.Schröt.,gbif,スイライカビ
2595651,2595651,Ascobolus hansenii M.D.Paulsen & Dissing,db,ホソミノイバリスイライカビ
2595693,2595693,Phaeocalicium flabelliforme Tibell,gbif,ニセノミピンゴケ
2596863,2596863,Agonimia opuntiella (Buschardt & Poelt) Vĕzda,gbif,ケツブゴケ
2596866,2596866,Agonimia tristicula (Nyl.) Zahlbr.,gbif,ツブゴケ
2596982,2596982,Corynelia uberata Fr.,db,ビンタマカビ
2596982,2596982,Corynelia uberata Fr.,gbif,ビンタマカビ
2597156,2597156,Penicilliopsis clavariiformis Solms,gbif,カキノミタケ
2597161,2597161,Dendrosphaera eberhardtii Pat.,db,エダウチホコリタケモドキ
2597161,2597161,Dendrosphaera eberhardtii Pat.,gbif,エダウチホコリタケモドキ
2598066,2598066,Eurotium herbariorum (F.H.Wigg.) Link,db,カワキコウジカビ
2598071,8629532,Eurotium manginii Thom & Raper ex Bilaĭ & Koval,db,カツオブシカビ
2598116,10756417,Paecilomyces tenuipes (Peck) Samson,gbif,ウスキサナギタケ
2598116,10756417,Paecilomyces tenuipes (Peck) Samson,gbif,ハナサナギタケ
2598132,10604897,Paecilomyces farinosus (Holmsk.) A.H.S.Br. & G.Sm.,gbif,コナサナギタケ
2598150,8276361,Paecilomyces nostocoides M.T.Dunn,gbif,ツチカメムシタケ
2598161,8276361,Paecilomyces lilacinus (Thom) Samson,gbif,ツチカメムシタケ
2598178,10323406,Paecilomyces fumosoroseus (Wize) A.H.S.Br. & G.Sm.,gbif,赤きょう病菌
2598361,2598361,Elaphomyces japonicus Lloyd,db,キツチダンゴ
2598368,2598368,Elaphomyces muricatus Fr.,db,アミメツチダンゴ
2598369,2598368,Elaphomyces variegatus Vittad.,db,アミメツチダンゴ
2598369,2598368,Elaphomyces variegatus Vittad.,gbif,アミメツチダンゴ
2598370,2598370,Elaphomyces granulatus Fr.,db,ツチダンゴ
2598370,2598370,Elaphomyces granulatus Fr.,gbif,ツチダンゴ
2598377,2598377,"Pseudotulostoma japonicum (Kawam. ex Otani) I.Asai, H.Sato & Nara",db,コウボウフデ
2598377,2598377,"Pseudotulostoma japonicum (Kawam. ex Otani) I.Asai, H.Sato & Nara",gbif,コウボウフデ
2598379,2598377,Battarrea japonica Kawam. ex Otani,db,コウボウフデ
2598379,2598377,Battarrea japonica Kawam. ex Otani,gbif,コウボウフデ
2599491,2599491,Debaryomyces hansenii (Zopf) Lodder & Kreger-van Rij,db,デバリオミケス・ハンセニイ
2599597,2599597,Candida albicans (C.P.Robin) Berkhout,gbif,カンジダ・アルビカンス
2599664,2599664,Neolecta vitellina (Bres.) Korf & J.K.Rogers,db,ヒメカンムリタケ
2599664,2599664,Neolecta vitellina (Bres.) Korf & J.K.Rogers,gbif,ヒメカンムリタケ
2599669,2599664,Spragueola vitellina (Bres.) Nannf.,db,ヒメカンムリタケ
2599669,2599664,Spragueola vitellina (Bres.) Nannf.,gbif,ヒメカンムリタケ
2599671,2599671,Neolecta irregularis (Peck) Korf & J.K.Rogers,db,カベンタケモドキ
2599671,2599671,Neolecta irregularis (Peck) Korf & J.K.Rogers,gbif,カベンタケモドキ
2599672,2599671,Ascocorynium irregulare (Peck) S.Ito & S.Imai,db,カベンタケモドキ
2599672,2599671,Ascocorynium irregulare (Peck) S.Ito & S.Imai,gbif,カベンタケモドキ
2599674,2599671,Spragueola irregularis (Peck) Nannf.,db,カベンタケモドキ
2599674,2599671,Spragueola irregularis (Peck) Nannf.,gbif,カベンタケモドキ
2599739,5260387,Trapelia mooreana (Carroll) P.James,gbif,ミネヘリトリサラゴケ
2599864,2599864,Baeomyces rufus (Huds.) Rebent.,gbif,アカセンニンゴケ
2599870,2599870,Baeomyces placophyllus Ach.,gbif,ヒロハセンニンゴケ
2599936,10739943,Pertusaria corallina (L.) Arnold,gbif,サンゴトリハダゴケ
2599948,10870435,Pertusaria multipuncta (Turner) Nyl.,gbif,オオカノコゴケ
2600095,10877889,Pertusaria leucosora Nyl.,gbif,ユキトリハダゴケ
2600122,9682466,Pertusaria commutata Müll.Arg.,gbif,ヒメトリハダゴケ
2600196,2600196,Ochrolechia upsaliensis (L.) A.Massal.,gbif,ヒメニクイボゴケ
2600234,2600234,Ochrolechia trochophora (Vainio) Oshio,gbif,クサビラゴケ
2600361,2600361,Dibaeis sorediata Kalb & Gierl,gbif,コナセンニンゴケ
2600365,2600365,Dibaeis absoluta (Tuck.) Kalb & Gierl,gbif,ヒメセンニンゴケ
2600366,2600365,Baeomyces absolutus Tuck.,gbif,ヒメセンニンゴケ
2600369,2600369,Icmadophila ericetorum (L.) Zahlbr.,gbif,アオシモゴケ
2600375,2600375,Thamnolia subuliformis (Ehrh.) W.L.Culb.,gbif,トキワムシゴケ
2600377,11068129,Thamnolia subvermicularis Asahina,gbif,ムシゴケ
2600423,2600423,Rhizocarpon geographicum (L.) DC.,gbif,チズゴケ
2600706,2600706,Lasallia pensylvanica (Hoffm.) Llano,gbif,オオイワブスマ
2600976,8532457,Leptogium lichenoides (L.) Zahlbr.,gbif,ヒメトサカチイ
2601012,2601012,Leptogium cyanescens (Ach.) Körb.,gbif,チヂレアオキノリ
2601014,2601012,Leptogium caesium (Ach.) Vain.,gbif,チヂレアオキノリ
2601042,2601042,Leptogium azureum (Sw.) Mont.,gbif,アオキノリ
2601145,2601145,Peltigera polydactylon (Neck.) Hoffm.,gbif,モミジツメ ゴケ
2601424,2601424,Pseudocyphellaria crocata (L.) Vain.,gbif,ニセキンブチゴケ
2602086,2602086,Diploschistes euganeus (A.Massal.) J.Steiner,gbif,シロキッコウゴケ
2602448,10741650,Thelotrema inalbescens Nyl.,gbif,アナゴケ
2603187,5261103,Dimerella lutea (Dicks.) Trevis.,gbif,ダイダイサラゴケ
2603189,5261103,Microphiale lutea (Dicks.) Zahlbr.,gbif,ダイダイサラゴケ
2603225,2603225,"Amygdalaria consentiens (Nyl.) Hertel, Brodo & Mas.Inoue",gbif,タイラシアノヘリトリゴケ
2603427,11108459,Huilia albocaerulescens (Wulfen) Hertel,gbif,ヘリトリゴケ
2603431,11108459,Lecidea albocaerulescens (Wulfen) Ach.,gbif,ヘリトリゴケ
2603480,2603540,Porpidia flavocaerulescens (Hornem.) Hertel & A.J.Schwab,gbif,アカゾメヘリトリゴケ
2603540,2603540,Porpidia flavicunda (Ach.) Gowan,gbif,アカゾメヘリトリゴケ
2603582,11108459,Lecidea albocoerulescens (Wulfen) Ach.,gbif,ヘリトリゴケ
2603661,2603661,Menegazzia terebrata (Hoffm.) A.Massal.,gbif,センシゴケ
2603662,2603661,Parmelia pertusa Schaer.,gbif,センシゴケ
2603663,2603661,Menegazzia pertusa (Schaer.) Stein,gbif,センシゴケ
2603707,2603707,Melanelia hepatizon (Ach.) A.Thell,gbif,タカネゴケモドキ
2603709,2603707,Cetraria hepatizon (Ach.) Vain.,gbif,タカネゴケモドキ
2603713,2605326,Parmelia olivacea (L.) Ach.,gbif,オリーブゴケ
2603725,2603725,Melanelia stygia (L.) Essl.,gbif,タカネゴケ
2603726,2603725,Parmelia stygia (L.) Ach.,gbif,タカネゴケ
2603750,9756276,Karoowia saxeti (Stizenb.) Hale,gbif,ハマキクバゴケ
2604379,2604379,Xanthoparmelia conspersa (Ehrh. ex Ach.) Hale,gbif,キクバゴケ
2604382,2604379,Parmelia conspersa (Ehrh. ex Ach.) Ach.,gbif,キクバゴケ
2604508,2604508,Xanthoparmelia hirosakiensis (Gyelnik) Kurok.,gbif,キクバゴケモドキ
2604539,2604539,Xanthoparmelia claviculata Kurok.,gbif,ノルロバリドンキクバゴケ
2604560,2604560,Xanthoparmelia coreana,gbif,ウスイロキクバゴケ
2604560,2604560,Xanthoparmelia coreana,gbif,ヤマキクバゴケ
2604802,2604802,Xanthoparmelia botryoides Kurok.,gbif,トゲツブキクバゴケ
2604802,2604802,Xanthoparmelia botryoides Kurok.,gbif,フサナリキクバゴケ
2604990,2604990,Xanthoparmelia orientalis Kurok.,gbif,アカゾメキクバゴケ
2605136,2605136,Bulbothrix isidiza (Nyl.) Hale,gbif,シラチャフトネゴケ
2605136,2605136,Bulbothrix isidiza (Nyl.) Hale,gbif,フトネゴケ
2605209,2605209,Punctelia subrudecta (Nyl.) Krog,gbif,タイワンハクテンゴケ
2605231,2605231,Punctelia rudecta (Ach.) Krog,gbif,トゲハクテンゴケ
2605241,2605241,Punctelia borreri (Sm.) Krog,gbif,ハクテンゴケ
2605244,2605241,Parmelia borreri (Sm.) Turner,gbif,ハクテンゴケ
2605255,2605255,Evernia mesomorpha Nyl.,gbif,コフキヤマヒコノリ
2605261,2605261,Evernia prunastri (L.) Ach.,gbif,ツノマタゴケ
2605279,2605279,Cetraria sepincola (Ehrh.) Ach.,gbif,スルメゴケ
2605280,2605279,Tuckermannopsis sepincola (Ehrh.) Hale,gbif,スルメゴケ
2605287,10793089,Tuckermannopsis americana (Spreng.) Hale,gbif,ヒゲアワビゴケ
2605297,2605297,Arctoparmelia incurva (Pers.) Hale,gbif,イリタマゴゴケ
2605301,2605301,Arctoparmelia centrifuga (L.) Hale,gbif,ウスギワゴケ
2605326,2605326,"Melanohalea olivacea (L.) O.Blanco, A.Crespo, Divakar, Essl., D.Hawksw. & Lumbsch",gbif,オリーブゴケ
2605327,2605326,Melanelia olivacea (L.) Essl.,gbif,オリーブゴケ
2605384,2605384,Myelochroa aurulenta (Tuck.) Elix & Hale,gbif,コナウチキウメノキゴケ
2605385,2605384,Parmelia aurulenta Tuck.,gbif,コナウチキウメノキゴケ
2605394,2605394,Myelochroa irrugans (Nyl.) Elix & Hale,gbif,ウチキウメノキゴケ
2605422,10307780,Flavocetraria cucullata (Bellardi) Kärnefelt & A.Thell,gbif,ウスキエイランタイ
2605423,10307780,Allocetraria cucullata (Bellardi) Randlane & Saag,gbif,ウスキエイランタイ
2605424,10307780,Cetraria cucullata (Bellardi) Ach.,gbif,ウスキエイランタイ
2605504,2605504,Hypotrachyna sinuosa (Sm.) Hale,gbif,ニュウガサウメノキゴケ
2605627,2605627,Hypotrachyna osseoalba (Vain.) Y.S.Park & Hale,gbif,ゴンゲンゴケ
2605663,2605664,Parmelinopsis minarum (Vain.) Elix & Hale,gbif,トゲウメノキゴケ
2605664,2605664,Hypotrachyna minarum (Vain.) Krog & Swinscow,gbif,トゲウメノキゴケ
2605665,2605664,Parmelia minarum Vain.,gbif,トゲウメノキゴケ
2605672,2605672,Flavopunctelia soredica (Nyl.) Hale,gbif,ヒメキウメノキゴケ
2605673,2605672,Parmelia soredica Nyl.,gbif,ヒメキウメノキゴケ
2605704,2605703,Cetraria delisei (Bory ex Schaer.) Nyl.,gbif,トゲエイランタイ
2605713,9766879,Everniastrum cirrhatum (E.Fr.) Hale ex Sipmen,gbif,ツノマタゴケモドキ
2605714,9766879,Parmelia cirrhata Fr.,gbif,ツノマタゴケモドキ
2605812,7638024,Parmeliopsis hyperopta (Ach.) Arnold,gbif,ゴヘイゴケモドキ
2605814,2605814,Parmeliopsis ambigua (Hoffm.) Nyl.,gbif,キゴヘイゴケ
2605820,2605820,Vulpicida juniperinus (L.) J.-E.Mattsson & M.J.Lai,gbif,ハイマツゴケ
2605821,2605820,Tuckermannopsis juniperina (L.) Hale,gbif,ハイマツゴケ
2605822,2605820,Cetraria juniperina (L.) Ach.,gbif,ハイマツゴケ
2605831,2605831,Vulpicida pinastri (Scop.) J.-E.Mattsson & M.J.Lai,gbif,コナハイマツゴケ
2605861,2605861,Cetrelia nuda (Hue) Culb. & Culb.,gbif,トコブシゴケ
2605863,2605863,Cetrelia sanguinea (Schaer.) W.L.Culb. & C.F.Culb.,gbif,チヂレアカゾメトコブシゴケ
2605867,2605867,Cetrelia cetrarioides (Delise) W.L.Culb. & C.F.Culb.,gbif,コフキトコブシゴケモドキ
2605870,2605870,Cetrelia japonica (Zahlbr.) Culb. & Culb.,gbif,チヂレトコブシゴケ
2605871,2605870,Cetraria japonica Zahlbr.,gbif,チヂレトコブシゴケ
2605872,2605872,Cetrelia olivetorum (Nyl.) W.L.Culb. & C.F.Culb.,gbif,オリベトールゴケ
2605874,2605874,Cetrelia monachorum (Zahlbr.) W.L.Culb. & C.F.Culb.,gbif,コフキトコブシゴケモドキ
2605884,8661409,Parmelia pseudolivetorum Asah.,gbif,オリベトールゴケモドキ
2605886,2605886,Cetrelia isidiata (Asah.) Culb. & Culb.,gbif,アカゾメトコブシゴケ
2605917,2605917,Parmelia fertilis Müll.Arg.,gbif,トゲナシカラクサゴケ
2605925,2605925,Parmelia angustifolia (Asah.) Kurok.,gbif,ホソバカラクサゴケ
2605926,2605926,Parmelia squarrosa Hale,gbif,カラクサゴケ
2605928,2605928,Parmelia adaugescens Nyl.,gbif,コウマクカラクサゴケ
2605934,2605934,Parmelia marmorophylla Kurok.,gbif,モンシロゴケ
2605939,2605917,Parmelia subdivaricata Asah.,gbif,トゲナシカラクサゴケ
2605941,2605941,Parmelia marmariza Nyl.,gbif,モンシロゴケモドキ
2605944,8052240,Parmelia pseudolaevior Asahina,gbif,チヂレテリハゴケ
2605944,8052240,Parmelia pseudolaevior Asahina,gbif,チヂレヒモウメノキゴケ
2605949,2605949,Parmelia shinanoana Zahlbr.,gbif,シナノウメノキゴケ
2605955,2605955,Parmelia saxatilis (L.) Ach.,gbif,ミヤマカラクサゴケ
2605961,2605917,Parmelia cochleata Zahlbr.,gbif,トゲナシカラクサゴケ
2605963,2605963,Parmelia sulcata Taylor,gbif,コフキカラクサゴケ
2605968,2605968,Parmelia pseudoshinanoana Asahina,gbif,チヂレシナノゴケ
2606018,2606018,Usnea ceratina Ach.,gbif,オニバライロヒゲゴケ
2606023,2606023,Usnea subfloridana Stirt.,gbif,ヒゲサルオガセ
2606045,2606045,Usnea glabrescens (Nyl. ex Vain.) Vain.,gbif,オニヒゲサルオガセ
2606096,2606096,Usnea rubicunda Stirt.,gbif,アカヒゲゴケ
2606099,2606099,Usnea glabrata (Ach.) Vain.,gbif,ビホロサルオガセ
2606107,3407877,Usnea longissima Ach.,gbif,ナガサルオガセ
2606124,2606124,Usnea angulata Ach.,gbif,アサヒナサルオガセ
2606134,3407876,Usnea trichodeoides Vain. ex Motyka,gbif,フジサルオガセ
2606178,2606178,Flavoparmelia caperata (L.) Hale,gbif,キウメノキゴケ
2606179,2606178,Pseudoparmelia caperata (L.) Hale,gbif,キウメノキゴケ
2606180,2606178,Parmelia caperata (L.) Ach.,gbif,キウメノキゴケ
2606236,2606236,Parmotrema ultralucens (Krog) Hale,gbif,ウラグロマツゲゴケ
2606237,2606236,Parmelia ultralucens Krog,gbif,ウラグロマツゲゴケ
2606238,2606236,Parmelia subcrinita Nyl.,gbif,ウラグロマツゲゴケ
2606239,2606239,Parmotrema grayanum (Hue) Hale,gbif,シモダマツゲゴケ
2606240,2606239,Parmelia grayana Hue,gbif,シモダマツゲゴケ
2606256,2606256,Parmotrema dilatatum (Vain.) Hale,gbif,ムニンウメノキゴケ
2606257,2606256,Parmelia dilatata Vain.,gbif,ムニンウメノキゴケ
2606264,2606263,Parmelia parahypotropa W.L.Culb.,gbif,タチナミガタウメノキゴケ
2606268,2606268,Parmotrema tinctorum (Despr. ex Nyl.) Hale,gbif,ウメノキゴケ
2606269,2606268,Parmelia tinctorum Despr. ex Nyl.,gbif,ウメノキゴケ
2606279,2606279,Parmotrema austrosinense (Zahlbr.) Hale,gbif,ナミガタウメノキゴケ
2606280,2606279,Parmelia austrosinensis Zahlbr.,gbif,ナミガタウメノキゴケ
2606281,2606281,Parmotrema pacificum (Kurok.) Kurok.,gbif,キイロトゲウメノキゴケ
2606328,2606328,Parmotrema praesorediosum (Nyl.) Hale,gbif,ナミガタウメノキゴケモドキ
2606329,2606328,Parmelia praesorediosa Nyl.,gbif,ナミガタウメノキゴケモドキ
2606380,2606380,Parmotrema cristiferum (Taylor) Hale,gbif,トサカウメノキゴケ
2606411,2606411,Parmotrema rampoddense (Nyl.) Hale,gbif,コナマツゲゴケ
2606414,2606414,Parmotrema crinitum (Ach.) M.Choisy,gbif,チヂレマツゲゴケ
2606419,2606414,Parmelia crinita Ach.,gbif,チヂレマツゲゴケ
2606424,2606424,Parmotrema mellissii (C.W.Dodge) Hale,gbif,ニセマツゲゴケ
2606425,2606424,Parmelia mellissii C.W.Dodge,gbif,ニセマツゲゴケ
2606539,2606539,Bryoria nadvornikiana (Gyeln.) Brodo & D.Hawksw.,gbif,コフキハリガネキノリ
2606550,2606550,Bryoria furcellata (Fr.) Brodo & D.Hawksw.,gbif,コフキイバラキノリ
2606551,2606551,Bryoria nitidula (Th.Fr.) Brodo & D.Hawksw.,gbif,ツヤハリガネキノリ
2606567,2606567,Bryoria bicolor (Hoffm.) Brodo & D.Hawksw.,gbif,オニノヒゲ
2606613,2606613,Canoparmelia texana (Tuck.) Elix & Hale,gbif,タナカウメノキゴケ
2606639,2606639,Canoparmelia owariensis (Asahina) Elix,gbif,オワリウメノキゴケ
2606644,2606644,Canoparmelia aptata (Kremp.) Elix & Hale,gbif,シラチャウメノキゴケ
2606645,2606644,Pseudoparmelia aptata (Kremp.) Hale,gbif,シラチャウメノキゴケ
2606646,2606644,Parmelia aptata Kremp.,gbif,シラチャウメノキゴケ
2606963,2606963,Lecanora leprosa Fée,gbif,ウスチャシブゴケ
2606963,2606963,Lecanora leprosa Fée,gbif,キミチャシブゴケ
2606963,2606963,Lecanora leprosa Fée,gbif,シロフチイボゴケ
2607315,2607315,Fellhanera bouteillei (Desm.) Vĕzda,gbif,ヒノキノアオバゴケ
2607316,2607315,Catillaria bouteillei (Desm.) Zahlbr.,gbif,ヒノキノアオバゴケ
2607515,2607515,Pilophorus clavatus Th.Fr.,gbif,カムリゴケ
2607526,2607526,Cladonia humilis (With.) J.R.Laundon,gbif,ニセヒメジョウゴゴケ
2607529,2607526,Cladonia conoidea Ahti,gbif,ニセヒメジョウゴゴケ
2607531,2607526,Cladonia conistea (Delise) Asahina,gbif,ニセヒメジョウゴゴケ
2607533,2607533,Cladonia maxima (Asahina) Ahti,gbif,ナギナタゴケ
2607534,2607534,Cladonia coniocraea (Flörke) Spreng.,gbif,ヤリノホゴケ
2607557,2607557,Cladonia ramulosa (With.) J.R.Laundon,gbif,ヒメレンゲゴケ
2607559,2607557,Cladonia anomaea (Ach.) Ahti & P.James,gbif,ヒメレンゲゴケ
2607566,2607566,Cladonia sulphurina (Michx.) Fr.,gbif,ナナバケアカミゴケ
2607567,2607566,Cladonia gonecha (Ach.) Asahina,gbif,ナナバケアカミゴケ
2607569,2607569,Cladonia krempelhuberi (Vain.) Zahlbr.,gbif,ヤグラゴケ
2607604,2607604,Cladonia fruticulosa Kremp.,gbif,タイワンレンゲゴケ
2607607,2607607,Cladonia angustata Nyl.,gbif,ナガエノコアカミゴケ
2607617,2607617,Cladonia macrophyllodes Nyl.,gbif,オオバハナゴケモドキ
2607620,2607620,Cladonia rei Schaer.,gbif,ツエハナゴケ
2607621,2607620,Cladonia nemoxyna (Ach.) Arnold,gbif,ツエハナゴケ
2607624,2607624,Cladonia botrytes (K.G.Hagen) Willd.,gbif,コウヤハナゴケモドキ
2607629,2607629,Cladonia macrophylla (Schaer.) Stenh.,gbif,ミゾハナゴケ
2607630,2607629,Cladonia alpicola (Flot.) Vain.,gbif,ミゾハナゴケ
2607631,2607631,Cladonia parasitica (Hoffm.) Hoffm.,gbif,ビロードハナゴケ
2607635,2607635,Cladonia peziziformis (With.) J.R.Laundon,gbif,ターバンゴケ
2607637,2607635,Cladonia capitata Spreng.,gbif,ターバンゴケ
2607655,2607655,Cladonia cariosa (Lilj.) Spreng.,gbif,カリエスゴケ
2607656,2607656,Cladonia merochlorophaea Asahina,gbif,メロジョウゴゴケ
2607695,2607695,Cladonia pyxidata (L.) Hoffm.,gbif,アツバジョウゴゴケ
2607697,2607697,Cladonia chlorophaea (Flörke ex Sommerf.) Spreng.,gbif,ジョウゴゴケ
2607701,2607701,Cladonia fimbriata (L.) Fr.,gbif,コナジョウゴゴケ
2607702,2607701,Cladonia major (K.G.Hagen) Sandst.,gbif,コナジョウゴゴケ
2607710,2607712,Cladonia alpestris (L.) Rabenh.,gbif,ミヤマハナゴケ
2607712,2607712,Cladonia stellaris (Opiz) Pouzar & Vĕzda,gbif,ミヤマハナゴケ
2607713,2607712,Cladina stellaris (Opiz) Brodo,gbif,ミヤマハナゴケ
2607716,2607716,Cladonia cenotea (Ach.) Schaer.,gbif,クダハナゴケ
2607718,2607718,Cladonia pleurota (Flörke) Schaer.,gbif,アカミゴケ
2607724,2607724,Cladonia bellidiflora (Ach.) Schaer.,gbif,ウロコアカミゴケ
2608134,2608134,Ramalina intermedia (Delise ex Nyl.) Nyl.,gbif,ヒメカラタチゴケ
2608140,2608140,Ramalina sinensis Jatta,gbif,ヒロハカラタチゴケ
2608433,2608433,Bunodophoron formosanum (Zahlbr.) Wedin,gbif,タイワンサンゴゴケ
2608441,2608441,Bunodophoron diplotypum (Vain.) Wedin,gbif,ウツロサンゴゴケ
2608441,2608441,Bunodophoron diplotypum (Vain.) Wedin,gbif,空珊瑚苔
2608445,2608445,Bunodophoron melanocarpum (Sw.) Wedin,gbif,ヒラサンゴゴケ
2608453,2608453,Lepraria cupressicola (Hue) J.R.Laundon,gbif,ミズイロレプラゴケ
2608465,2610278,Lepraria lesdainii (Hue) R.C.Harris,gbif,ツブレプラゴケ
2608604,2608604,Mycoblastus sanguinarius (L.) Norman,gbif,クロアカゴケモドキ
2608606,2608606,Mycoblastus affinis (Schaer.) T.Schauer,gbif,フタゴクロアカゴケ
2608608,2608608,Mycoblastus alpinus (Fr.) Th.Fr. ex Hellb.,gbif,ミヤマクロアカゴケ
2608641,7247033,Lecanora atra (Huds.) Ach.,gbif,クロイボゴケ
2608695,2608695,Calopadia subcoerulescens (Zahlbr.) Vĕzda,gbif,ニセチャハシゴケ
2608739,2608739,Sporopodium phyllocharis (Mont.) A.Massal.,gbif,ノミノシロズキンチイ
2608753,2608753,Sporopodium flavescens (R.Sant.) Vĕzda,gbif,ノミノキズキンチイ
2608947,2608947,Physciella melanchra (Hue) Essl.,gbif,コナロゼットチイ
2608947,2608947,Physciella melanchra (Hue) Essl.,gbif,ムカデコゴケ
2608948,2608948,Physciella chloantha (Ach.) Essl.,gbif,クチビルムカデコゴケ
2609141,2609141,Phaeophyscia endococcinodes (Poelt) Essl.,gbif,アカハラムカデゴケ
2609208,9191809,Physcia aegialita (Afzel. ex Ach.) Nyl.,gbif,アワヂリナリア
2609208,9191809,Physcia aegialita (Afzel. ex Ach.) Nyl.,gbif,アワメダルチイ
2609212,2609212,Dirinaria applanata (Fée) D.D.Awasthi,gbif,コフキヂリナリア
2609212,2609212,Dirinaria applanata (Fée) D.D.Awasthi,gbif,コフキメダルチイ
2609226,5261442,Buellia punctata (Hoffm.) A.Massal.,gbif,ヒメスミイボゴケ
2609227,5261442,Buellia myriocarpa (DC.) Mudd,gbif,ヒメスミイボゴケ
2609306,2609306,Pyxine subcinerea Stirt.,gbif,クロボシゴケ
2609314,2609314,Pyxine sorediata (Ach.) Mont.,gbif,コナクロボシゴケ
2609327,2609327,Heterodermia obscurata (Nyl.) Trevis.,gbif,キウラゲジゲジゴケ
2609338,10850077,Heterodermia japonica (M.Satô) Swinscow & Krog,gbif,クロアシゲジゲジゴケ
2609358,2609358,Heterodermia diademata (Taylor) D.D.Awasthi,gbif,オオゲジゲジゴケ
2609359,2609358,Anaptychia diademata (Taylor) Kurok.,gbif,オオゲジゲジゴケ
2609364,10888345,Heterodermia microphylla (Kurok.) Skorepa,gbif,チヂレウラジロゲジゲジゴケ
2609365,10888345,Anaptychia microphylla (Kurok.) Kurok.,gbif,チヂレウラジロゲジゲジゴケ
2609377,10841226,Heterodermia leucomela (L.) Poelt,gbif,イトゲジゲジゴケモドキ
2609710,2609710,Dirinaria picta (Sw.) Clem. & Shear,gbif,コフキムカデゴケ
2610097,8200022,Caloplaca flavovirescens (Wulfen) Dalla Torre & Sarnth.,gbif,ツブダイダイゴケ
2610278,2610278,"Botryolepraria lesdainii (Hue) Canals, Hern.-Mar., Gómez-Bolea & Llimona",gbif,ツブレプラゴケ
2612708,2612708,Dothidea sambuci (Pers.) Fr.,db,クロイボタケ
2617348,5262796,Fusicladium dendriticum (Wallr.) Fuckel,gbif,リンゴ黒星病
2623853,2623853,Pseudocercospora acaciae-confusae (Sawada) Goh & W.H.Hsieh,db,マルホシビョウ
2627503,2627503,"Batrachochytrium dendrobatidis Longcore, Pessier & D.K.Nichols",db,カエルツボカビ
2627503,2627503,"Batrachochytrium dendrobatidis Longcore, Pessier & D.K.Nichols",gbif,カエルツボカビ
3271055,5260491,Actinogyra muehlenbergii (Ach.) Schol.,gbif,オオウラヒダイワタケ
3271349,3271349,Mucilopilus castaneiceps (Hongo) Hid.Takah.,gbif,ヌメリニガイグチ
3273336,5483678,Synnematium graptopsaltriae Kobayasi,db,シンネマタケ
3274850,3343690,Naematoloma squamosum (Pers.) Singer,db,カバイロタケ
3274850,3343690,Naematoloma squamosum (Pers.) Singer,gbif,ミヤマツバタケ
3279013,3346831,Rhodophyllus kujuensis Hongo,db,ナスコンイッポンシメジ
3279013,3346831,Rhodophyllus kujuensis Hongo,gbif,ナスコンイッポンシメジ
3280219,3473621,Agonimiella pacifica Harada,gbif,マユゴケ
3280670,3345846,Rhodophyllus clypeatus (L.) Quél.,db,シメジモドキ
3280670,3345846,Rhodophyllus clypeatus (L.) Quél.,gbif,シメジモドキ
3280670,3345846,Rhodophyllus clypeatus (L.) Quél.,gbif,ハルシメジ
3281982,5452233,Amanitopsis clarisquamosa S.Imai,db,シロウロコツルタケ
3281982,5452233,Amanitopsis clarisquamosa S.Imai,gbif,シロウロコツルタケ
3282388,3354490,Porphyrellus subvirens Hongo,db,オオヤシャイグチ
3282388,3354490,Porphyrellus subvirens Hongo,gbif,オオヤシャイグチ
3282970,2586915,Ochroglossum rufum (Schwein.) S.Imai,db,キシャモジタケ
3282970,2586915,Ochroglossum rufum (Schwein.) S.Imai,gbif,キシャモジタケ
3283164,5462830,"Lactifluus corrugis (Peck) Kuntze, 1891",db,チリメンチチタケ
3283266,6016159,Xerocomus nigromaculatus Hongo,db,クロアザアワタケ
3283266,6016159,Xerocomus nigromaculatus Hongo,gbif,クロアザアワタケ
3284401,11837670,Ionomidotis irregularis (Schwein.) E.J.Durand,gbif,クロムラサキハナビラタケ
3287888,8899985,Rhodophyllus madidus (Gillet) Quél.,db,ウスムラサキイッポンンシメジ
3287888,8899985,Rhodophyllus madidus (Gillet) Quél.,gbif,ウスムラサキイッポンシメジ
3287921,3287921,Trichopezizella otanii J.H.Haines,db,アラゲヒナノチャワンタケ
3287921,3287921,Trichopezizella otanii J.H.Haines,gbif,アラゲヒナノチャワンタケ
3288965,5445796,Simblum periphragmoides Klotzsch,db,キアミズキンタケ
3288965,5445796,Simblum periphragmoides Klotzsch,gbif,キアミズキンタケ
3289542,3293632,Hypholoma subviride (Berk. & M.A.Curtis) Dennis,db,ニガクリタケ
3289542,3293632,Hypholoma subviride (Berk. & M.A.Curtis) Dennis,gbif,ニガクリタケ
3289542,3293632,Hypholoma subviride (Berk. & M.A.Curtis) Dennis,gbif,苦栗茸
3290814,5898261,Mitremyces japonicus (Henn.) Sacc. & D.Sacc.,db,クチベニタケ
3290814,5898261,Mitremyces japonicus (Henn.) Sacc. & D.Sacc.,gbif,クチベニタケ
3290991,3290991,Kuehneromyces castaneus Hongo,db,クリイロイチメガサ
3291628,3291628,Tremellochaete japonica (Yasuda) Raitv.,db,ツブキクラゲ
3291628,3291628,Tremellochaete japonica (Yasuda) Raitv.,gbif,ツブキクラゲ
3292267,7615800,Veligaster nitidus (Berk.) Guzmán & Tapia,db,エツキニセショウロ
3292267,7615800,Veligaster nitidus (Berk.) Guzmán & Tapia,gbif,エツキニセショウロ
3292343,2544300,Merulius tremellosus Schrad.,db,シワタケ
3293632,3293632,Hypholoma fasciculare (Huds.) P.Kumm.,db,ニガクリタケ
3293936,7622559,Rhodophyllus ater Hongo,db,コキイロウラベニタケ
3294871,3346727,Rhodophyllus crassipes Imazeki & Hongo,db,ウラベニホテイシメジ
3294871,3346727,Rhodophyllus crassipes Imazeki & Hongo,gbif,ウラベニホテイシメジ
3295015,3346875,Rhodophyllus acutoconicus Hongo,db,トガリウラベニタケ
3295015,3346875,Rhodophyllus acutoconicus Hongo,gbif,トガリウラベニタケ
3295224,3346639,Nolanea quadrata (Berk. & M.A.Curtis) Sacc.,db,アカイボカサタケ
3295236,7583539,Rhodophyllus mycenoides Hongo,db,エイザンモミウラモドキ
3295236,7583539,Rhodophyllus mycenoides Hongo,gbif,エイザンモミウラモドキ
3295573,3295573,"Porphyrellus pacificus (Wolfe) Singer, J.García & L.D.Gómez",db,アシナガクロイグチ
3295573,3295573,"Porphyrellus pacificus (Wolfe) Singer, J.García & L.D.Gómez",gbif,アシナガクロイグチ
3296336,3497657,Midotis macrotis (Berk.) Sacc.,db,ウサギノミミ
3296336,3497657,Midotis macrotis (Berk.) Sacc.,gbif,ウサギノミミ
3297297,3297297,Jansia boninensis Lloyd,db,シマイヌノエフデ
3298746,5452404,Amanitopsis avellaneosquamosa S.Imai,db,アクイロウロコツルタケ
3298746,5452404,Amanitopsis avellaneosquamosa S.Imai,gbif,アクイロウロコツルタケ
3300021,7842636,Rhodophyllus pulchellus Hongo,db,シバフウラベニタケ
3300940,3354497,Porphyrellus fusisporus Kawam. ex Imazeki & Hongo,db,ヤシャイグチ
3300940,3354497,Porphyrellus fusisporus Kawam. ex Imazeki & Hongo,gbif,ヤシャイグチ
3301120,3301120,Boletinus asiaticus Singer,db,ウツロベニハナイグチ
3302115,3346491,Rhodophyllus omiensis Hongo,db,ウスキモミウラモドキ
3302115,3346491,Rhodophyllus omiensis Hongo,gbif,ウスキモミウラモドキ
3303538,8419267,Rhodophyllus glutiniceps Hongo,db,アイイッポンシメジ
3304355,2525455,Polysaccum tuberosum P.Micheli ex Fr.,db,コブクロタケ
3304355,2525455,Polysaccum tuberosum P.Micheli ex Fr.,gbif,コツブタケ
3304469,3304469,Gliophorus laetus (Pers.) Herink,gbif,ナナイロヌメリタケ
3306348,7240220,Lactifluus gerardii (Peck) Kuntze,db,クロチチダマシ
3307284,5445796,Simblum sphaerocephalum Schltdl.,db,キアミズキンタケ
3307284,5445796,Simblum sphaerocephalum Schltdl.,gbif,キアミズキンタケ
3307675,3323294,Pseudoconocybe nodulosospora Hongo,db,コブミノコガサタケ
3308109,3318850,Dictyopanus orientalis Kobayasi,db,ヤミスズメタケ
3308109,3318850,Dictyopanus orientalis Kobayasi,gbif,ヤミスズメタケ
3308387,3308387,Fomitiporia torreyae Y.C.Dai & B.K.Cui,gbif,チャアナタケモドキ
3308595,3496082,Protogenea japonica Kobayasi,db,ウツロイモタケ
3308595,3496082,Protogenea japonica Kobayasi,gbif,ウツロイモタケ
3308869,3361932,Oxydontia chrysella (Berk. & M.A.Curtis) S.Ito,db,キコハリタケ
3314444,3314444,Exidia uvapassa Lloyd,db,タマキクラゲ
3314444,3314444,Exidia uvapassa Lloyd,gbif,タマキクラゲ
3314876,3314876,Phallus impudicus L.,db,スッポンタケ
3314876,3314876,Phallus impudicus L.,gbif,スッポンタケ
3314882,3314882,"Phallus rubrovolvatus (M.Zang, D.G.Ji & X.X.Liu) Kreisel",db,アカダマキヌガサタケ
3314882,3314882,"Phallus rubrovolvatus (M.Zang, D.G.Ji & X.X.Liu) Kreisel",gbif,アカダマキヌガサタケ
3314884,3314884,Phallus rugulosus (E.Fisch.) Lloyd,db,キツネノタイマツ
3314918,2524108,Dictyophora duplicata (Bosc) E.Fisch.,db,キヌガサタケ
3314978,3314978,Phallus flavocostatus Kreisel,db,キイロスッポンタケ
3314978,3314978,Phallus flavocostatus Kreisel,gbif,アミガサスッポンタケ
3314978,3314978,Phallus flavocostatus Kreisel,gbif,キイロスッポンタケ
3315023,7761837,Aseroe coccinea Imazeki & Yoshimi,db,アカヒトデタケ
3315023,7761837,Aseroe coccinea Imazeki & Yoshimi,gbif,アカヒトデタケ
3315317,3315317,Ramaria fumigata (Peck) Corner,db,ウスムラサキホウキタケ
3315317,3315317,Ramaria fumigata (Peck) Corner,gbif,ウスムラサキホウキタケ
3315501,7859782,Gomphus pallidus (Yasuda) Corner,gbif,シロアンズタケ
3316019,3316019,Panaeolina sagarae Hongo,db,コブミノシバフタケ
3316885,3316885,Pterula fusispora Yasuda,db,カンザシタケ
3317006,3317006,Panaeolus semiovatus (Sowerby) S.Lundell & Nannf.,db,ジンガサタケ
3317006,3317006,Panaeolus semiovatus (Sowerby) S.Lundell & Nannf.,gbif,ジンガサタケ
3317040,3317006,Anellaria separata (L.) P.Karst.,db,ジンガサタケ
3317040,3317006,Anellaria separata (L.) P.Karst.,gbif,ジンガサタケ
3317061,3317061,Panaeolus papilionaceus (Bull.) Quél.,db,チョウタケ
3317061,3317061,Panaeolus papilionaceus (Bull.) Quél.,gbif,ワライタケ
3317081,3317061,Panaeolus sphinctrinus (Fr.) Quél.,db,チョウタケ
3317081,3317061,Panaeolus sphinctrinus (Fr.) Quél.,gbif,ワライタケ
3318069,7825358,Marasmiellus adonis (Bull.) Singer,gbif,コウバイタケ
3318221,3318221,"Mycena chlorophos (Berk. & M.A.Curtis) Sacc., 1887",db,ヤコウタケ
3318221,3318221,"Mycena chlorophos (Berk. & M.A.Curtis) Sacc., 1887",gbif,ヤコウタケ
3318849,11011338,Sarcomyxa serotina (Schrad.) P.Karst.,db,オソムキタケ（新称）
3318850,3318850,Panellus orientalis (Kobayasi) Corner,db,ヤミスズメタケ
3318850,3318850,Panellus orientalis (Kobayasi) Corner,gbif,ヤミスズメタケ
3319318,3319318,Psathyrella multissima (S.Imai) Hongo,db,センボンクズタケ
3319318,3319318,Psathyrella multissima (S.Imai) Hongo,gbif,センボンクズタケ
3319514,3319514,Psathyrella obtusata (Pers.) A.H.Sm.,db,コナヨタケ
3319514,3319514,Psathyrella obtusata (Pers.) A.H.Sm.,gbif,コナヨタケ
3319674,3319674,Psathyrella stellatifurfuracea (S.Ito & S.Imai) S.Ito,db,キラライタチタケ
3319818,9761316,Psathyrella cineraria Har.Takah.,gbif,ハイイロイタチタケ
3319938,3319938,Pistillaria petasitis S.Imai,db,フキガマノホタケモドキ
3319938,3319938,Pistillaria petasitis S.Imai,gbif,フキガマノホタケモドキ
3320083,3320083,Typhula japonica Terui,db,シロガマノホタケ
3320170,3320170,Gerronema nemorale Har.Takah.,db,オリーブサカズキタケ
3320170,3320170,Gerronema nemorale Har.Takah.,gbif,オリーブサカズキタケ
3320428,3320428,Clitocybula esculenta Nagas. & Redhead,db,オドタケ
3320428,3320428,Clitocybula esculenta Nagas. & Redhead,gbif,オドタケ
3321058,3321058,Marasmiellus crassitunicatus Har.Takah. & Degawa,db,ムラサキヤマンバ
3321058,3321058,Marasmiellus crassitunicatus Har.Takah. & Degawa,gbif,ムラサキヤマンバ
3321114,3321114,Marasmiellus chamaecyparidis (Hongo) Hongo,db,ヒノキオチバタケ
3321114,3321114,Marasmiellus chamaecyparidis (Hongo) Hongo,gbif,ヒノキオチバタケ
3321152,3321152,Marasmiellus mesosporus Singer,db,スナジホウライタケ
3321205,3321205,Rhodocollybia maculata (Alb. & Schwein.) Singer,db,アカアザタケ
3321205,3321205,Rhodocollybia maculata (Alb. & Schwein.) Singer,gbif,アカアザタケ
3321210,3321205,Collybia maculata (Alb. & Schwein.) P.Kumm.,db,アカアザタケ
3321210,3321205,Collybia maculata (Alb. & Schwein.) P.Kumm.,gbif,アカアザタケ
3321373,3321373,Crinipellis corvina Har.Takah.,db,クロニセホウライタケ
3321373,3321373,Crinipellis corvina Har.Takah.,gbif,クロニセホウライタケ
3321469,3321469,Chaetocalathus fragilis (Pat.) Singer,db,ヒダフウリンタケ
3321487,3321487,"Megacollybia clitocyboidea R.H.Petersen, Takehashi & Nagas.",db,ヒロヒダタケ
3321487,3321487,"Megacollybia clitocyboidea R.H.Petersen, Takehashi & Nagas.",gbif,ヒロヒダタケ
3321523,3321523,Marasmius cryptomeriae S.Imai,db,スギノヒメホウライタケ
3321696,3321696,Marasmius nivicola Har.Takah.,db,ユキホウライタケ
3321821,3321821,Marasmius occultatus Har.Takah.,db,ヒカゲオチエダタケ
3321821,3321821,Marasmius occultatus Har.Takah.,gbif,ヒカゲオチエダタケ
3321832,3321832,Marasmius nocturnus Har.Takah.,db,クロチャオチバタケ
3321832,3321832,Marasmius nocturnus Har.Takah.,gbif,クロチャオチバタケ
3321899,3321899,Marasmius insignis I.Hino,db,オオカミノケタケ
3321899,3321899,Marasmius insignis I.Hino,gbif,オオカミノケタケ
3321938,3321938,Marasmius capitatus Har.Takah.,db,スギノオチバタケ
3321938,3321938,Marasmius capitatus Har.Takah.,gbif,スギノオチバタケ
3321948,3321948,Marasmius opulentus Har.Takah.,db,カエンオチバタケ
3321948,3321948,Marasmius opulentus Har.Takah.,gbif,カエンオチバタケ
3322053,3322053,Marasmius pulcherripes Peck,db,ハナオチバタケ
3322053,3322053,Marasmius pulcherripes Peck,gbif,ハナオチバタケ
3322190,3322190,Marasmius sasicola Har.Takah.,db,ササノホウライタケ
3322190,3322190,Marasmius sasicola Har.Takah.,gbif,ササノホウライタケ
3322243,3322243,Marasmius brunneospermus Har.Takah.,db,アミガサホウライタケ
3322243,3322243,Marasmius brunneospermus Har.Takah.,gbif,アミガサホウライタケ
3322422,3322422,"Marasmius sarmentosus Berk., 1846",db,ヤマウバノカミノケ
3322567,3322567,Marasmius shideiae Singer,db,オノエホウライタケ
3322584,3322584,Marasmius maximus Hongo,db,オオホウライタケ
3322584,3322584,Marasmius maximus Hongo,gbif,オオホウライタケ
3322892,3322892,Marasmius maculosus Har.Takah.,db,マダラホウライタケ
3322892,3322892,Marasmius maculosus Har.Takah.,gbif,マダラホウライタケ
3322912,3322912,Marasmius purpureostriatus Hongo,db,スジオチバタケ
3322912,3322912,Marasmius purpureostriatus Hongo,gbif,スジオチバタケ
3322924,3321114,Marasmius chamaecyparidis Hongo,db,ヒノキオチバタケ
3322924,3321114,Marasmius chamaecyparidis Hongo,gbif,ヒノキオチバタケ
3322936,3322936,Marasmius siccus (Schwein.) Fr.,db,ハリガネオチバタケ
3322936,3322936,Marasmius siccus (Schwein.) Fr.,gbif,ハリガネオチバタケ
3323042,3323042,Marasmius aurantioferrugineus Hongo,db,カバイロオオホウライタケ
3323042,3323042,Marasmius aurantioferrugineus Hongo,gbif,カバイロオオホウライタケ
3323294,3323294,Conocybe nodulosospora (Hongo) Watling,db,コブミノコガサタケ
3323387,9127230,Bolbitius vitellinus (Pers.) Fr.,db,キオキナタケ
3323387,9127230,Bolbitius vitellinus (Pers.) Fr.,gbif,シワナシキオキナタケ
3323419,3323419,Bolbitius demangei (Quél.) Sacc. & D.Sacc.,db,トキイロオキナタケ
3323419,3323419,Bolbitius demangei (Quél.) Sacc. & D.Sacc.,gbif,トキイロオキナタケ
3323451,9127230,Bolbitius variicolor G.F.Atk.,db,キオキナタケ
3323451,9127230,Bolbitius variicolor G.F.Atk.,gbif,シワナシキオキナタケ
3324249,3324249,Tricholoma saponaceum (Fr.) P.Kumm.,db,ミドリシメジ
3324249,3324249,Tricholoma saponaceum (Fr.) P.Kumm.,gbif,ミネシメジ
3324646,5241820,Armillaria matsutake S.Ito & S.Imai,db,松茸
3324646,5241820,Armillaria matsutake S.Ito & S.Imai,gbif,マツタケ
3324646,5241820,Armillaria matsutake S.Ito & S.Imai,gbif,松茸
3324882,3324883,Tricholoma flavovirens (Pers.) S.Lundell,gbif,キシメジ
3324883,3324883,Tricholoma equestre (L.) P.Kumm.,gbif,キシメジ
3325272,5449433,Collybia subsulphurea Peck,gbif,コガネカレバタケ
3325306,3325306,Collybia effusa Har.Takah.,db,ヒロハアマタケ
3325306,3325306,Collybia effusa Har.Takah.,gbif,ヒロハアマタケ
3325524,12210029,Collybia biformis (Peck) Singer,gbif,ヤマジノカレバタケ
3325704,3325704,Collybia neofusipes Hongo,db,アカチャツエタケ
3325774,5449389,Collybia iocephala (Berk. & M.A.Curtis) Singer,db,ニオイカレバタケ
3325774,5449389,Collybia iocephala (Berk. & M.A.Curtis) Singer,gbif,ニオイカレバタケ
3325920,2560568,Tilachlidiopsis nigra Yakush. & Kumaz.,db,オサムシタンポタケ
3325920,2560568,Tilachlidiopsis nigra Yakush. & Kumaz.,gbif,オサムシタケ
3325920,2560568,Tilachlidiopsis nigra Yakush. & Kumaz.,gbif,オサムシタンポタケ
3325972,9747922,Pseudohiatula ohshimae Hongo & I.Matsuda,db,スギエダタケ
3325972,9747922,Pseudohiatula ohshimae Hongo & I.Matsuda,gbif,スギエダタケ
3326075,3326075,Clitocybe vittatipes S.Ito & S.Imai,db,ハチマキイヌシメジ
3326756,3326756,Clitocybe extenuata (Fr.) S.Imai,db,シロイチョウタケ
3327063,3327063,Tricholomopsis sasae Hongo,db,ササアカゲタケ
3327063,3327063,Tricholomopsis sasae Hongo,gbif,ササアカゲタケ
3327069,3327069,Tricholomopsis sanguinea Hongo,db,ヒメチシオシメジ
3327069,3327069,Tricholomopsis sanguinea Hongo,gbif,ヒメチシオシメジ
3327232,3327232,Porpoloma boninense (S.Ito & S.Imai) Hongo,db,チチシマシメジ
3327232,3327232,Porpoloma boninense (S.Ito & S.Imai) Hongo,gbif,チチシマシメジ
3328320,3328320,Amanita citrina Pers.,db,クロコタマゴテングタケ
3329049,8168319,Amanita muscaria (L.) Hook.,db,ベニテングタケ
3329063,7496350,Amanita rubescens (Pers.) Gray,db,イロガワリテングタケ
3329360,3329360,Hohenbuehelia lividula (Berk. & M.A.Curtis) Neda & Yoshim.Doi,db,オガサワラヒメカタハ
3329565,2526530,Pleurotus spodoleucus (Fr.) Quél.,db,アワビタケ
3329565,2526530,Pleurotus spodoleucus (Fr.) Quél.,gbif,ヒラタケ
3329782,3329782,Pleurotus cyatheae S.Ito & S.Imai,db,ヘゴシロカタハ
3329903,3321073,Pleurotus leiophyllus (Berk. & M.A.Curtis) Sacc.,db,ムニンシロホウライタケ
3330604,3330604,Phaeomarasmius laccarioides Har.Takah.,db,フウノミタケ
3330604,3330604,Phaeomarasmius laccarioides Har.Takah.,gbif,フウノミタケ
3330687,3330687,Inocybe kobayasii Hongo,db,コバヤシアセタケ
3330687,3330687,Inocybe kobayasii Hongo,gbif,コバヤシアセタケ
3330718,3330718,Inocybe lacera (Fr.) P.Kumm.,db,クロトマヤタケ
3330718,3330718,Inocybe lacera (Fr.) P.Kumm.,gbif,クロトマヤタケ
3330741,3330741,Inocybe magnicarpa Takah.Kobay.,db,オオコブミノトマヤタケ
3330783,3330783,Inocybe squamosa Bres.,db,ササクレシロトマヤタケ
3330801,8863729,Inocybe obscura (Pers.) Gillet,db,クロトマヤタケモドキ
3330801,8863729,Inocybe obscura (Pers.) Gillet,gbif,クロトマヤタケモドキ
3330851,3330851,Inocybe geophylla P.Kumm.,db,シロトマヤタケ
3330851,3330851,Inocybe geophylla P.Kumm.,gbif,シロトマヤタケ
3331132,3331132,Inocybe subvolvata Hongo,db,ツボアセタケ
3331210,3331210,Inocybe pseudorhacodes Takah.Kobay. & Courtec.,db,ケバダチクロトマヤタケ
3331322,3331322,Inocybe sphaerospora Kobayasi,db,タマアセタケ
3331354,3331354,Inocybe leptoclada Takah.Kobay. & Courtec.,db,モモエノトマヤタケ
3331415,3331415,Inocybe neoflocculosa Kobayasi,db,オチバアセタケ
3331424,3331424,Inocybe montana Kobayasi,db,ミヤマアセタケ
3331471,3331471,Inocybe leptoderma Takah.Kobay. & Nukada,db,コイムラサキアセタケ
3331473,3331473,Inocybe niigatensis Hongo,db,スナジアセタケ
3331496,10763540,Inocybe macrosperma Hongo,gbif,オオミアセタケ
3331532,3331532,Inocybe kasugayamensis Hongo,db,カスガトマヤタケ
3331532,3331532,Inocybe kasugayamensis Hongo,gbif,カスガトマヤタケ
3331537,3331537,Inocybe lutea Kobayasi & Hongo,db,キイロアセタケ
3331537,3331537,Inocybe lutea Kobayasi & Hongo,gbif,キイロアセタケ
3331635,3331635,Inocybe fastuosa Takah.Kobay.,db,オオアセタケ
3331642,3331642,Inocybe nodulosospora Kobayasi,db,コブアセタケ
3331642,3331642,Inocybe nodulosospora Kobayasi,gbif,コブアセタケ
3331644,3330851,Inocybe lilacina (Peck) Kauffman,db,シロトマヤタケ
3331644,3330851,Inocybe lilacina (Peck) Kauffman,gbif,シロトマヤタケ
3331701,3331701,Inocybe atroumbonata Hongo,db,ナカグロトマヤタケ
3331830,3331830,Inocybe chrysochroa Takah.Kobay. & Courtec.,db,コガネトマヤタケ
3331837,3331837,Inocybe acutata Takah.Kobay. & Nagas.,db,アシナガトマヤタケ
3331837,3331837,Inocybe acutata Takah.Kobay. & Nagas.,gbif,アシナガトマヤタケ
3331852,3331852,Inocybe populea Takah.Kobay. & Courtec.,db,ポプラトマヤタケ
3332030,3332030,Leucocoprinus subglobisporus Hongo,db,マルミノヒガサタケ
3332064,9203821,Leucocoprinus cepaestipes (Sowerby) Pat.,db,キヌカラカサタケ
3332166,5448880,Coprinus neolagopus Hongo & Sagara,db,コツブザラエノヒトヨタケ
3332671,3332671,Disciseda subterranea (Peck) Coker & Couch,gbif,ドングリタケ
3332686,3332686,Disciseda bovista (Klotzsch) Henn.,db,ドングリタケ
3333251,5453419,Bovista aspera Lév.,db,コツブホコリタケ
3333251,5453419,Bovista aspera Lév.,gbif,コツブホコリタケ
3333375,3333375,Bovista ochrotricha Kreisel,db,スゴモリダンゴタケ
3333375,3333375,Bovista ochrotricha Kreisel,gbif,スゴモリダンゴタケ
3333417,7791518,Leucoagaricus viridiflavus (Petch) T.K.A.Kumar & Manim.,gbif,アオゾメキイロキツネガサ
3333538,3333538,Leucoagaricus rubrotinctus (Peck) Singer,db,アカキツネガサ
3339800,8914748,Lepiota procera (Scop.) Gray,db,カラカサタケ
3339846,3339846,Calvatia rugosa (Berk. & M.A.Curtis) D.A.Reid,db,イロガワリホコリタケ
3339846,3339846,Calvatia rugosa (Berk. & M.A.Curtis) D.A.Reid,gbif,イロガワリホコリタケ
3339848,3339848,Calvatia boninensis S.Ito & S.Imai,db,オオノウタケ
3339848,3339848,Calvatia boninensis S.Ito & S.Imai,gbif,オオノウタケ
3339890,7733575,Calvatia nipponica Kawam.,db,オニフスベ
3339890,7733575,Calvatia nipponica Kawam.,gbif,オニフスベ
3339938,6014839,Calvatia rubroflava (Cragin) Lloyd,gbif,シラタマノウタケ
3340102,3340102,Lepiota subtropica Hongo,db,ムニンヒナキツネガサ
3340144,3340144,Lepiota cinnamomea Cleland,db,チャキツネノカラカサ
3340144,3340144,Lepiota cinnamomea Cleland,gbif,チャキツネノカラカサ
3340335,3333538,Lepiota rubrotincta Peck,db,アカキツネガサ
3340441,3340441,Lepiota aurantioflava Hongo,db,ウコンカラカサタケ
3340441,3340441,Lepiota aurantioflava Hongo,gbif,ウコンカラカサタケ
3340528,3340528,Lepiota fusciceps Hongo,db,クロヒメカラカサタケ
3340528,3340528,Lepiota fusciceps Hongo,gbif,クロヒメカラカサタケ
3340529,3340529,Lepiota boninensis S.Ito & S.Imai,db,ムニンヒメカラカサタケ
3340529,3340529,Lepiota boninensis S.Ito & S.Imai,gbif,ムニンヒメカラカサタケ
3340801,3340801,Lepiota praetervisa Hongo,db,ナカグロヒメカラカサタケ
3341010,3341010,Lepiota subcitrophylla Hongo,db,キヒダカラカサタケ
3341010,3341010,Lepiota subcitrophylla Hongo,gbif,キヒダカラカサタケ
3341074,3341074,Cylindrobasidium argenteum (Kobayasi) N.Maek.,db,ケンピビョウキン
3341080,3341080,Physalacria komabensis Imazeki,db,ヒメタマバリタケ
3341115,3341115,Armillaria nabsnona T.J.Volk & Burds.,db,ヤチナラタケ
3341115,3341115,Armillaria nabsnona T.J.Volk & Burds.,gbif,ヤチナラタケ
3341170,3341170,Armillaria singula J.Y.Cha & Igarashi,db,ヒトリナラタケ
3341170,3341170,Armillaria singula J.Y.Cha & Igarashi,gbif,ヒトリナラタケ
3341245,3341245,Armillaria jezoensis J.Y.Cha & Igarashi,db,コバリナラタケ
3341245,3341245,Armillaria jezoensis J.Y.Cha & Igarashi,gbif,コバリナラタケ
3341291,3341291,Xerula sinopudens R.H.Petersen & Nagas.,db,コブリビロードツエタケ
3341291,3341291,Xerula sinopudens R.H.Petersen & Nagas.,gbif,コブリビロードツエタケ
3341441,3341441,Flammulina velutipes (Curtis) Singer,db,エノキタケ
3342782,3342782,Galerina helvoliceps (Berk. & M.A.Curtis) Singer,db,ヒメアジロガサモドキ
3342833,3342833,Galerina fasciculata Hongo,db,コレラタケ
3342833,3342833,Galerina fasciculata Hongo,gbif,コレラタケ
3342882,3342882,Gymnopilus ombrophilus Miyauchi,db,コガネツムタケ
3342927,3342927,Gymnopilus suberis (Maire) Singer,gbif,エビイロチャツムタケ
3343100,3343100,Gymnopilus luteofolius (Peck) Singer,gbif,ムラサキスギタケ
3343294,3343294,Hebeloma luchuense Fukiharu & Hongo,db,リュウキュウワカフサタケ
3343294,3343294,Hebeloma luchuense Fukiharu & Hongo,gbif,リュウキュウワカフサタケ
3343406,3343406,"Hebeloma radicosoides Sagara, Hongo & Y.Murak.",db,ナガエノスギタケダマシ
3343406,3343406,"Hebeloma radicosoides Sagara, Hongo & Y.Murak.",gbif,ナガエノスギタケダマシ
3343690,3343690,Leratiomyces squamosus (Pers.) Bridge & Spooner,db,カバイロタケ
3343690,3343690,Leratiomyces squamosus (Pers.) Bridge & Spooner,gbif,ミヤマツバタケ
3343703,3343690,Hypholoma squamosum (Pers.) Urbonas,db,カバイロタケ
3343703,3343690,Hypholoma squamosum (Pers.) Urbonas,gbif,ミヤマツバタケ
3343759,3343759,Pholiota squarrosoides (Peck) Sacc.,db,スギタケモドキ
3343759,3343759,Pholiota squarrosoides (Peck) Sacc.,gbif,スギタケモドキ
3344252,3344252,Pholiota terrestris Overh.,db,ツチスギタケ
3344252,3344252,Pholiota terrestris Overh.,gbif,ツチスギタケ
3344304,3344304,Agrocybe pseudoerebia Har.Takah.,db,ツバナシツチナメコ
3344323,3344323,Agrocybe farinacea Hongo,db,ツバナシフミヅキタケ
3344323,3344323,Agrocybe farinacea Hongo,gbif,ツバナシフミヅキタケ
3344402,3344402,Agrocybe media Hongo,db,オオハタケキノコ
3344595,3345271,Hygrophorus hahashimensis Hongo,db,クロゲキヤマタケ
3344619,3345554,Hygrophorus croceoluteus Hongo,db,オレンジガサ
3344703,3344703,Hygrophorus fagi G.Becker & Bon,db,アケボノサクラシメジ
3344703,3344703,Hygrophorus fagi G.Becker & Bon,gbif,アケボノサクラシメジ
3344741,3344741,Hygrophorus purpurascens (Alb. & Schwein.) Fr.,db,サクラシメジモドキ
3344741,3344741,Hygrophorus purpurascens (Alb. & Schwein.) Fr.,gbif,サクラシメジモドキ
3344791,3344791,Hygrophorus fuscovillosulus S.Imai,db,チャオトメノカサ
3344805,3344805,Hygrophorus lilacinogriseus Hongo,db,ウバノカサモドキ
3344883,3345197,Hygrophorus otsuensis Hongo,db,フタイロヒメノカサ
3344890,3345471,Hygrophorus cruentus Hongo,db,チシオヒメノカサ
3344914,3344914,Hygrophorus carnescens S.Imai,db,ヒメノカサ
3344917,3344917,Hygrophorus capreolarius Kalchbr.,db,コサクラシメジ
3344979,3345129,Hygrophorus suzukaensis Hongo,db,シュイロガサ
3344979,3345129,Hygrophorus suzukaensis Hongo,gbif,シュイロガサ
3344985,3345089,Hygrophorus subacutus Hongo,db,トガリダイダイタケ
3345048,3345153,Hygrophorus subcinnabarinus Hongo,db,ヤマヒガサタケ
3345077,3345077,Hygrocybe imazekii Hongo,db,コベニヤマタケ
3345115,3345115,Hygrocybe caespitosa Murrill,db,ササクレヒメノカサ
3345129,3345129,Hygrocybe suzukaensis (Hongo) Hongo,db,シュイロガサ
3345129,3345129,Hygrocybe suzukaensis (Hongo) Hongo,gbif,シュイロガサ
3345153,3345153,Hygrocybe subcinnabarina (Hongo) Hongo,db,ヤマヒガサタケ
3345224,3345400,Hygrocybe psittacina (Schaeff.) P.Kumm.,gbif,ワカクサタケ
3345237,3345237,Hygrocybe acutoconica (Clem.) Singer,db,トガリツキミタケ
3345250,5955209,Hygrocybe calyptriformis (Berk.) Fayod,gbif,アケボノタケ
3345253,3345253,Hygrocybe obrussea (Fr.) Wünsche,db,オオキヤマタケ
3345293,3345293,Hygrocybe stagnina Hongo,db,ヌマキヤマタケ
3345309,3345309,Hygrocybe neoceracea Hongo,db,キヤマタケモドキ
3345321,3304469,Hygrocybe laeta (Pers.) P.Kumm.,gbif,ナナイロヌメリタケ
3345329,3345329,Hygrocybe pseudococcinea Hongo,db,オオミノアカヌマベニタケ
3345400,3345400,Gliophorus psittacinus (Schaeff.) Herink,gbif,ワカクサタケ
3345471,3345471,Hygrocybe cruenta (Hongo) Hongo,db,チシオヒメノカサ
3345553,3345553,Hygrocybe venusta Hongo,db,ダイダイヒメノカサ
3345554,3345554,Hygrocybe croceolutea (Hongo) Hongo,db,オレンジガサ
3345693,3345693,Clitopilus lignyotus Hongo,db,クロウラベニタケ
3345769,3345769,Entoloma farlowii (Singer) Hesler,db,ダイダイウラベニタケ
3345769,3345769,Entoloma farlowii (Singer) Hesler,gbif,ダイダイウラベニタケ
3345846,3345846,Entoloma clypeatum (L.) P.Kumm.,db,シメジモドキ
3345846,3345846,Entoloma clypeatum (L.) P.Kumm.,gbif,シメジモドキ
3345846,3345846,Entoloma clypeatum (L.) P.Kumm.,gbif,ハルシメジ
3345858,3345858,Entoloma giganteum Murrill,db,タマウラベニタケ
3345960,3345960,Entoloma japonicum (Hongo) Hongo,db,ケモミウラモドキ
3346023,3346023,Entoloma conferendum (Britzelm.) Noordel.,db,ミイノモミウラモドキ
3346023,3346023,Entoloma conferendum (Britzelm.) Noordel.,gbif,ミイノモミウラモドキ
3346192,7622559,Entoloma ater (Hongo) Hongo & Izawa,db,コキイロウラベニタケ
3346491,3346491,Entoloma omiense (Hongo) E.Horak,db,ウスキモミウラモドキ
3346491,3346491,Entoloma omiense (Hongo) E.Horak,gbif,ウスキモミウラモドキ
3346639,3346639,Entoloma quadratum (Berk. & M.A.Curtis) E.Horak,db,アカイボカサタケ
3346727,3346727,Entoloma sarcopus Nagas. & Hongo,db,ウラベニホテイシメジ
3346727,3346727,Entoloma sarcopus Nagas. & Hongo,gbif,ウラベニホテイシメジ
3346767,3346767,Entoloma luridum Hesler,db,キイロウラベニタケ
3346767,3346767,Entoloma luridum Hesler,gbif,キイロウラベニタケ
3346831,3346831,Entoloma kujuense (Hongo) Hongo,db,ナスコンイッポンシメジ
3346831,3346831,Entoloma kujuense (Hongo) Hongo,gbif,ナスコンイッポンシメジ
3346875,3346875,Entoloma acutoconicum (Hongo) E.Horak,db,トガリウラベニタケ
3346875,3346875,Entoloma acutoconicum (Hongo) E.Horak,gbif,トガリウラベニタケ
3346903,3346903,Entoloma sepium (Noulet & Dass.) Richon & Roze,gbif,ウメハルシメジ
3347145,3347145,Rhodocybe roseiavellanea (Murrill) Singer,db,イナバノウラベニタケ
3347145,3347145,Rhodocybe roseiavellanea (Murrill) Singer,gbif,イナバノウラベニタケ
3347259,3347259,Lyophyllum sykosporum Hongo & Clémençon,db,カクミノシメジ
3347259,3347259,Lyophyllum sykosporum Hongo & Clémençon,gbif,カクミノシメジ
3347330,7517664,Lyophyllum musashiense Hongo,gbif,バライロシメジ
3347579,3347579,Cortinarius galeroides Hongo,db,トガリニセフウセンタケ
3347579,3347579,Cortinarius galeroides Hongo,gbif,トガリニセフウセンタケ
3347662,2528781,Cortinarius tenuipes (Hongo) Hongo,db,オオツガタケ
3347804,3347804,Cortinarius reticulisporus Miyauchi,db,ヤマブキフウセンタケ
3347850,3347850,Cortinarius allutus Fr.,db,ニセマンジュウガサ
3347850,3347850,Cortinarius allutus Fr.,gbif,ニセマンジュウガサ
3348079,3348079,Cortinarius shigaensis Hongo,db,アサクラフウセンタケ
3348524,3348524,Cortinarius nigrosquamosus Hongo,db,オニフウセンタケ
3348524,3348524,Cortinarius nigrosquamosus Hongo,gbif,オニフウセンタケ
3348761,3348761,Cortinarius laccarioides Miyauchi,db,キツネフウセンタケ
3349593,3349593,Cortinarius jubarinus Fr.,db,チャニセフウセンタケ
3349593,3349593,Cortinarius jubarinus Fr.,gbif,チャニセフウセンタケ
3349642,3349642,Cortinarius cinnamomeoides Hongo,db,オオササタケ
3349956,3349956,Cortinarius watamukiensis Hongo,db,ワタムキツバフウセンタケ
3350161,3350161,Cortinarius haasii (M.M.Moser) M.M.Moser,db,フタイロフウセンタケ
3350173,3350173,"Cortinarius iodes Berk. & M.A.Curtis, 1853",db,ムラサキアブラシメジ
3350173,3350173,"Cortinarius iodes Berk. & M.A.Curtis, 1853",gbif,ムラサキアブラシメジ
3350539,3350539,Cortinarius neoarmillatus Hongo,db,コツバフウセンタケ
3350564,3350564,Cortinarius pseudopurpurascens Hongo,db,フウセンタケモドキ
3350564,3350564,Cortinarius pseudopurpurascens Hongo,gbif,フウセンタケモドキ
3350670,3350670,Cortinarius prunicola Miyauchi & His.Kobay.,db,ウメウスフジフウセンタケ
3351054,3351054,Cortinarius aureobrunneus Hongo,db,キンチャフウセンタケ
3351054,3351054,Cortinarius aureobrunneus Hongo,gbif,キンチャフウセンタケ
3351252,3351252,Phaeocollybia christinae (Fr.) R.Heim,db,ナメニセムクエタケ
3351252,3351252,Phaeocollybia christinae (Fr.) R.Heim,gbif,ナメニセムクエタケ
3351342,3351342,Descolea flavoannulata (Lj.N.Vassiljeva) E.Horak,db,キショウゲンジ
3351342,3351342,Descolea flavoannulata (Lj.N.Vassiljeva) E.Horak,gbif,キショウゲンジ
3351440,3351440,Laccaria nigra Hongo,db,クロキツネタケ
3351491,3351491,Laccaria murina S.Imai,db,ギンコタケ
3351491,3351491,Laccaria murina S.Imai,gbif,ギンコタケ
3351496,3351496,Laccaria vinaceoavellanea Hongo,db,カレバキツネタケ
3351496,3351496,Laccaria vinaceoavellanea Hongo,gbif,カレバキツネタケ
3351583,2554338,Geastrum minus (Pers.) G.Cunn.,db,セイタカヒメツチグリ
3351608,3351608,Geastrum javanicum Lév.,db,ケフクロツチガキ
3351608,3351608,Geastrum javanicum Lév.,gbif,ケフクロツチガキ
3351692,3351692,Geastrum kotlabae V.J.Stanĕk,db,ヒヨリヒメツチグリ
3351692,3351692,Geastrum kotlabae V.J.Stanĕk,gbif,ヒヨリヒメツチグリ
3351704,2554337,Geastrum papyraceum Berk. & M.A.Curtis,db,カミツチグリ
3351704,2554337,Geastrum papyraceum Berk. & M.A.Curtis,gbif,ヒナツチガキ
3351704,2554337,Geastrum papyraceum Berk. & M.A.Curtis,gbif,雛土柿
3353417,3353417,Sebacina dendroidea (Berk. & M.A.Curtis) Lloyd,db,イトタケ
3353417,3353417,Sebacina dendroidea (Berk. & M.A.Curtis) Lloyd,gbif,イトタケ
3354045,3354045,Leccinellum griseum (Quél.) Bresinsky & Manfr.Binder,gbif,スミゾメヤマイグチ
3354053,3354053,Rubinoboletus monstrosus Har.Takah.,db,ダルマイグチ
3354087,3354087,Boletellus badiovinosus E.Horak,db,マルミノアヤメイグチ
3354087,3354087,Boletellus badiovinosus E.Horak,gbif,マルミノアヤメイグチ
3354092,9775504,Boletellus shichianus (Teng & L.Ling) Teng,gbif,トゲミノヒメイグチ
3354116,3354116,Boletellus elatus Nagas.,db,アシナガイグチ
3354123,9662175,Boletellus russellii (Frost) E.-J.Gilbert,gbif,セイタカイグチ
3354152,3354152,Boletellus chrysenteroides (Snell) Snell,db,アヤメイグチ
3354152,3354152,Boletellus chrysenteroides (Snell) Snell,gbif,アヤメイグチ
3354201,7584614,Octaviania columellifera Kobayasi,db,ジャガイモタケ
3354201,7584614,Octaviania columellifera Kobayasi,gbif,ジャガイモタケ
3354307,7358611,Leccinum eximium (Peck) Singer,gbif,ウラグロニガイグチ
3354406,12123495,Leccinum hortonii (A.H.Sm. & Thiers) Hongo & Nagas.,gbif,シワチャヤマイグチ
3354430,3354430,Leccinum subradicatum Hongo,db,ネナガシロヤマイグチ
3354430,3354430,Leccinum subradicatum Hongo,gbif,ネナガシロヤマイグチ
3354474,3354474,Pulveroboletus brunneoscabrosus Har.Takah.,db,ウロコキイロイグチ
3354479,9808003,Pulveroboletus auriflammeus (Berk. & M.A.Curtis) Singer,gbif,ハナガサイグチ
3354490,3354490,Austroboletus subvirens (Hongo) Wolfe,db,オオヤシャイグチ
3354490,3354490,Austroboletus subvirens (Hongo) Wolfe,gbif,オオヤシャイグチ
3354497,3354497,Austroboletus fusisporus (Kawam. ex Imazeki & Hongo) Wolfe,db,ヤシャイグチ
3354497,3354497,Austroboletus fusisporus (Kawam. ex Imazeki & Hongo) Wolfe,gbif,ヤシャイグチ
3354536,3354536,Tylopilus castanoides Har.Takah.,db,クリイロニガイグチ
3354536,3354536,Tylopilus castanoides Har.Takah.,gbif,クリイロニガイグチ
3354537,3354537,Tylopilus alutaceoumbrinus Hongo,db,フモトニガイグチ
3354537,3354537,Tylopilus alutaceoumbrinus Hongo,gbif,フモトニガイグチ
3354555,8026958,Tylopilus valens (Corner) Hongo & Nagas.,db,ホオベニシロアシイグチ
3354555,8026958,Tylopilus valens (Corner) Hongo & Nagas.,gbif,ホオベニシロアシイグチ
3354558,3271349,Tylopilus castaneiceps Hongo,gbif,ヌメリニガイグチ
3354572,3354572,Tylopilus argillaceus Hongo,db,アシボソニガイグチ
3354572,3354572,Tylopilus argillaceus Hongo,gbif,アシボソニガイグチ
3354594,3354594,Tylopilus vinosobrunneus Hongo,db,ブドウニガイグチ
3354594,3354594,Tylopilus vinosobrunneus Hongo,gbif,ブドウニガイグチ
3354618,9654671,Tylopilus virens (W.F.Chiu) Hongo,gbif,ミドリニガイグチ
3354629,3354629,Tylopilus rugulosoreticulatus Hongo,db,コニガイグチ
3354640,3354640,Tylopilus rigens Hongo,db,オクヤマニガイグチ
3354645,3354645,Tylopilus plumbeoviolaceus (Snell & E.A.Dick) Snell & E.A.Dick,db,ムラサキニガイグチ
3354650,3354650,Tylopilus fuligineoviolaceus Har.Takah.,gbif,クロムラサキニガイグチ
3354654,3354654,Tylopilus otsuensis Hongo,db,コビチャニガイグチ
3354654,3354654,Tylopilus otsuensis Hongo,gbif,コビチャニガイグチ
3354662,3354662,Tylopilus alboater (Schwein.) Murrill,db,オオクロニガイグチ
3356222,3356222,Strobilomyces seminudus Hongo,db,コオニイグチ
3356222,3356222,Strobilomyces seminudus Hongo,gbif,コオニイグチ
3356248,3356248,Strobilomyces mirandus Corner,db,トライグチ
3356259,3356259,Strobilomyces confusus Singer,db,オニイグチモドキ
3356259,3356259,Strobilomyces confusus Singer,gbif,オニイグチモドキ
3356259,3356259,Strobilomyces confusus Singer,gbif,鬼猪口擬
3356361,3356361,Hygrophoropsis bicolor Hongo,db,コゲチャヒロハアンズタケ
3356470,3356470,Rhizopogon succosus A.H.Sm.,db,アカショウロ
3356470,3356470,Rhizopogon succosus A.H.Sm.,gbif,アカショウロ
3356502,3356502,Rhizopogon nigrescens Coker & Couch,db,オオショウロ
3356502,3356502,Rhizopogon nigrescens Coker & Couch,gbif,オオショウロ
3356502,3356502,Rhizopogon nigrescens Coker & Couch,gbif,ムニンショウロ
3356700,3356700,Gyroporus punctatus Lj.N.Vassiljeva,db,Biroodo-kuriiro-iguchi
3356700,3356700,Gyroporus punctatus Lj.N.Vassiljeva,gbif,ビロードクリイロイグチ
3356983,3356983,Lentinellus pilatii Herink,db,シロナミハタケ
3356983,3356983,Lentinellus pilatii Herink,gbif,シロナミハタケ
3357055,2537020,Corticium laeve Pers.,db,エビオオコウヤクタケ
3357055,2537020,Corticium laeve Pers.,gbif,エビコウヤクタケ
3357115,3357115,"Peniophora similis (Berk. & M.A.Curtis) Massee, 1889",db,キカワタケ
3357408,3357408,Stereum kurilense Yasuda,db,チシマウロコタケ
3357484,3357484,Stereum japonicum Yasuda,db,ヤマトウロコタケ
3357514,3357514,Stereum roseum Yasuda,db,ウスベニウロコタケ
3357740,7890605,Albatrellus dispansus (Lloyd) Canf. & Gilb.,db,コウモリタケ
3357740,7890605,Albatrellus dispansus (Lloyd) Canf. & Gilb.,gbif,コウモリタケ
3359054,3359054,Russula subnigricans Hongo,db,ニセクロハツ
3359054,3359054,Russula subnigricans Hongo,gbif,ニセクロハツ
3359168,3359168,Russula boninensis S.Ito & S.Imai,db,オガサワラキハツダケ
3359287,3359287,"Russula compacta Frost, 1879",db,アカカバイロタケ
3359544,3359544,Russula kansaiensis Hongo,db,ヒナベニタケ
3359544,3359544,Russula kansaiensis Hongo,gbif,ヒナベニタケ
3359641,3359641,"Russula crustosa Peck, 1887",db,ヤブレキチャハツ
3359641,3359641,"Russula crustosa Peck, 1887",gbif,ヤブレキチャハツ
3359715,2551423,Russula viridirubrolimbata J.Z.Ying,db,アイタケ
3359715,2551423,Russula viridirubrolimbata J.Z.Ying,gbif,アイタケ
3359736,3359736,Russula sanguinea Fr.,db,チシオハツ
3359736,3359736,Russula sanguinea Fr.,gbif,チシオハツ
3359966,3359966,Russula neoemetica Hongo,db,ドクベニダマシ
3359969,3359969,Russula granulata Peck,gbif,ヌメリクサハツモドキ
3360040,9223923,Russula eccentrica Peck,db,コゲイロハツタケ
3360040,9223923,Russula eccentrica Peck,gbif,コゲイロハツタケ
3360148,3360148,Russula eburneoareolata Hongo,db,ツギハギハツ
3360148,3360148,Russula eburneoareolata Hongo,gbif,ツギハギハツ
3360190,3360190,Russula alboareolata Hongo,db,ヒビワレシロハツ
3360190,3360190,Russula alboareolata Hongo,gbif,ヒビワレシロハツ
3360231,3360231,Russula bella Hongo,db,ニオイコベニタケ
3360301,2551542,Russula variata Banning,db,ウグイスタケ
3360301,2551542,Russula variata Banning,gbif,カワリハツ
3360330,3360330,Russula omiensis Hongo,db,カラムラサキハツ
3360330,3360330,Russula omiensis Hongo,gbif,カラムラサキハツ
3360350,3360350,Russula castanopsidis Hongo,db,カレバハツ
3360350,3360350,Russula castanopsidis Hongo,gbif,カレバハツ
3360357,3360357,Russula senecis S.Imai,gbif,オキナクサハツ
3360357,3360357,Russula senecis S.Imai,gbif,翁臭初
3360408,3360408,Russula rubescens Beardslee,db,イロガワリベニタケ
3360408,3360408,Russula rubescens Beardslee,gbif,イロガワリベニタケ
3360574,3360574,Russula ballouii Peck,gbif,ウコンクサハツ
3360672,3360672,Russula japonica Hongo,db,カラシロハツ
3360672,3360672,Russula japonica Hongo,gbif,シロハツモドキ
3360689,3360689,Russula earlei Peck,db,キツネハツ
3360689,3360689,Russula earlei Peck,gbif,キツネハツ
3360756,3360756,Arcangeliella mitsueae S.Imai,db,ミツエタケ
3361113,2520519,Phellinus laurencii (Berk.) Aoshima,db,ネンドタケ
3361163,7849009,Phellinus setifer T.Hatt.,gbif,ネンドタケモドキ
3361323,2519942,Cyclomyces greenei Berk.,db,アミウズタケ
3361323,2519942,Cyclomyces greenei Berk.,gbif,ウズタケ
3361431,3361431,Inonotus scaurus (Lloyd) T.Hatt.,db,サジタケ
3361489,2519942,Coltricia greenei (Berk.) Imazeki,db,アミウズタケ
3361489,2519942,Coltricia greenei (Berk.) Imazeki,gbif,ウズタケ
3361567,9691735,Steccherinum murashkinskyi (Burt) Maas Geest.,gbif,ニセニクハリタケ
3361882,9691735,Irpex murashkinskyi (Burt) Kotir. & Saaren.,gbif,ニセニクハリタケ
3361886,9541569,Irpex castaneus Lloyd,gbif,オオシワタケ
3361964,2543528,Phanerochaete chrysorhiza (Eaton) Budington & Gilb.,gbif,ヒイロハリタケ
3362286,2542476,Fibroporia gossypium (Speg.) Parmasto,db,シロロウアナタケ
3362600,3362600,Antrodiella ussurii Y.C.Dai & Niemelä,db,ビスケットタケ
3362660,5244852,Pulcherricium coeruleum (Lam.) Parmasto,db,アイイロオオコウヤクタケ
3362660,5244852,Pulcherricium coeruleum (Lam.) Parmasto,gbif,アイコウヤクタケ
3363044,3363044,Ganoderma tsunodae Yasuda,db,エビタケ
3363517,3361431,Fomes scaurus Lloyd,db,サジタケ
3363730,2543474,Fomes laricis (F.Rubel) Murrill,db,Eburiko
3365612,3365612,Trametes glabrata (Lloyd) Ryvarden,db,シロオウギタケ
3365664,3365664,Trametes orientalis (Yasuda) Imazeki,db,クジラタケ
3365664,3365664,Trametes orientalis (Yasuda) Imazeki,gbif,クジラタケ
3365731,3365073,Trametes truncatospora Lloyd,db,ヒメウズラアミタケ
3365952,3365952,Daedaleopsis conchiformis Imazeki,db,シジミアミタケ
3368106,3361932,Hydnum chrysellum Berk. & M.A.Curtis,db,キコハリタケ
3368245,3368245,Hydnum albidum Peck,db,ヒメハリタケ
3369439,10735314,Melanopsichium onumae (Shirai ex S.Ito) Kakish.,gbif,ヤブニッケイ黒穂病菌
3370629,3362600,Frantisekia ussurii (Y.C.Dai & Niemelä) Spirin,db,ビスケットタケ
3371638,3371638,Calocera coralloides Kobayasi,db,ヒメツノタケ
3371656,2512992,Calocera flavida LLoyd,db,アオキツノフノリタケ
3371656,2512992,Calocera flavida LLoyd,gbif,フノリタケ
3371760,3371760,Dacrymyces nikkomontanus Kobayasi,db,ニッコウサンアカキクラゲ
3371804,3371804,Dacrymyces pezizoides Kobayasi,gbif,ダイダイアカキクラゲ
3371876,10784772,"Exobasidium hachijoense Y.Otani, Kakish. & Iijima",gbif,ヤブニッケイもち病菌
3371916,3371916,Exobasidium pieridis Henn.,db,ネジキモチビョウキン
3371916,3371916,Exobasidium pieridis Henn.,gbif,ネジキモチビョウキン
3371951,3371951,"Exobasidium hemisphaericum Shirai, 1896",db,シャクナゲタマモチビョウキン
3371951,3371951,"Exobasidium hemisphaericum Shirai, 1896",gbif,シャクナゲタマモチビョウキン
3371952,3371952,Exobasidium nudum (Shirai) S.Ito & Otani,db,ツバキコナモチビョウキン
3371952,3371952,Exobasidium nudum (Shirai) S.Ito & Otani,gbif,ツバキコナモチビョウキン
3372709,3372709,Septobasidium pilosum Boedijn & B.A.Steinm.,db,ケモンパキン
3372709,3372709,Septobasidium pilosum Boedijn & B.A.Steinm.,gbif,ケモンパキン
3372812,3372812,Septobasidium nigrum W.Yamam.,db,サクラコクショクモンパキン
3374321,3374321,Blastospora betulae S.Kaneko & Hirats.f.,gbif,ヒバ・アスナロ天狗巣病菌
3383879,3372632,Helicobasidium tanakae Miyabe,db,クワモンパキン
3383879,3372632,Helicobasidium tanakae Miyabe,gbif,クワモンパキン
3389358,5261507,Calicium chrysocephalum Ach.,gbif,キンイロホソピンゴケ
3389964,3391824,Cladonia aggregata (Sw.) Ach.,gbif,トゲシバリ
3390041,2607724,Cladonia hookeri Tuck.,gbif,ウロコアカミゴケ
3390095,3390095,Cladonia cryptochlorophaea Asahina,gbif,クリプトジョウゴゴケ
3390106,3390106,Cladonia grayi G.Merr. ex Sandst.,gbif,グレイジョウゴゴケ
3390180,7984707,Cladonia heteroclada Asah.,gbif,コビナアカミゴケ
3390225,3391139,Cladonia squamosissima (Müll.Arg.) Ahti,gbif,ヤマハナゴケ
3390268,3390268,Cladonia subdecaryana Yoshim.,gbif,オニレンゲゴケ
3390288,3390288,Cladonia dissimilis (Asahina) Asahina,gbif,ニセヤグラゴケ
3390393,3390393,Cladonia koyaensis Asah.,gbif,コウヤハナゴケ
3390423,5470393,Cladonia coccocarpa (Nyl.) A.Evans,gbif,オオツブミゴケ
3390682,3390682,Cladonia rappii A.Evans,gbif,ヒメヤグラゴケ
3390720,2607712,Cladonia aberrans (des Abb.) Stuck,gbif,ミヤマハナゴケ
3390733,3390733,Cladonia alpina (Asahina) Yoshim.,gbif,タカネアカミゴケ
3390799,3390799,Cladonia yunnana (Vainio) des Abb.,gbif,ヒロハアカミゴケ
3390849,3390849,Cladonia submultiformis Asah.,gbif,ヤブレハナゴケ
3390882,3390882,Cladonia subconistea Asah.,gbif,ヒメジョウゴゴケモドキ
3390946,3390946,Cladonia kurokawae Ahti & Steenroos,gbif,ヒメジョウゴゴケ
3391035,3391035,Cladonia pseudohondoensis Asah.,gbif,ホンドハナゴケモドキ
3391130,2607724,Cladonia graciliformis Zahlbr.,gbif,ウロコアカミゴケ
3391139,3391139,Cladonia fenestralis Nuno,gbif,ヤマハナゴケ
3391352,3391352,Cladonia brevis (Sandst.) Sandst.,gbif,ヒメミゾハナゴケ
3391666,3391666,Cladonia wainioi Savicz,gbif,マタゴケモドキ
3392646,3392646,Lepraria lobificans Nyl.,gbif,アツバレプラゴケ
3392648,3392646,Lepraria finkii (B.de Lesd.) R.C.Harris,gbif,アツバレプラゴケ
3393235,10707689,Leprocaulon arbuscula (Nyl.) Nyl.,gbif,ヒメキゴケ
3395366,3395366,Ramalina yasudae Räsänen,gbif,イワカラタチゴケ
3395736,3395736,Ramalina conduplicans Vain.,gbif,カラタチゴケ
3395938,7247205,Ramalina crassa (Delise ex Nyl.) Motyka,gbif,ハマカラタチゴケ
3398004,3398004,Lecanora sulcata (Hue) Miyawaki,gbif,オウカンチャシブゴケ
3398083,3398083,Lecanora nipponica Miyawaki,gbif,ニホンチャシブゴケ
3398083,3398083,Lecanora nipponica Miyawaki,gbif,ヤマトチャシブゴケ
3398350,3398350,Lecanora megalocheila (Hue) Miyawaki,gbif,ナミチャシブゴケ
3398468,3398468,Lecanora gongensiana Miyawaki,gbif,ゴンゲンチャシブゴケ
3399518,3399518,Lecanora imshaugi Brodo,gbif,ナミチャシブゴケモドキ
3400518,3400518,Lecanora pulverulenta Müll.Arg.,gbif,コナイボゴケ
3402252,3402252,Byssoloma chlorinum (Vain.) Zahlbr.,gbif,コナワタヘリゴケ
3402351,3402351,"Fellhaneropsis kurokawana G.Thor, Lücking & Tat.Matsumoto",gbif,ニセコバシラゴケ
3403250,3403250,Cetreliopsis asahinae (M.Satô) Randlane & A.Thell,gbif,アワビゴケ
3403251,3403250,Nephromopsis asahinae (M.Satô) Räsänen,gbif,アワビゴケ
3403252,3403250,Cetraria asahinae M.Satô,gbif,アワビゴケ
3403325,3403325,"Melanelixia huei (Asahina) O.Blanco, A.Crespo, Divakar, Essl., D.Hawksw. & Lumbsch",gbif,オリーブゴケモドキ
3403326,3403325,Melanelia huei (Asahina) Essl.,gbif,オリーブゴケモドキ
3403327,3403325,Parmelia huei Asahina,gbif,オリーブゴケモドキ
3403356,3403356,"Hypogymnia fujisanensis (Asahina) Kurok., 1971",gbif,コヒメリボンゴケ
3403479,3403479,Hypogymnia hokkaidensis Kurok.,gbif,エゾフクロゴケ
3403541,3403541,Cetrelia chicitae (W.L.Culb.) W.L.Culb. & C.F.Culb.,gbif,コフキトコブシゴケ
3403542,3403541,Cetraria chicitae W.L.Culb.,gbif,コフキトコブシゴケ
3403687,2605297,Xanthoparmelia incurva (Pers.) Hale,gbif,イリタマゴゴケ
3403711,3403715,Canomaculina subtinctoria (Zahlbr.) Elix,gbif,オオチヂレマツゲゴケ
3403712,3403715,Rimeliella subtinctoria (Zahlbr.) Kurok.,gbif,オオチヂレマツゲゴケ
3403715,3403715,Parmotrema subtinctorium (Zahlbr.) Hale,gbif,オオチヂレマツゲゴケ
3403928,9766879,Cetrariastrum cirrhatum (Fr.) W.L.Culb. & C.F.Culb.,gbif,ツノマタゴケモドキ
3404394,3404394,Evernia esorediosa (Müll.Arg.) Du Rietz,gbif,ヤマヒコノリ
3404509,10716373,Tuckermanopsis gilva (Asahina) M.J.Lai,gbif,オーアケシゴケモドキ
3404516,10793089,Tuckermanopsis americana (Sprengel) Hale,gbif,ヒゲアワビゴケ
3404615,2605941,Parmelia submarmariza Asah.,gbif,モンシロゴケモドキ
3404664,2606281,Parmelia pacificum Kurok.,gbif,キイロトゲウメノキゴケ
3404961,3404961,Parmelia praesquarrosa Kurok.,gbif,ナメラカラクサゴケ
3405216,2606178,Parmelia herreana Zahlbr.,gbif,キウメノキゴケ
3406736,10733705,Parmelia predisjuncta Essl.,gbif,ニセタカネゴケ
3406812,2605917,Parmelia pseudosaxatilis Asah.,gbif,トゲナシカラクサゴケ
3407065,10680535,Parmelia ruderata Vain.,gbif,トゲハクテンゴケ
3407213,2604560,Parmelia coreana,gbif,ウスイロキクバゴケ
3407213,2604560,Parmelia coreana,gbif,ヤマキクバゴケ
3407537,2606268,Parmotrema chinense (Osbeck) Hale & Ahti,gbif,ウメノキゴケ
3407874,3407874,Dolichousnea diffracta (Vain.) Articus,gbif,ヨコワサルオガセ
3407876,3407876,Dolichousnea trichodeoides (Vain. ex Motyka) Articus,gbif,フジサルオガセ
3407877,3407877,Dolichousnea longissima (Ach.) Articus,gbif,ナガサルオガセ
3408105,3408105,Nephromopsis laii (Thell & Randlane) Saag & Thell,gbif,ライアワビゴケ
3408109,3408109,Nephromopsis ornata (Müll.Arg.) Hue,gbif,ウチキアワビゴケ
3408113,3408113,Nephromopsis togashii (Asahina) A.Thell & Kärnefelt,gbif,トガシアワビゴケ
3408114,3408113,Tuckneraria togashii (Asahina) Randlane & A.Thell,gbif,トガシアワビゴケ
3408115,3408113,Cetraria togashii Asahina,gbif,トガシアワビゴケ
3408318,10879894,Cetraria ulophylloides Asahina,gbif,オオスルメゴケ
3408347,10751819,Cetraria microphyllica W.L.Culb. & C.F.Culb.,gbif,ササクレアワビゴケ
3408517,2605279,Tuckermanopsis sepincola (Ehrh.) Hale,gbif,スルメゴケ
3408519,2605279,Cetraria saepincola (Ehrh.) Ach.,gbif,スルメゴケ
3408629,10716373,Cetraria gilva Asahina,gbif,オーアケシゴケモドキ
3408766,2606639,Parmelia owariensis Asahina,gbif,オワリウメノキゴケ
3408854,3408854,Menegazzia caviisidia Bjerke & P.James,gbif,ツブクダチイ
3408872,3408872,"Menegazzia primaria Aptroot, M.J.Lai & Sparrius",gbif,ナメラクダチイ
3408900,3408900,"Menegazzia anteforata Aptroot, M.J.Lai & Sparrius",gbif,クダチイ
3408900,3408900,"Menegazzia anteforata Aptroot, M.J.Lai & Sparrius",gbif,トゲセンシゴケ
3409003,3409003,Bryoria lactinea (Nyl.) Brodo & Hawksw.,gbif,フジキノリ
3409009,3409009,Bryoria confusa (Awasthi) Brodo & D.Hawksw.,gbif,オオオニノヒゲ
3409181,10733705,Melanelia predisjuncta (Essl.) Essl.,gbif,ニセタカネゴケ
3409263,2605820,Tuckermanopsis juniperina (L.) Hale,gbif,ハイマツゴケ
3409271,2605831,Tuckermanopsis pinastri (Scop.) Hale,gbif,コナハイマツゴケ
3409308,3409308,Lethariella togashii (Asahina) Krog,db,Nayonayosagari-goke
3409308,3409308,Lethariella togashii (Asahina) Krog,gbif,ナヨナヨサガリゴケ
3409309,3409308,Letharia togashii Asahina,db,Nayonayosagari-goke
3409309,3409308,Letharia togashii Asahina,gbif,ナヨナヨサガリゴケ
3409330,3409330,Bryocaulon satoanum (Gyeln.) Kärnefelt,gbif,クリイロシダレキノリ
3409361,3409361,Parmotrema clavuliferum (Räsänen) Streimann,gbif,マツゲゴケ
3409362,3409361,Parmelia clavulifera Räsänen,gbif,マツゲゴケ
3409379,3409379,Platismatia erosa W.Culb. & C.Culb.,gbif,トゲタイワントコブシゴケ
3409380,3409380,"Platismatia interrupta W.L.Culb. & C.F.Culb., 1968",gbif,ウスバトコブシゴケ
3410907,10834972,Pertusaria sphaerophora Oshio,gbif,マルミトリハダゴケ
3410976,3410976,"Pertusaria quartans Nyl., 1890",gbif,ワタトリハダゴケ
3410999,3410999,Pertusaria laeviganda Nyl.,gbif,コブトリハダゴケ
3411008,3411008,Pertusaria hakkodensis Räsänen,gbif,ハッコウダトリハダゴケ
3411053,3411053,Pertusaria nakamurae (Räsänen) Dibben,gbif,ナカムラトリハダゴケ
3411422,3411422,Pertusaria oshioi Wei,gbif,オシオトリハダゴケ
3411791,12190146,Pertusaria submultipuncta Nyl.,gbif,オオカノコゴケモドキ
3412177,12239006,Pertusaria variolina Nyl.,gbif,コナトリハダゴケ
3412308,3412308,Dibaeis arcuata (Stirt.) Kalb & Gierl,gbif,センニンゴケ
3412308,3412308,Dibaeis arcuata (Stirt.) Kalb & Gierl,gbif,仙人苔
3412311,3412308,Dibaeis fungoides (Sw.) Kalb & Gierl,gbif,センニンゴケ
3412311,3412308,Dibaeis fungoides (Sw.) Kalb & Gierl,gbif,仙人苔
3412596,2600234,Ochrolechia orientalis Vainio,gbif,クサビラゴケ
3413650,3413650,Lobothallia alphoplaca (Wahlenb.) Hafellner,gbif,ウロコクボミゴケ
3414400,3414400,Acarospora asahinae H.Magn.,gbif,アサヒナホウネンゴケ
3414400,3414400,Acarospora asahinae H.Magn.,gbif,ホウネンゴケモドキ
3414605,3414605,Gyalidea japonica Harada & Vezda,gbif,コザラゴケ
3414643,3414643,Gyalidea kawanae H.Harada & Vĕzda,gbif,カワナコザラゴケ
3416150,5474399,Graphina inabensis (Vain.) Zahlbr.,gbif,シロモジゴケ
3416150,5474399,Graphina inabensis (Vain.) Zahlbr.,gbif,スジモジゴケ
3416425,10809275,Graphina kousyuensis Horik. & M.Nakan.,gbif,コウシュウシロミモジゴケ
3416511,3416511,Hemithecium oshioi (M.Nakan.) M.Nakan. & Kashiw.,gbif,オシオモジゴケ
3416849,3416481,Phaeographina endofusca M.Nakan.,gbif,ナカチャシロモジゴケ
3416954,3418456,Phaeographina laevigata M.Nakan.,gbif,スギノウエノモジゴケ
3417425,7249709,Lichen scriptus L.,gbif,モジゴケ
3418417,5474470,Phaeographis fujisanensis Kashiw. & M.Nakan.,gbif,フジノモジゴケ
3418456,3418456,Phaeographis laevigata (M.Nakan.) M.Nakan. & Kashiw.,gbif,スギノウエノモジゴケ
3418555,5474455,Phaeographis flavicans Kashiw.,gbif,ウチキモジゴケ
3419869,3419869,Aulaxina microphana (Vain.) R.Sant.,gbif,ツブヨウ ジョウクロフチゴケ
3419927,3419927,Echinoplaca epiphylla Fée,gbif,ヒメヒゲチイ
3422020,3422020,Lobaria orientalis (Asah.) Yoshim.,gbif,ナメラカブトゴケ
3422126,10116551,Lobarina scrobiculata (Scop.) Nyl.,gbif,ハイイロカブトゴケ
3424816,3424816,Kroswia gemmascens (Nyl.) P.M.Jørg.,gbif,イワノリモドキ
3424817,3424816,Pannaria gemmascens Nyl.,gbif,イワノリモドキ
3427027,2608947,Phaeophyscia melanchra (Hue) Hale,gbif,コナロゼットチイ
3427027,2608947,Phaeophyscia melanchra (Hue) Hale,gbif,ムカデコゴケ
3427033,3427033,Phaeophyscia spinellosa Kashiw.,gbif,ナメラクロムカデゴケ
3427047,2608948,Phaeophyscia chloantha (Ach.) Moberg,gbif,クチビルムカデコゴケ
3427095,3427095,Phaeophyscia limbata,db,クロムカデゴケ
3427095,3427095,Phaeophyscia limbata,inat,クロムカデゴケ
3427095,3427095,Phaeophyscia limbata,gbif,クロムカデゴケ
3427123,3427565,Anaptychia hypochraea Vain.,gbif,ラッパゲジゲジゴケ
3427277,2609327,Anaptychia obscurata (Nyl.) Vain.,gbif,キウラゲジゲジゴケ
3427422,3427422,Anaptychia isidiza Kurok.,gbif,トゲヒメゲジゲジゴケ
3427472,2609358,Heterodermia major (Nyl.) Trevis.,gbif,オオゲジゲジゴケ
3427531,3427531,Heterodermia pacifica (Kurok.) Kurok.,gbif,ムニンゲジゲジゴケ
3427565,3427565,Heterodermia hypochraea (Vain.) Swinscow & Krog,gbif,ラッパゲジゲジゴケ
3427583,10834250,Anaptychia fragilissima Kurok.,gbif,コバノゲジゲジゴケ
3427591,10814638,Heterodermia dendritica (Pers.) Poelt,gbif,キウラゲジゲジゴケモドキ
3427602,10841226,Heterodermia leucomelos (L.) Poelt,gbif,イトゲジゲジゴケモドキ
3427743,3427743,"Hyperphyscia crocata Kashiwadani, 1985",gbif,コカゲチイ
3428217,10720763,Physcia orientalis Kashiw.,gbif,シロムカデゴケ
3431649,10786817,Xanthoria mandschurica (Zahlbr.) Asahina,gbif,アカサビゴケ
3435566,3434147,Lecidea handelii Zahlbr.,gbif,ザクロゴケモドキ
3437064,3434147,Lecidea pseudohaematomma Asahina,gbif,ザクロゴケモドキ
3439436,3439436,Baeomyces botryophorus Zahlbruckner,gbif,ツブミセンニンゴケ
3448966,2561887,Hypomyces trichothecoides Tubaki,gbif,タコウキンヤドリタケ
3449173,9698565,Podostroma cornu-damae (Pat.) Boedijn,gbif,カエンタケ
3449206,3449206,Hypocrea japonica Yasuda,db,イブキタケ
3449339,3449339,Hypocrea grandis S.Imai,db,オオボタンタケ
3449339,3449339,Hypocrea grandis S.Imai,gbif,オオボタンタケ
3449351,3449351,Hypocrea dipterobia Samuels & Rogerson,gbif,ハスノミウジムシタケ
3449762,2562645,Metarhizium pinghaense Q.T.Chen & H.L.Guo,db,コッキョウビョウキン
3449762,2562645,Metarhizium pinghaense Q.T.Chen & H.L.Guo,gbif,コッキョウビョウキン
3449783,3449783,"Conoideocrella luteorostrata (Zimm.) D.Johnson, G.H.Sung, Hywel-Jones & Spatafora",gbif,ハダニベニイロツブタケ
3450256,3450256,Shimizuomyces paradoxus Kobayasi,db,サンチュウムシタケモドキ
3450256,3450256,Shimizuomyces paradoxus Kobayasi,gbif,サンチュウムシタケモドキ
3450813,3450813,Hymenostilbe odonatae Kobayasi,db,ヤンマタケ
3450829,3450829,"Ophiocordyceps rubiginosiperitheciata (Kobayasi & Shimizu) G.H.Sung, J.M.Sung, Hywel-Jones & Spatafora",gbif,オイラセクチキムシタケ
3450833,3450833,"Ophiocordyceps sobolifera (Hill ex Watson) G.H.Sung, J.M.Sung, Hywel-Jones & Spatafora",db,セミタケ
3450833,3450833,"Ophiocordyceps sobolifera (Hill ex Watson) G.H.Sung, J.M.Sung, Hywel-Jones & Spatafora",gbif,セミタケ
3450841,3450841,"Ophiocordyceps oxycephala (Penz. & Sacc.) G.H.Sung, J.M.Sung, Hywel-Jones & Spatafora",db,トガリスズメバチタケ
3450841,3450841,"Ophiocordyceps oxycephala (Penz. & Sacc.) G.H.Sung, J.M.Sung, Hywel-Jones & Spatafora",gbif,トガリスズメバチタケ
3450855,3450855,"Ophiocordyceps elateridicola (Kobayasi & Shimizu) G.H.Sung, J.M.Sung, Hywel-Jones & Spatafora",db,ヤエヤマコメツキムシタケ
3450860,3450860,"Ophiocordyceps konnoana (Kobayasi & Shimizu) G.H.Sung, J.M.Sung, Hywel-Jones & Spatafora",db,マルミノコガネムシタケ
3450861,3450861,"Ophiocordyceps appendiculata (Kobayasi & Shimizu) G.H.Sung, J.M.Sung, Hywel-Jones & Spatafora",db,エダウチツトノミタケ
3450862,3450862,"Ophiocordyceps japonensis (Hara) G.H.Sung, J.M.Sung, Hywel-Jones & Spatafora",db,アリタケ
3450862,3450862,"Ophiocordyceps japonensis (Hara) G.H.Sung, J.M.Sung, Hywel-Jones & Spatafora",gbif,アリタケ
3450864,3450864,"Ophiocordyceps geniculata (Kobayasi & Shimizu) G.H.Sung, J.M.Sung, Hywel-Jones & Spatafora",db,クチキムシコガネツブタケ
3450864,3450864,"Ophiocordyceps geniculata (Kobayasi & Shimizu) G.H.Sung, J.M.Sung, Hywel-Jones & Spatafora",gbif,クチキムシコガネツブタケ
3450877,3450877,Ophiocordyceps acicularis (Ravenel) Petch,db,コメツキモドキツブタケ
3450877,3450877,Ophiocordyceps acicularis (Ravenel) Petch,gbif,コロモコメツキムシタケ
3450890,3450890,"Ophiocordyceps pseudolongissima (Kobayasi & Shimizu) G.H.Sung, J.M.Sung, Hywel-Jones & Spatafora",db,イリオモテセミタケ
3450890,3450890,"Ophiocordyceps pseudolongissima (Kobayasi & Shimizu) G.H.Sung, J.M.Sung, Hywel-Jones & Spatafora",gbif,イリオモテセミタケ
3450894,3450894,"Ophiocordyceps dipterigena (Berk. & Broome) G.H.Sung, J.M.Sung, Hywel-Jones & Spatafora",db,ハエヤドリタケ
3450894,3450894,"Ophiocordyceps dipterigena (Berk. & Broome) G.H.Sung, J.M.Sung, Hywel-Jones & Spatafora",gbif,ハエヤドリタケ
3450923,3450923,"Ophiocordyceps clavata (Kobayasi & Shimizu) G.H.Sung, J.M.Sung, Hywel-Jones & Spatafora",db,クチキフサノミタケ
3450923,3450923,"Ophiocordyceps clavata (Kobayasi & Shimizu) G.H.Sung, J.M.Sung, Hywel-Jones & Spatafora",gbif,クチキフサノミタケ
3450938,3450938,"Ophiocordyceps formicarum (Kobayasi) G.H.Sung, J.M.Sung, Hywel-Jones & Spatafora",db,マルミノアリタケ
3450938,3450938,"Ophiocordyceps formicarum (Kobayasi) G.H.Sung, J.M.Sung, Hywel-Jones & Spatafora",gbif,マルミアリタケ
3450938,3450938,"Ophiocordyceps formicarum (Kobayasi) G.H.Sung, J.M.Sung, Hywel-Jones & Spatafora",gbif,マルミノアリタケ
3450943,11996818,"Ophiocordyceps heteropoda (Kobayasi) G.H.Sung, J.M.Sung, Hywel-Jones & Spatafora",gbif,オオセミタケ
3450948,3450948,"Ophiocordyceps neovolkiana (Kobayasi) G.H.Sung, J.M.Sung, Hywel-Jones & Spatafora",db,コガネムシタンポタケ
3450948,3450948,"Ophiocordyceps neovolkiana (Kobayasi) G.H.Sung, J.M.Sung, Hywel-Jones & Spatafora",gbif,コガネムシタンポタケ
3450958,3450958,"Ophiocordyceps ferruginosa (Kobayasi & Shimizu) G.H.Sung, J.M.Sung, Hywel-Jones & Spatafora",db,サビイロクビオレタケ
3450958,3450958,"Ophiocordyceps ferruginosa (Kobayasi & Shimizu) G.H.Sung, J.M.Sung, Hywel-Jones & Spatafora",gbif,サビイロクビオレタケ
3450962,3450996,"Ophiocordyceps gracilioides (Kobayasi) G.H.Sung, J.M.Sung, Hywel-Jones & Spatafora",db,コナウスイロタンポタケ
3450965,3450965,"Ophiocordyceps elongatistromata (Kobayasi & Shimizu) G.H.Sung, J.M.Sung, Hywel-Jones & Spatafora",db,ツキヌキハチタケ
3450965,3450965,"Ophiocordyceps elongatistromata (Kobayasi & Shimizu) G.H.Sung, J.M.Sung, Hywel-Jones & Spatafora",gbif,ツキヌキハチタケ
3450967,3450967,"Ophiocordyceps uchiyamae (Kobayasi & Shimizu) G.H.Sung, J.M.Sung, Hywel-Jones & Spatafora",db,クロミノクチキムシタケ
3450967,3450967,"Ophiocordyceps uchiyamae (Kobayasi & Shimizu) G.H.Sung, J.M.Sung, Hywel-Jones & Spatafora",gbif,クロミノクチキムシタケ
3450983,3450983,"Ophiocordyceps crinalis (Ellis ex Lloyd) G.H.Sung, J.M.Sung, Hywel-Jones & Spatafora",db,アワノミハリタケ
3450983,3450983,"Ophiocordyceps crinalis (Ellis ex Lloyd) G.H.Sung, J.M.Sung, Hywel-Jones & Spatafora",gbif,アワノミハリタケ
3450983,3450983,"Ophiocordyceps crinalis (Ellis ex Lloyd) G.H.Sung, J.M.Sung, Hywel-Jones & Spatafora",gbif,コツブイモムシハリタケ
3450984,3450984,"Ophiocordyceps agriotis G.H.Sung, J.M.Sung, Hywel-Jones & Spatafora, 2007",db,コメツキムシタケ
3450984,3450984,"Ophiocordyceps agriotis G.H.Sung, J.M.Sung, Hywel-Jones & Spatafora, 2007",gbif,コメツキムシタケ
3450988,3450988,"Ophiocordyceps tricentri (Yasuda) G.H.Sung, J.M.Sung, Hywel-Jones & Spatafora",db,アワフキムシタケ
3450988,3450988,"Ophiocordyceps tricentri (Yasuda) G.H.Sung, J.M.Sung, Hywel-Jones & Spatafora",gbif,アワフキムシタケ
3450993,3450993,"Ophiocordyceps odonatae (Kobayasi) G.H.Sung, J.M.Sung, Hywel-Jones & Spatafora",gbif,タンポヤンマタケ
3450993,3450993,"Ophiocordyceps odonatae (Kobayasi) G.H.Sung, J.M.Sung, Hywel-Jones & Spatafora",gbif,ヤンマタケ
3451082,7480780,"Elaphocordyceps intermedia (S.Imai) G.H.Sung, J.M.Sung & Spatafora",gbif,エゾタンポタケ
3451083,7480780,Cordyceps intermedia S.Imai,gbif,エゾタンポタケ
3451094,8385218,Cordyceps valvatistipitata Kobayasi,gbif,エリアシタンポタケ
3451291,3450948,Cordyceps neovolkiana Kobayasi,db,コガネムシタンポタケ
3451291,3450948,Cordyceps neovolkiana Kobayasi,gbif,コガネムシタンポタケ
3451357,3451357,Cordyceps hepialidicola Kobayasi & Shimizu,db,クサギムシタケ
3451372,3451372,Cordyceps coccidiocapitata Kobayasi & Shimizu,db,ミチノクヒイロムシタケ
3451376,3450848,Cordyceps minutissima Kobayasi & Shimizu,db,ヒメクビオレタケ
3451379,3450841,Cordyceps oxycephala Penz. & Sacc.,db,トガリスズメバチタケ
3451379,3450841,Cordyceps oxycephala Penz. & Sacc.,gbif,トガリスズメバチタケ
3451384,3450932,Cordyceps hiugensis Kobayasi & Shimizu,db,コツブサナギハリタケ
3451387,3450860,Cordyceps konnoana Kobayasi & Shimizu,db,マルミノコガネムシタケ
3451394,3451394,"Ophiocordyceps nutans (Pat.) G.H.Sung, J.M.Sung, Hywel-Jones & Spatafora",db,カメムシタケ
3451394,3451394,"Ophiocordyceps nutans (Pat.) G.H.Sung, J.M.Sung, Hywel-Jones & Spatafora",gbif,カメムシタケ
3451394,3451394,"Ophiocordyceps nutans (Pat.) G.H.Sung, J.M.Sung, Hywel-Jones & Spatafora",gbif,亀虫茸
3451397,3450864,Cordyceps geniculata Kobayasi & Shimizu,db,クチキムシコガネツブタケ
3451397,3450864,Cordyceps geniculata Kobayasi & Shimizu,gbif,クチキムシコガネツブタケ
3451399,3450965,Cordyceps elongatostromata Kobayasi & Shimizu,db,ツキヌキハチタケ
3451399,3450965,Cordyceps elongatostromata Kobayasi & Shimizu,gbif,ツキヌキハチタケ
3451400,3450988,Cordyceps tricentri Yasuda,db,アワフキムシタケ
3451400,3450988,Cordyceps tricentri Yasuda,gbif,アワフキムシタケ
3451413,3451413,Cordyceps polycephala Kobayasi & Shimizu,db,ヒメハルゼミタケ
3451413,3451413,Cordyceps polycephala Kobayasi & Shimizu,gbif,ヒメハルゼミタケ
3451415,3450918,Cordyceps yakusimensis Kobayasi,db,ヤクシマセミタケ
3451415,3450918,Cordyceps yakusimensis Kobayasi,gbif,ヤクシマセミタケ
3451425,3450855,Cordyceps elateridicola Kobayasi & Shimizu,db,ヤエヤマコメツキムシタケ
3451428,3451428,"Ophiocordyceps stylophora (Berk. & Broome) G.H.Sung, J.M.Sung, Hywel-Jones & Spatafora",db,クチキツトノミタケ
3451428,3451428,"Ophiocordyceps stylophora (Berk. & Broome) G.H.Sung, J.M.Sung, Hywel-Jones & Spatafora",gbif,クチキツトノミタケ
3451434,3451434,Cordyceps sulfurea Kobayasi & Shimizu,db,コガネイモムシタケ
3451435,7547866,Cordyceps ryogamimontana Kobayasi,gbif,スズキセミタケ
3451435,7547866,Cordyceps ryogamimontana Kobayasi,gbif,セミノハリセンボン
3451439,3450862,Cordyceps japonensis Hara,db,アリタケ
3451439,3450862,Cordyceps japonensis Hara,gbif,アリタケ
3451444,3451444,Cordyceps sakishimensis Kobayasi & Shimizu,db,サキシマヤドリバエタケ
3451455,3451455,Cordyceps rubricapitata Kobayasi & Shimizu,db,リョウガミヒメクチキムシタケ
3451469,3451469,Cordyceps minuta Kobayasi,db,コゴメセミタケ
3451482,3451482,Cordyceps roseostromata Kobayasi & Shimizu,db,ベニイロクチキムシタケ
3451487,7946906,Cordyceps kanzashiana Kobayasi & Shimizu,gbif,カンザシセミタケ
3451493,3450983,Cordyceps crinalis Ellis ex Lloyd,db,アワノミハリタケ
3451493,3450983,Cordyceps crinalis Ellis ex Lloyd,gbif,アワノミハリタケ
3451493,3450983,Cordyceps crinalis Ellis ex Lloyd,gbif,コツブイモムシハリタケ
3451496,3451496,Cordyceps rosea Kobayasi & Shimizu,db,ウシアカシャクトリムシタケ
3451496,3451496,Cordyceps rosea Kobayasi & Shimizu,gbif,ウスアカシャクトリムシタケ
3451499,10880121,Cordyceps nelumboides Kobayasi & Shimizu,gbif,ハスノミクモタケ
3451500,3451500,Cordyceps nikkoensis Kobayasi,db,ニッコウムシタケ
3451500,3451500,Cordyceps nikkoensis Kobayasi,gbif,テッポウムシタケ
3451500,3451500,Cordyceps nikkoensis Kobayasi,gbif,ニッコウムシタケ
3451501,3451501,Cordyceps pleuricapitata Kobayasi & Shimizu,db,ウスイロコゴメセミタケ
3451501,3451501,Cordyceps pleuricapitata Kobayasi & Shimizu,gbif,ウスキタンポセミタケ
3451503,3450890,Cordyceps pseudolongissima Kobayasi & Shimizu,db,イリオモテセミタケ
3451503,3450890,Cordyceps pseudolongissima Kobayasi & Shimizu,gbif,イリオモテセミタケ
3451507,3451507,Cordyceps myrmecogena Kobayasi & Shimizu,db,アリヤドリタンポタケ
3451507,3451507,Cordyceps myrmecogena Kobayasi & Shimizu,gbif,アリヤドリタンポタケ
3451512,8200621,Cordyceps indigotica Kobayasi & Shimizu,gbif,ミドリトサカタケ
3451526,3450967,Cordyceps uchiyamae Kobayasi & Shimizu,db,クロミノクチキムシタケ
3451526,3450967,Cordyceps uchiyamae Kobayasi & Shimizu,gbif,クロミノクチキムシタケ
3451527,3450989,Cordyceps coccidiicola Kobayasi,db,カイガラムシツブタケ
3451527,3450989,Cordyceps coccidiicola Kobayasi,gbif,カイガラムシツブタケ
3451530,3450938,Cordyceps formicarum Kobayasi,db,マルミノアリタケ
3451530,3450938,Cordyceps formicarum Kobayasi,gbif,マルミアリタケ
3451530,3450938,Cordyceps formicarum Kobayasi,gbif,マルミノアリタケ
3451536,3451536,Cordyceps ootakiensis Kobayasi & Shimizu,db,ベニイモムシタケ
3451536,3451536,Cordyceps ootakiensis Kobayasi & Shimizu,gbif,ベニイモムシタケ
3451537,3451537,Cordyceps shimaensis Kobayasi,db,シマムシタケ
3451540,3450936,Cordyceps longissima Kobayasi,db,ウスユキエゾハルゼミタケ
3451540,3450936,Cordyceps longissima Kobayasi,gbif,エゾハルゼミタケ
3451545,3451545,Cordyceps obliquiordinata Kobayasi & Shimizu,db,ケンガタコガネムシタケ
3451549,10841973,Cordyceps cardinalis G.H.Sung & Spatafora,gbif,ホソエノコベニムシタケ
3451554,3450895,Cordyceps nigripoda Kobayasi & Shimizu,db,アシグロクビオレタケ
3451565,3451565,Cordyceps pruinosa Petch,db,ヒメサナギタケ
3451565,3451565,Cordyceps pruinosa Petch,gbif,ヒメサナギタケ
3451568,3450996,Cordyceps gracilioides Kobayasi,db,コナウスイロタンポタケ
3451571,3450894,Cordyceps dipterigena Berk. & Broome,db,ハエヤドリタケ
3451571,3450894,Cordyceps dipterigena Berk. & Broome,gbif,ハエヤドリタケ
3451573,12254883,Cordyceps ramosopulvinata Kobayasi & Shimizu,gbif,トビシマセミタケ
3451576,3451576,Cordyceps nanatakiensis Kobayasi & Shimizu,db,チチブクチキムシタケ
3451577,3451577,Cordyceps ochraceostromata Kobayasi & Shimizu,db,イモムシハナヤスリタケ
3451578,3451578,Cordyceps rubrostromata Kobayasi,db,ホソエノアカクビオレタケ
3451578,3451578,Cordyceps rubrostromata Kobayasi,gbif,ホソエノアカクビオレタケ
3451590,3451590,Cordyceps imagamiana Kobayasi & Shimizu,db,ウスイロセミタケ
3451590,3451590,Cordyceps imagamiana Kobayasi & Shimizu,gbif,ウスイロセミタケ
3451603,12201407,Cordyceps kusanagiensis Kobayasi & Shimizu,gbif,クサナギヒメタンポタケ
3451604,3450958,Cordyceps ferruginosa Kobayasi & Shimizu,db,サビイロクビオレタケ
3451604,3450958,Cordyceps ferruginosa Kobayasi & Shimizu,gbif,サビイロクビオレタケ
3451610,3450986,Cordyceps elongatoperitheciata Kobayasi & Shimizu,db,ナガツブハリタケ
3451618,7462154,Cordyceps cuboidea Kobayasi & Shimizu,gbif,クチキムシツブタケ
3451629,3450861,Cordyceps appendiculata Kobayasi & Shimizu,db,エダウチツトノミタケ
3451630,3450842,Cordyceps cochlidiicola Kobayasi & Shimizu,db,イラガツブタケ
3451635,3451635,Cordyceps ampullacea Kobayasi & Shimizu,db,イラガノベニサナギタケ
3451636,3450923,Cordyceps clavata Kobayasi & Shimizu,db,クチキフサノミタケ
3451636,3450923,Cordyceps clavata Kobayasi & Shimizu,gbif,クチキフサノミタケ
3451650,3451650,Cordyceps rubiginosistipitata Kobayasi & Shimizu,gbif,アカエノツトノミタケ
3451654,3450979,Cordyceps aurantia Kobayasi & Shimizu,db,サンチュウウスゲハリタケ
3451664,3450925,Cordyceps michiganensis Mains,db,クチキウスイロツブタケ
3451664,3450925,Cordyceps michiganensis Mains,gbif,クチキウスイロツブタケ
3451669,3450829,Cordyceps rubiginosiperitheciata Kobayasi & Shimizu,gbif,オイラセクチキムシタケ
3451674,3451674,Cordyceps takaomontana Yakush. & Kumaz.,db,ウスキサナギタケ
3451709,3450867,Cordyceps osuzumontana Kobayasi & Shimizu,db,ヒメハリタケ
3451709,3450867,Cordyceps osuzumontana Kobayasi & Shimizu,gbif,ヒメハリタケ
3451718,12254819,Cordyceps nipponica Kobayasi,gbif,アブラゼミタケ
3451718,12254819,Cordyceps nipponica Kobayasi,gbif,ハナアブラゼミタケ
3451732,3451732,Cordyceps termitophila Kobayasi & Shimizu,db,シロアリタケ
3451735,8113168,Cordyceps atrovirens Kobayasi & Shimizu,gbif,ミドリクチキムシタケ
3452054,3452054,Torrubiella aurantia Kobayasi & Shimizu,db,ミカンイロクモタケ
3452055,3452055,Torrubiella globosa Kobayasi & Shimizu,db,クモノオオトガリツブタケ
3452068,3452068,Torrubiella ellipsoidea Kobayasi & Shimizu,db,クモノモモガタツブタケ
3452069,3452069,Torrubiella ooaniensis Kobayasi & Shimizu,db,オオアニシロクモタケ
3452072,3452072,Torrubiella ryogamimontana Kobayasi & Shimizu,db,ナガミノクモタケ
3452080,3452080,Torrubiella longissima Kobayasi & Shimizu,db,ツキダシナガミノクモタケ
3452084,3452084,Torrubiella superficialis Kobayasi & Shimizu,db,カイガラムシキイロツブタケ
3452084,3452084,Torrubiella superficialis Kobayasi & Shimizu,gbif,カイガラムシキイロツブタケ
3452087,3452087,Torrubiella pallida Kobayasi & Shimizu,db,ウスキオオアニクモタケ
3452099,3452099,Torrubiella mammillata Kobayasi & Shimizu,db,ウスキマルミノクモタケ
3452103,3452103,Torrubiella miyagiana Kobayasi & Shimizu,db,オクニッカワクモタケ
3452104,3452104,Torrubiella flava Petch,db,ウスジロクモタケ
3452109,3452109,Torrubiella neofusiformis Kobayasi & Shimizu,db,クモノコウラツブタケ
3452112,3452112,Torrubiella rosea Kobayasi & Shimizu,db,サンゴクモタケ
3452114,3452114,Torrubiella oblonga Kobayasi & Shimizu,db,ツツナガクモタケ
3452125,3452125,Torrubiella alboglobosa Kobayasi & Shimizu,db,シロマルクモタケ
3452127,3452127,Torrubiella globosostipitata Kobayasi & Shimizu,db,クモノエツキツブタケ
3452129,3452129,Torrubiella corniformis Kobayasi & Shimizu,db,クロツブシロクモタケ
3459862,3459871,Entonaema splendens (Berk. & M.A.Curtis) Lloyd,gbif,ホオズキタケ
3459862,3459871,Entonaema splendens (Berk. & M.A.Curtis) Lloyd,gbif,鬼灯茸
3459871,3459871,Entonaema liquescens Möller,gbif,ホオズキタケ
3459871,3459871,Entonaema liquescens Möller,gbif,鬼灯茸
3459922,9397402,"Annulohypoxylon multiforme (Fr.) Y.M.Ju, J.D.Rogers & H.M.Hsieh",gbif,サビコブタケ
3460800,3460800,Hypoxylon hypomiltum Mont.,db,タバココブタケ
3461845,3461845,Xylaria magnoliae J.D.Rogers,db,ホソツクシタケ
3461845,3461845,Xylaria magnoliae J.D.Rogers,gbif,ホソツクシタケ
3465259,3465259,Elaphomyces fragilisporus S.Imai,db,タイセツツチダンゴ
3465301,3465301,Elaphomyces nopporensis S.Imai,db,コクロツチダンゴ
3465314,3465314,Elaphomyces miyabeanus S.Imai,db,クロツチダンゴ
3465314,3465314,Elaphomyces miyabeanus S.Imai,gbif,クロツチダンゴ
3465314,3465314,Elaphomyces miyabeanus S.Imai,gbif,コクロツチダンゴ
3465317,2598368,Elaphomyces reticulatus Vittad.,db,アミメツチダンゴ
3465317,2598368,Elaphomyces reticulatus Vittad.,gbif,アミメツチダンゴ
3465346,2597156,Penicilliopsis clavariaeformis Solms-Laubach,gbif,カキノミタケ
3465658,3465658,Aspergillus niger Tiegh.,db,クロカビ
3465658,3465658,Aspergillus niger Tiegh.,gbif,クロカビ
3466881,3466881,"Anisomeridium platypodum G.Thor, Lücking & Tat.Matsumoto",gbif,アオバノニセゴマゴケ
3466938,3466938,Trypetheliopsis boninensis Asahina,gbif,アカチクビゴケ
3466938,3466938,Trypetheliopsis boninensis Asahina,gbif,ウメボシゴケ
3469429,3469429,Endocarpon ramulosum Harada,gbif,オオバミドリゴケ
3469445,3469445,Endocarpon japonicum Harada,gbif,サワノミドリゴケ
3469448,3469448,Endocarpon neopallidulum Harada,gbif,コバノミドリゴケ
3469618,3469618,Endocarpon superpositum Harada,gbif,ヒメミドリゴケ
3473518,10892750,Staurothele japonica B.de Lesd.,gbif,エゾノミドリサネゴケ
3473611,10851421,Staurothele iwatsukii H.Harada,gbif,ミドリサネゴケ
3473621,3473621,"Agonimia pacifica (H.Harada) Diederich, 1997",gbif,マユゴケ
3475537,7761763,"Kumanasamuha geaster Nagao, Sh.Kurogi & Kiyota",db,キリノミタケ
3475537,7761763,"Kumanasamuha geaster Nagao, Sh.Kurogi & Kiyota",gbif,キリノミタケ
3476250,3476250,Orbilia limpida Kobayasi,db,タマニカワタケ
3477366,3477366,Lichinella japonica Harada & Henssen,gbif,レンダイゴケ
3477753,3477753,Endocalyx melanoxanthus (Berk. & Broome) Petch,db,ネンキンモドキ
3477753,3477753,Endocalyx melanoxanthus (Berk. & Broome) Petch,gbif,ネンキンモドキ
3481084,3481084,Leotia rutilans (S.Imai & Minakata) S.Imai,db,アカズキンタケ
3481084,3481084,Leotia rutilans (S.Imai & Minakata) S.Imai,gbif,アカズキンタケ
3481088,8907562,Leotia marcida Pers.,db,ホテイタケ
3481088,8907562,Leotia marcida Pers.,gbif,ホテイタケ
3481120,2577646,Leotia viscosa Fr.,db,オオズキンタケ
3481120,2577646,Leotia viscosa Fr.,gbif,ズキンタケ
3481120,2577646,Leotia viscosa Fr.,gbif,頭巾茸
3481158,3481158,Holwaya mucida (Schulzer) Korf & Abawi,db,ナガミノクロサラタケ
3481158,3481158,Holwaya mucida (Schulzer) Korf & Abawi,gbif,ナガミノクロサラタケ
3481168,3481158,Holwaya gigantea (Peck) E.J.Durand,db,ナガミノクロサラタケ
3481168,3481158,Holwaya gigantea (Peck) E.J.Durand,gbif,ナガミノクロサラタケ
3481222,3481222,Bulgaria prunicola Syd. & P.Syd.,db,サクラゴムタケ
3482110,3482110,Cudonia japonica Yasuda,db,ゴンゲンタケ
3482110,3482110,Cudonia japonica Yasuda,gbif,ゴンゲンタケ
3482117,3482117,Cudonia helvelloides S.Ito & S.Imai,db,クラタケ
3482117,3482117,Cudonia helvelloides S.Ito & S.Imai,gbif,クラタケ
3483630,3483630,Cystotheca wrightii Berk. & M.A.Curtis,gbif,カシ類紫かび病菌
3484502,3484604,Geoglossum hirsutum Pers.,db,コテングノメシガイ
3484502,3484604,Geoglossum hirsutum Pers.,gbif,テングノメシガイ
3484502,3484604,Geoglossum hirsutum Pers.,gbif,ヒナテングノシメガイ
3484517,3484517,Geoglossum japonicum S.Imai,db,ヤマトテングノメシガイ
3484604,3484604,Trichoglossum hirsutum (Pers.) Boud.,db,コテングノメシガイ
3484604,3484604,Trichoglossum hirsutum (Pers.) Boud.,gbif,テングノメシガイ
3484604,3484604,Trichoglossum hirsutum (Pers.) Boud.,gbif,ヒナテングノシメガイ
3485326,3485808,Sclerotinia shiraiana Henn.,db,キツネノワン
3485326,3485808,Sclerotinia shiraiana Henn.,gbif,キツネノワン
3485808,3485808,Ciboria shiraiana (Henn.) Whetzel,db,キツネノワン
3485808,3485808,Ciboria shiraiana (Henn.) Whetzel,gbif,キツネノワン
3486354,3486354,Scleromitrula shiraiana (Henn.) S.Imai,db,キツネノヤリ
3486354,3486354,Scleromitrula shiraiana (Henn.) S.Imai,gbif,キツネノヤリタケ
3486736,3486736,Neocudoniella albiceps (Peck) Korf,db,ニセズキンタケ
3486736,3486736,Neocudoniella albiceps (Peck) Korf,gbif,ニセズキンタケ
3486744,3486744,Neobulgaria pura (Pers.) Petr.,db,ゴムタケモドキ
3486744,3486744,Neobulgaria pura (Pers.) Petr.,gbif,ニカワチャワンタケ
3487016,3487016,Cudoniella clavus (Alb. & Schwein.) Dennis,db,ミズベノニセズキンタケ
3487016,3487016,Cudoniella clavus (Alb. & Schwein.) Dennis,gbif,ミズベノニセズキンタケ
3487989,3487989,Hymenoscyphus ginkgonis J.G.Han & H.D.Shin,gbif,イチョウニセビョウキン
3488435,3488435,"Dasyscyphella longistipitata Hosoya, 2001",gbif,ブナノシロヒナノチャワンタケ
3488518,3488518,Arachnopeziza leonina (Schwein.) Dennis,db,クモノスヒメチャワンタケ
3488518,3488518,Arachnopeziza leonina (Schwein.) Dennis,gbif,クモノスヒメチャワンタケ
3489241,3489241,Lachnum asiaticum (Otani) Raitv.,db,タマケヒナノチャワンタケ
3489929,3489929,Hemiglossum itoanum S.Imai,db,フクロサンゴタケ
3490580,3490580,Mollisia cinerea (Batsch) P.Karst.,db,ハイイロクズチャワンタケ
3490580,3490580,Mollisia cinerea (Batsch) P.Karst.,gbif,ハイイロクズチャワンタケ
3492502,3492502,Pulvinula globifera (Berk. & M.A.Curtis) Le Gal,db,マルミノシロチャワンタケ
3492502,3492502,Pulvinula globifera (Berk. & M.A.Curtis) Le Gal,gbif,マルミノシロチャワンタケ
3492891,3492891,Helvella ephippioides S.Imai,gbif,ナガエノケノボリリュウ
3493051,3493051,Pachyella globispora K.Maruy. & Hosoya,db,マルミノカバイロチャワンタケ
3493051,3493051,Pachyella globispora K.Maruy. & Hosoya,gbif,マルミノカバイロチャワンタケ
3494731,3494731,"Adelphella babingtonii (Berk. & Broome) Pfister, Matočec & I.Kušan",gbif,ミズベノクズダマタケ
3495708,3495708,Morchella miyabeana S.Imai,db,コンボウアミガサタケ
3495708,3495708,Morchella miyabeana S.Imai,gbif,コンボウアミガサタケ
3495843,3495843,Galiella japonica (Yasuda) Y.Otani,db,キツネノサカズキ
3495843,3495843,Galiella japonica (Yasuda) Y.Otani,gbif,キツネノサカズキ
3495850,2593436,Plectania nigrella (Pers.) P.Karst.,db,クロチャワンタケ
3495850,2593436,Plectania nigrella (Pers.) P.Karst.,gbif,クロチャワンタケ
3496082,3496082,Hydnocystis japonica (Kobayasi) Trappe,db,ウツロイモタケ
3496082,3496082,Hydnocystis japonica (Kobayasi) Trappe,gbif,ウツロイモタケ
3496434,3496434,Jafnea fusicarpa (W.R.Gerard) Korf,gbif,ビロードチャワンタケ
3497651,3497651,"Wynnea macrospora B.Liu, M.H.Liu & J.Z.Cao",gbif,オオミノミミブサタケ
3497653,3497653,Wynnea gigantea Berk. & M.A.Curtis,db,ミミブサタケ
3497653,3497653,Wynnea gigantea Berk. & M.A.Curtis,gbif,ミミブサタケ
3497654,3497654,Wynnea americana Thaxt.,db,オオミノミミブサタケ
3497657,3497657,Wynnea macrotis (Berk.) Berk. & M.A.Curtis,db,ウサギノミミ
3497657,3497657,Wynnea macrotis (Berk.) Berk. & M.A.Curtis,gbif,ウサギノミミ
3497693,3497693,Sarcoscypha vassiljevae Raitv.,db,ヨソオイチャワンタケ
3497693,3497693,Sarcoscypha vassiljevae Raitv.,gbif,ヨソオイチャワンタケ
3497708,3495843,Sarcoscypha japonica Yasuda,db,キツネノサカズキ
3497708,3495843,Sarcoscypha japonica Yasuda,gbif,キツネノサカズキ
3519287,3542660,Guignardia gloiopeltidis Miyabe & Tokida,db,イソクロホシカビ
3525020,3525020,Asterinella hiugensis I.Hino & Hidaka,db,ヒュウガハンチクキン
3528010,10815976,Pseudopyrenula cinereoglaucescens Vain.,gbif,ブナノモツレサネゴケ
3528216,3528216,Trypethelium eluteriae Spreng.,gbif,チクビゴケ
3528216,3528216,Trypethelium eluteriae Spreng.,gbif,マメゴケ
3538315,5262815,Fusicladium nashicola K.Schub. & U.Braun,gbif,日本梨黒星病菌
3542660,3542660,Didymella gloiopeltidis (Miyabe & Tokida) Kohlm. & E.Kohlm.,db,イソクロホシカビ
3544647,3544647,Koordersiella insectivora (Hansf.) D.Hawksw. & O.E.Erikss.,gbif,リュウガイヒゲチイヤドリ
3546878,3546878,Chiodecton congestulum Nyl.,gbif,ヒョウモンメダイゴケ
3547205,3547205,Pulvinodecton kurzii (Kremp.) Henssen & G.Thor,gbif,コナダイゴケ
3547941,10779965,Chiodecton anguinellum (Nyl.) Vain.,gbif,クチナワゴケ
3548519,3548519,Eremothecella calamicola Syd. & P.Syd.,gbif,ミミズホシゴケ
3552956,7240100,Lactifluus hygrophoroides (Berk. & M.A.Curtis) Kuntze,db,ヒロハチチタケ
3553838,7936733,Boedijnopeziza insititia (Berk. & M.A.Curtis) S.Ito & S.Imai,db,コップタケ
3553838,7936733,Boedijnopeziza insititia (Berk. & M.A.Curtis) S.Ito & S.Imai,gbif,シロコップタケ
3554110,7246752,Cladina submitis (A.Evans) Hale & W.L.Culb.,gbif,シワハナゴケ
3554135,3390563,Cladina pseudoevansii (Asah.) Hale & W.L.Culb.,gbif,ウスイロミヤマハナゴケ
3556695,3556695,Porphyrellus fumosipes (Peck) Snell,gbif,アイゾメクロイグチ
3557227,5459521,Stropharia venenata S.Imai,db,シビレタケ
3558187,3558187,Naematoloma gracile Hongo,db,ニガクリタケモドキ
3558444,3558444,Microglossum viride (Schrad. ex J.F.Gmel.) Gillet,db,マツバシャモジタケ
3558444,3558444,Microglossum viride (Schrad. ex J.F.Gmel.) Gillet,gbif,マツバシャモジタケ
3560358,2577929,Uncinulopsis shiraiana (Henn.) Hara,gbif,エノキ裏うどんこ病菌
3561136,3354662,Porphyrellus alboater (Schwein.) E.-J.Gilbert,db,オオクロニガイグチ
3563155,9541569,Merulius castaneus Lloyd,gbif,オオシワタケ
3565609,9698565,Podocrea cornu-damae (Pat.) Sacc. & D.Sacc.,gbif,カエンタケ
4281360,4281360,Pyxine cocoes (Sw.) Nyl.,gbif,ヒイロクロボシゴケ
4910724,2587394,Helicoon sessile Morgan,db,ヤマブキイロオルビリアキン
4910724,2587394,Helicoon sessile Morgan,gbif,ヤマブキイロオルビリアキン
4911642,4911642,Aseroe rubra Labill.,db,アカイカタケ
4911642,4911642,Aseroe rubra Labill.,gbif,アカイカタケ
4911706,4911706,Mycena aurantiomarginata (Fr.) Quél.,db,ダイダイフチドリクヌギタケ
4911724,4911724,Mycena pelianthina (Fr.) Quél.,db,アカバシメジ
4911724,4911724,Mycena pelianthina (Fr.) Quél.,gbif,アカバシメジ
4911728,4911728,Mycena stipata Maas Geest. & Schwöbel,db,アクニオイタケ
4911728,4911728,Mycena stipata Maas Geest. & Schwöbel,gbif,アクニオイタケ
4911745,4911745,Mycena polygramma (Bull.) Gray,db,アシナガタケ
4911745,4911745,Mycena polygramma (Bull.) Gray,gbif,アシナガタケ
4911751,4911751,Mycena epipterygia (Scop.) Gray,db,ナメアシタケ
4911766,2527736,Mycena rorida (Fr.) Quél.,gbif,ヌナワタケ
4911809,4911809,Mycena inclinata (Fr.) Quél.,db,センボンアシナガタケ
4911809,4911809,Mycena inclinata (Fr.) Quél.,gbif,センボンアシナガタケ
4911825,4911825,Mycena amicta (Fr.) Quél.,db,アオミノアシナガタケ
4911825,4911825,Mycena amicta (Fr.) Quél.,gbif,アオミノアシナガタケ
5237406,9645698,Tremella foliacea Pers.,gbif,ハナビラニカワタケ
5237410,10731415,Tremella fimbriata Pers.,gbif,クロハナビラニカワタケ
5237424,11945016,Tremella lutescens Pers.,db,コガネニカワタケ
5237424,11945016,Tremella lutescens Pers.,gbif,コガネニカワタケ
5237434,5237434,Tremella fuciformis Berk.,db,ギンジ
5237434,5237434,Tremella fuciformis Berk.,gbif,シロキクラゲ
5237490,2518684,Poria versipora (Pers.) Sacc.,db,アナタケ
5237636,5237636,Lyomyces crustosus (Pers.) P.Karst.,gbif,ヒビワレコメバタケ
5237653,5237653,Onnia tomentosa (Fr.) P.Karst.,gbif,ニセカイメンタケ
5237656,5237653,Polyporus tomentosus Fr.,gbif,ニセカイメンタケ
5237690,5237690,Phylloporia ribis (Schumach.) Ryvarden,db,スグリタケ
5237690,5237690,Phylloporia ribis (Schumach.) Ryvarden,gbif,スグリタケ
5237693,5237690,Cryptoderma ribis (Schumach.) Imazeki,db,スグリタケ
5237693,5237690,Cryptoderma ribis (Schumach.) Imazeki,gbif,スグリタケ
5237791,9227816,Polyporus cinnabarinus (Jacq.) Fr.,gbif,シュタケ
5237812,5237812,Suillus flavus (Quél.) Singer,db,ジコウボウ
5237874,10814759,Hydnochaete tabacinoides (Yasuda) Imazeki,gbif,コガネウスバタケ
5237886,2519879,Polystictus cinnamomeus (Jacq.) Sacc.,db,ニッケイタケ
5237886,2519879,Polystictus cinnamomeus (Jacq.) Sacc.,gbif,ニッケイタケ
5237903,2519915,Polystictus perennis (L.) Fr.,db,オツネンタケ
5237903,2519915,Polystictus perennis (L.) Fr.,gbif,オツネンタケ
5237944,2520036,Polyporus dryadeus (Pers.) Fr.,db,マクラタケ
5237944,2520036,Polyporus dryadeus (Pers.) Fr.,gbif,マクラタケ
5237959,2520087,Polystictus dependens (Berk. & M.A.Curtis) Cooke,db,ヒメカイメンタケ
5238019,7624816,Cryptoderma cercidiphyllum Imazeki,gbif,エゾヒヅメタケ
5238091,2520519,Polyporus gilvus (Schwein.) Fr.,db,ネンドタケ
5238192,2520705,Cryptoderma fastuosum (Lév.) Imazeki,db,センダンサルノコシカケ
5238193,9439058,Polyporus badius (Pers.) Schwein.,gbif,アシグロタケ
5238205,9035469,Cryptoderma yamanoi Imazeki,gbif,マツノカタハタケ
5238290,2521101,Polyporus cuticularis (Bull.) Fr.,db,アラゲカワウソタケ
5238290,2521101,Polyporus cuticularis (Bull.) Fr.,gbif,アラゲカワウソタケ
5238347,2521208,Polyporus hispidus (Bull.) Fr.,db,ヤケコゲタケ
5238347,2521208,Polyporus hispidus (Bull.) Fr.,gbif,ヤケコゲタケ
5238357,10866930,Polyporus tabacinus Mont.,gbif,キヌハダタケ
5238358,10866930,Polystictus tabacinus (Mont.) Fr.,gbif,キヌハダタケ
5238366,2521276,Polyporus ludovicianus (Pat.) Sacc. & Trotter,gbif,オニカワウソタケ
5238370,10701592,Polyporus scaurus Lloyd,gbif,サジタケ
5238371,2521360,Polyporus sendaiensis Yasuda,db,ツヤナシマンネンタケ
5238373,2521387,Clavaria ligula Schaeff.,db,コスリコギタケ
5238373,2521387,Clavaria ligula Schaeff.,gbif,コスリコギタケ
5238375,2521391,Clavaria pistillaris L.,db,スリコギタケ
5238375,2521391,Clavaria pistillaris L.,gbif,スリコギタケ
5238407,7547277,Clavaria abietina Pers.,gbif,モエギホウキタケ
5238457,5238457,Ramaria flavescens (Schaeff.) R.H.Petersen,db,イオウホウキタケ
5238457,5238457,Ramaria flavescens (Schaeff.) R.H.Petersen,gbif,イオウホウキタケ
5238459,5238459,Ramaria rubrievanescens Marr & D.E.Stuntz,db,サクラホウキタケ
5238459,5238459,Ramaria rubrievanescens Marr & D.E.Stuntz,gbif,サクラホウキタケ
5238468,7486196,Clavaria botrytis Pers.,db,ネズミタケ
5238484,5238663,Ramaria neoformosa R.H.Petersen,db,ハナホウキタケ
5238484,5238663,Ramaria neoformosa R.H.Petersen,gbif,ハナホウキタケ
5238486,7393200,Ramaria cyanocephala (Berk. & M.A.Curtis) Corner,gbif,トビイロホウキタケ
5238576,7834086,Ramaria campestris (K.Yokoy. & Sagara) R.H.Petersen,gbif,ササナバ
5238581,5238581,Ramaria apiculata (Fr.) Donk,db,チャホウキタケモドキ
5238581,5238581,Ramaria apiculata (Fr.) Donk,gbif,チャホウキタケモドキ
5238584,5238581,Clavaria apiculata Fr.,db,チャホウキタケモドキ
5238584,5238581,Clavaria apiculata Fr.,gbif,チャホウキタケモドキ
5238602,5238602,Ramaria subbotrytis (Coker) Corner,db,サンゴホウキタケ
5238603,5238602,Clavaria subbotrytis Coker,db,サンゴホウキタケ
5238642,5238642,Ramaria aurea (Schaeff.) Quél.,db,コガネホウキタケ
5238642,5238642,Ramaria aurea (Schaeff.) Quél.,gbif,コガネホウキタケ
5238643,5238642,Clavaria aurea Schaeff.,db,コガネホウキタケ
5238643,5238642,Clavaria aurea Schaeff.,gbif,コガネホウキタケ
5238654,5238654,Ramaria flava (Schaeff.) Quél.,db,キホウキタケ
5238654,5238654,Ramaria flava (Schaeff.) Quél.,gbif,キホウキタケ
5238657,5238654,Clavaria flava Schaeff.,db,キホウキタケ
5238657,5238654,Clavaria flava Schaeff.,gbif,キホウキタケ
5238663,5238663,Ramaria formosa (Pers.) Quél.,db,ハナホウキタケ
5238663,5238663,Ramaria formosa (Pers.) Quél.,gbif,ハナホウキタケ
5238725,5238725,Ramaria ephemeroderma R.H.Petersen & M.Zang,db,ウスカワホウキタケ
5238760,5238760,Ramaria obtusissima (Peck) Corner,db,トサカホウキタケ
5238760,5238760,Ramaria obtusissima (Peck) Corner,gbif,トサカホウキタケ
5238786,5238786,Gomphus clavatus (Pers.) Gray,db,ハナビララッパタケ
5238786,5238786,Gomphus clavatus (Pers.) Gray,gbif,ラッパタケ
5238797,2522009,Gomphus floccosus (Schwein.) Singer,gbif,ウスタケ
5238799,2522009,Cantharellus floccosus Schwein.,gbif,ウスタケ
5238807,8130763,Gomphus kauffmanii (A.H.Sm.) Corner,gbif,オニウスタケ
5238865,5238865,Sarcodon imbricatus (L.) P.Karst.,db,カノハナ
5238871,9854176,Sarcodon scabrosus (Fr.) P.Karst.,gbif,ケロウジ
5238885,5238865,Sarcodon laevigatus (Sw.) P.Karst.,db,カノハナ
5238894,5238865,Sarcodon aspratus (Berk.) S.Ito,db,カノハナ
5238896,5238896,Boletopsis leucomelaena (Pers.) Fayod,db,クロカワ
5238896,5238896,Boletopsis leucomelaena (Pers.) Fayod,gbif,クロカワ
5238901,5238896,Polyporus leucomelas (Pers.) Pers.,db,クロカワ
5238901,5238896,Polyporus leucomelas (Pers.) Pers.,gbif,クロカワ
5238904,5238904,Boletopsis grisea (Peck) Bondartsev & Singer,db,Kurokawa
5238904,5238904,Boletopsis grisea (Peck) Bondartsev & Singer,gbif,クロカワ
5238966,5238966,Tomentella crinalis (Fr.) M.J.Larsen,db,イボラシャタケ
5238970,5238997,Tomentella fusca (Pers.) J.Schröt.,db,ラシャタケ
5238997,5238997,Tomentella ferruginea (Pers.) Pat.,db,ラシャタケ
5239236,9180775,Poria mollusca (Pers.) Quél.,db,シロアナコウヤクタケ
5239236,9180775,Poria mollusca (Pers.) Quél.,gbif,シロアナコウヤクタケ
5239286,5239286,Oxyporus cuneatus (Murrill) Aoshima,db,シロカイメンタケ
5239289,5239286,Polystictus cuneatus (Murrill) Lloyd,db,シロカイメンタケ
5239325,5239325,Oxyporus populinus (Schumach.) Donk,db,シロサルノコシカケ
5239396,2523676,Hyphoderma puberum (Fr.) Wallr.,gbif,ヤリノホコウヤクタケ
5239435,5239435,Dictyonema moorei (Nyl.) Henssen,gbif,フランネルゴケ
5239445,2523872,Clavaria purpurea O.F.Müll.,gbif,ムラサキナギナタタケ
5239464,5239464,Mutinus borneensis Ces.,db,コイヌノエフデ
5239464,5239464,Mutinus borneensis Ces.,gbif,コイヌノエフデ
5239468,5239468,Mutinus bambusinus (Zoll.) E.Fisch.,db,ウシノエフデ
5239468,5239468,Mutinus bambusinus (Zoll.) E.Fisch.,gbif,キツネノエフデ
5239473,5239473,Mutinus caninus (Schaeff.) Fr.,db,キタキツネノロウソク
5239476,5239476,Clathrus ruber P.Micheli ex Pers.,db,アカカゴタケ
5239478,5239478,Clathrus columnatus Bosc,db,ヨツデタケ
5239478,5239478,Clathrus columnatus Bosc,gbif,ヨツデタケ
5239480,5239478,Linderia columnata (Bosc) G.Cunn.,db,ヨツデタケ
5239480,5239478,Linderia columnata (Bosc) G.Cunn.,gbif,ヨツデタケ
5239493,2524065,Clathrus gracilis (Berk.) Schltdl.,db,カゴタケ
5239493,2524065,Clathrus gracilis (Berk.) Schltdl.,gbif,カゴタケ
5239502,2524097,Kobayasia nipponica (Kobayasi) S.Imai & A.Kawam.,gbif,シラタマタケ
5239505,2524108,Dictyophora indusiata (Vent.) Desv.,db,キヌガサタケ
5239518,5239518,Serpula himantioides (Fr.) P.Karst.,db,ナミダタケモドキ
5239518,5239518,Serpula himantioides (Fr.) P.Karst.,gbif,ナミダタケモドキ
5239534,5239534,Serpula lacrymans (Wulfen) J.Schröt.,db,ナミダタケ
5239614,3354045,Boletus griseus (Quél.) Sacc. & D.Sacc.,gbif,スミゾメヤマイグチ
5239694,2524662,Heimiella japonica Hongo,db,ベニイグチ
5239694,2524662,Heimiella japonica Hongo,gbif,ベニイグチ
5239766,5239766,Astraeus hygrometricus (Pers.) Morgan,db,ツチガキ
5239766,5239766,Astraeus hygrometricus (Pers.) Morgan,gbif,ツチグリ
5239770,5239766,Astraeus stellatus (Scop.) E.Fisch.,db,ツチガキ
5239770,5239766,Astraeus stellatus (Scop.) E.Fisch.,gbif,ツチグリ
5239772,5239772,Astraeus koreanus (V.J.Stanĕk) Kreisel,db,コツチグリ
5239772,5239772,Astraeus koreanus (V.J.Stanĕk) Kreisel,gbif,コツチグリ
5239851,5239851,Suillus cavipes (Klotzsch) A.H.Sm. & Thiers,db,アミハナイグチ
5239851,5239851,Suillus cavipes (Klotzsch) A.H.Sm. & Thiers,gbif,アミハナイグチ
5239860,7623986,Suillus bovinus (L.) Kuntze,db,アミタケ
5239864,5239864,Suillus grevillei (Klotzsch) Singer,db,ハナイグチ
5239864,5239864,Suillus grevillei (Klotzsch) Singer,gbif,ハナイグチ
5239888,7777157,Suillus luteus (L.) Gray,db,ヌメリイグチ
5239896,5239896,Suillus pictus (Peck) A.H.Sm. & Thiers,db,ベニハナイグチ
5239915,5239915,Suillus americanus (Peck) Snell,db,キヌメリイグチ
5239915,5239915,Suillus americanus (Peck) Snell,gbif,キヌメリイグチ
5239919,5239919,"Suillus tomentosus Singer, Snell & E.A.Dick",db,ワタゲヌメリイグチ
5239919,5239919,"Suillus tomentosus Singer, Snell & E.A.Dick",gbif,ワタゲヌメリイグチ
5239925,5239925,Suillus placidus (Bonord.) Singer,db,ゴヨウイグチ
5239925,5239925,Suillus placidus (Bonord.) Singer,gbif,ゴヨウイグチ
5239930,5239930,Suillus subluteus (Peck) Snell,db,ヌメリツバイグチ
5239930,5239930,Suillus subluteus (Peck) Snell,gbif,ヌメリツバイグチ
5239937,5239937,Scleroderma flavidum Ellis & Everh.,db,ウスキニセショウロ
5239937,5239937,Scleroderma flavidum Ellis & Everh.,gbif,ウスキニセショウロ
5239938,5239938,Scleroderma cepa Pers.,db,タマネギモドキ
5239938,5239938,Scleroderma cepa Pers.,gbif,タマネギモドキ
5239945,5239945,Scleroderma albidum Pat. & Trab.,db,シロニセショウロ
5239945,5239945,Scleroderma albidum Pat. & Trab.,gbif,シロニセショウロ
5239946,5239946,Scleroderma laeve Lloyd,db,ツブニセショウロ
5239946,5239946,Scleroderma laeve Lloyd,gbif,ツブニセショウロ
5239950,5239950,Scleroderma polyrhizum (J.F.Gmel.) Pers.,db,ツチグリカタカワタケ
5239950,5239950,Scleroderma polyrhizum (J.F.Gmel.) Pers.,gbif,ツチグリカタカワタケ
5239952,5239950,Scleroderma geaster Fr.,db,ツチグリカタカワタケ
5239952,5239950,Scleroderma geaster Fr.,gbif,ツチグリカタカワタケ
5239953,5239953,Scleroderma reae Guzmán,db,コニセショウロ
5239953,5239953,Scleroderma reae Guzmán,gbif,コニセショウロ
5239955,5239955,Scleroderma dictyosporum Pat.,db,アミメニセショウロ
5239959,5239959,Scleroderma verrucosum (Bull.) Pers.,db,ザラツキカタカワタケ
5239959,5239959,Scleroderma verrucosum (Bull.) Pers.,gbif,ザラツキカタカワタケ
5239963,5239963,Scleroderma areolatum Ehrenb.,db,アミメヒメカタショウロ
5239963,5239963,Scleroderma areolatum Ehrenb.,gbif,ヒメカタショウロ
5239977,5239977,Scleroderma bovista Fr.,db,ハマニセショウロ
5239977,5239977,Scleroderma bovista Fr.,gbif,ハマニセショウロ
5239982,5239982,Scleroderma citrinum Pers.,db,アワダンゴ
5239982,5239982,Scleroderma citrinum Pers.,gbif,ニセショウロ
5239984,5239982,Scleroderma vulgare Hornem.,db,アワダンゴ
5239984,5239982,Scleroderma vulgare Hornem.,gbif,ニセショウロ
5239987,5239987,Scleroderma sinnamariense Mont.,db,カガニセショウロ
5239987,5239987,Scleroderma sinnamariense Mont.,gbif,コガネニセショウロ
5239994,5239994,Paxillus rubicundulus P.D.Orton,db,アカゲヒダハタケ
5239994,5239994,Paxillus rubicundulus P.D.Orton,gbif,アカゲヒダハタケ
5240002,5240002,Paxillus involutus (Batsch) Fr.,db,ヒダハタケ
5240002,5240002,Paxillus involutus (Batsch) Fr.,gbif,ヒダハタケ
5240033,5240033,Melanogaster broomeanus Berk.,db,ホソミノアカダマタケ
5240033,5240033,Melanogaster broomeanus Berk.,gbif,ホソミノアカダマタケ
5240039,5240039,Melanogaster intermedius (Berk.) Zeller & C.W.Dodge,db,アカダマタケ
5240101,5240101,Coniophora puteana (Schumach.) P.Karst.,db,イドタケ
5240101,5240101,Coniophora puteana (Schumach.) P.Karst.,gbif,イドタケ
5240118,5240101,Coniophora cerebella (Pers.) Pers.,db,イドタケ
5240118,5240101,Coniophora cerebella (Pers.) Pers.,gbif,イドタケ
5240136,5240136,Coniophora arida (Fr.) P.Karst.,db,カベタケ
5240136,5240136,Coniophora arida (Fr.) P.Karst.,gbif,カベタケ
5240157,5240157,Coniophora olivacea (Fr.) P.Karst.,db,イドタケモドキ
5240157,5240157,Coniophora olivacea (Fr.) P.Karst.,gbif,イドタケモドキ
5240213,5240213,Amanita ceciliae (Berk. & Broome) Bas,db,テングツルタケ
5240213,5240213,Amanita ceciliae (Berk. & Broome) Bas,gbif,テングツルタケ
5240217,5240217,Amanita strobiliformis (Paulet ex Vittad.) Bertill.,db,マツカサモドキ
5240220,7521503,Amanita punctata (Cleland & Cheel) D.A.Reid,gbif,オオツルタケ
5240238,5240238,Amanita farinosa Schwein.,db,ヒメコナカブリツルタケ
5240238,5240238,Amanita farinosa Schwein.,gbif,ヒメコナカブリツルタケ
5240248,5240248,Amanita regalis (Fr.) Michael,gbif,オウテングタケ
5240259,5240259,Amanita battarrae (Boud.) Bon,db,タカネテングツルタケ
5240259,5240259,Amanita battarrae (Boud.) Bon,gbif,カッパツルタケ
5240264,5240264,Amanita hemibapha (Berk. & Broome) Sacc.,db,オオベニタケ
5240264,5240264,Amanita hemibapha (Berk. & Broome) Sacc.,gbif,オオベニタケ
5240269,5240269,Amanita caesarea (Scop.) Pers.,db,セイヨウタマゴタケ
5240269,5240269,Amanita caesarea (Scop.) Pers.,gbif,セイヨウタマゴタケ
5240279,5240279,Amanita porphyria Alb. & Schwein.,db,コテングタケ
5240290,5240290,Amanita mairei Foley,db,ナガミノツルタケ
5240306,5240306,Amanita vaginata (Bull.) Lam.,db,シロツルタケ
5240320,5240320,Amanita verna Bull. ex Lam.,db,シロタマゴテングタケ
5240323,5240323,Amanita virosa Bertill.,db,ドクツルタケ
5240325,5240325,Amanita phalloides (Vaill. ex Fr.) Link,db,タマゴテングタケ
5240329,5240329,Amanita ovoidea (Bull.) Link,db,シロタマゴタケ
5240329,5240329,Amanita ovoidea (Bull.) Link,gbif,シロタマゴタケ
5240494,6095788,Mycena osmundicola J.E.Lange,db,シロコナカブリ
5240596,5240596,Mycena leaiana (Berk.) Sacc.,db,コガネヌメリタケ
5240744,2527610,Favolus rhipidium (Berk.) Sacc.,db,スズメタケ
5240744,2527610,Favolus rhipidium (Berk.) Sacc.,gbif,スズメタケ
5240751,2527610,Polyporus rhipidium Berk.,db,スズメタケ
5240751,2527610,Polyporus rhipidium Berk.,gbif,スズメタケ
5240771,9118025,Panus stipticus (Bull.) Fr.,db,ヒメカワキタケ
5240771,9118025,Panus stipticus (Bull.) Fr.,gbif,ワサビタケ
5240918,5240918,Tubaria confragosa (Fr.) Harmaja,db,ヒメツツエ
5240934,5240934,Crepidotus crocophyllus (Berk.) Sacc.,gbif,クリゲノチャヒラタケ
5240943,5240943,Crepidotus mollis (Schaeff.) Staude,db,チャヒラタケ
5240956,5240956,Crepidotus boninensis (Hongo) E.Horak & Desjardin,gbif,バライロチャヒラタケ
5240959,5240959,Crepidotus cinnabarinus Peck,db,ヒイロチャヒラタケ
5240959,5240959,Crepidotus cinnabarinus Peck,gbif,ヒイロチャヒラタケ
5240973,5240973,Crepidotus epibryus (Fr.) Quél.,db,コナカブリモドキ
5240984,5240984,Crepidotus applanatus (Pers.) P.Kumm.,db,マルミノチャヒラタケ
5240984,5240984,Crepidotus applanatus (Pers.) P.Kumm.,gbif,マルミノチャヒラタケ
5240994,5240994,Crepidotus variabilis (Pers.) P.Kumm.,db,コナカブリ
5240994,5240994,Crepidotus variabilis (Pers.) P.Kumm.,gbif,コナカブリ
5241128,5241128,Schizophyllum commune Fr.,db,スエヒロタケ
5241128,5241128,Schizophyllum commune Fr.,gbif,スエヒロタケ
5241244,5241244,Pluteus podospileus Sacc. & Cub.,db,ザラツキウラベニガサ
5241244,5241244,Pluteus podospileus Sacc. & Cub.,gbif,ザラツキウラベニガサ
5241254,5241254,Pluteus aurantiorugosus (Trog) Sacc.,db,ヒイロベニヒダタケ
5241254,5241254,Pluteus aurantiorugosus (Trog) Sacc.,gbif,ヒイロベニヒダタケ
5241259,5241259,Pluteus leoninus (Schaeff.) P.Kumm.,db,ベニヒダタケ
5241259,5241259,Pluteus leoninus (Schaeff.) P.Kumm.,gbif,ベニヒダタケ
5241265,5241265,Pluteus thomsonii (Berk. & Broome) Dennis,db,カサヒダタケ
5241265,5241265,Pluteus thomsonii (Berk. & Broome) Dennis,gbif,カサヒダタケ
5241274,5241274,Pluteus salicinus (Pers.) P.Kumm.,db,ビロードベニヒダタケ
5241274,5241274,Pluteus salicinus (Pers.) P.Kumm.,gbif,ビロードベニヒダタケ
5241275,5241275,Pluteus petasatus (Fr.) Gillet,db,クサミノシカタケ
5241275,5241275,Pluteus petasatus (Fr.) Gillet,gbif,クサミノシカタケ
5241290,5241290,Pluteus plautus (Weinm.) Gillet,gbif,フサスジウラベニガサ
5241298,5241298,Pluteus chrysophaeus (Schaeff.) Quél.,db,キイロウラベニガサ
5241329,5241329,Pluteus semibulbosus (Lasch) Quél.,gbif,ヒナノシロベニヒダタケ
5241339,5241339,Pluteus romellii (Britzelm.) Lapl.,db,キアシベニヒダタケ
5241339,5241339,Pluteus romellii (Britzelm.) Lapl.,gbif,キアシベニヒダタケ
5241351,5241351,Pluteus umbrosus (Pers.) P.Kumm.,db,フチドリベニヒダタケ
5241351,5241351,Pluteus umbrosus (Pers.) P.Kumm.,gbif,フチドリベニヒダタケ
5241354,5241354,Pluteus atromarginatus (Konrad) Kühner,db,クロフチシカタケ
5241354,5241354,Pluteus atromarginatus (Konrad) Kühner,gbif,クロフチシカタケ
5241358,5241354,Pluteus tricuspidatus Velen.,db,クロフチシカタケ
5241358,5241354,Pluteus tricuspidatus Velen.,gbif,クロフチシカタケ
5241366,7446067,Pluteus atricapillus (Batsch) Fayod,gbif,ウラベニガサ
5241366,7446067,Pluteus atricapillus (Batsch) Fayod,gbif,カサスジウラベニガサ
5241384,5241384,Pluteus nanus (Pers.) P.Kumm.,db,ヒメベニヒダタケ
5241384,5241384,Pluteus nanus (Pers.) P.Kumm.,gbif,ヒメベニヒダタケ
5241399,5241399,Volvariella bombycina (Schaeff.) Singer,db,キヌオオフクロタケ
5241399,5241399,Volvariella bombycina (Schaeff.) Singer,gbif,キヌオオフクロタケ
5241424,8329645,Volvariella gloiocephala (DC.) Boekhout & Enderle,gbif,オオフクロタケ
5241424,8329645,Volvariella gloiocephala (DC.) Boekhout & Enderle,gbif,シロフクロタケ
5241426,8329645,Volvariella speciosa (Fr.) Singer,gbif,オオフクロタケ
5241426,8329645,Volvariella speciosa (Fr.) Singer,gbif,シロフクロタケ
5241445,5241445,Volvariella volvacea (Bull.) Singer,db,クロフクロタケ
5241445,5241445,Volvariella volvacea (Bull.) Singer,gbif,フクロタケ
5241449,5241445,Volvaria volvacea (Bull.) P.Kumm.,db,クロフクロタケ
5241449,5241445,Volvaria volvacea (Bull.) P.Kumm.,gbif,フクロタケ
5241553,9173236,Tricholoma conglobatum (Vittad.) Sacc.,db,ハタケシメジ
5241553,9173236,Tricholoma conglobatum (Vittad.) Sacc.,gbif,ハタケシメジ
5241594,5241594,Asterophora parasitica (Bull.) Singer,db,ナガエノヤグラタケ
5241594,5241594,Asterophora parasitica (Bull.) Singer,gbif,ナガエノヤグラタケ
5241698,5241698,Leucocortinarius bulbiger (Alb. & Schwein.) Singer,db,ヒダホテイタケ
5241698,5241698,Leucocortinarius bulbiger (Alb. & Schwein.) Singer,gbif,ヒダホテイタケ
5241700,2531310,Tricholoma porphyrophyllum S.Imai,db,イヌムラサキシメジ
5241700,2531310,Tricholoma porphyrophyllum S.Imai,gbif,ウラムラサキシメジ
5241725,5241725,Tricholoma albobrunneum (Pers.) P.Kumm.,gbif,マツシメジ
5241729,5241729,Tricholoma sejunctum (Sowerby) Quél.,db,アイシメジ
5241729,5241729,Tricholoma sejunctum (Sowerby) Quél.,gbif,アイシメジ
5241733,5241733,Tricholoma orirubens Quél.,db,ケショウシメジ
5241733,5241733,Tricholoma orirubens Quél.,gbif,ケショウシメジ
5241744,5241744,Tricholoma cingulatum (Almfelt ex Fr.) Jacobashch,db,ツバササクレシメジ
5241744,5241744,Tricholoma cingulatum (Almfelt ex Fr.) Jacobashch,gbif,ツバササクレシメジ
5241784,5241784,Tricholoma vaccinum (Schaeff.) P.Kumm.,db,クダアカゲシメジ
5241784,5241784,Tricholoma vaccinum (Schaeff.) P.Kumm.,gbif,クダアカゲシメジ
5241789,5241789,Tricholoma pessundatum (Fr.) Quél.,db,オオカキシメジ
5241789,5241789,Tricholoma pessundatum (Fr.) Quél.,gbif,オオカキシメジ
5241793,5241793,Tricholoma fulvum (DC.) Bigeard & H.Guill.,db,キヒダマツシメジ
5241794,5241793,Tricholoma flavobrunneum (Fr.) P.Kumm.,db,キヒダマツシメジ
5241804,5241808,Tricholoma myomyces (Pers.) J.E.Lange,db,クマシメジ
5241804,5241808,Tricholoma myomyces (Pers.) J.E.Lange,gbif,クマシメジ
5241808,5241808,Tricholoma terreum (Schaeff.) P.Kumm.,db,クマシメジ
5241808,5241808,Tricholoma terreum (Schaeff.) P.Kumm.,gbif,クマシメジ
5241820,5241820,Tricholoma matsutake (S.Ito & S.Imai) Singer,db,松茸
5241820,5241820,Tricholoma matsutake (S.Ito & S.Imai) Singer,gbif,マツタケ
5241820,5241820,Tricholoma matsutake (S.Ito & S.Imai) Singer,gbif,松茸
5241828,5241828,Tricholoma robustum (Alb. & Schwein.) Ricken,db,マツタケモドキ
5241828,5241828,Tricholoma robustum (Alb. & Schwein.) Ricken,gbif,マツタケモドキ
5241830,5241830,Tricholoma virgatum (Fr.) P.Kumm.,db,ネズミシメジ
5241830,5241830,Tricholoma virgatum (Fr.) P.Kumm.,gbif,ネズミシメジ
5241832,5241832,Tricholoma ustaloides Romagn.,db,ニガシメジ
5241832,5241832,Tricholoma ustaloides Romagn.,gbif,ニガシメジ
5241845,5241845,Tricholoma ustale (Fr.) P.Kumm.,db,カキシメジ
5241845,5241845,Tricholoma ustale (Fr.) P.Kumm.,gbif,カキシメジ
5241853,5241853,Tricholoma psammopus (Kalchbr.) Quél.,db,カラマツシメジ
5241853,5241853,Tricholoma psammopus (Kalchbr.) Quél.,gbif,カラマツシメジ
5241858,5241858,Tricholoma imbricatum (Fr.) P.Kumm.,db,アカゲシメジ
5241858,5241858,Tricholoma imbricatum (Fr.) P.Kumm.,gbif,アカゲシメジ
5241860,5241860,Tricholoma portentosum (Fr.) Quél.,db,シモフリシメジ
5241860,5241860,Tricholoma portentosum (Fr.) Quél.,gbif,シモフリシメジ
5241866,2531570,Tricholoma decorosum (Peck) Sacc.,db,ツノシメジ
5241866,2531570,Tricholoma decorosum (Peck) Sacc.,gbif,ツノシメジ
5241896,5241896,Mycena spinosissima (Singer) Desjardin,db,トサカオチエダタケ
5241896,5241896,Mycena spinosissima (Singer) Desjardin,gbif,トサカオチエダタケ
5241903,2531673,Tricholoma spectabile Peerally & Sutra,db,ニオウシメジ
5241907,2531680,Tricholoma giganteum Massee,gbif,ニオウシメジ
5241932,2531814,Tricholoma rutilans (Schaeff.) P.Kumm.,db,サマツモドキ
5241932,2531814,Tricholoma rutilans (Schaeff.) P.Kumm.,gbif,サマツモドキ
5242048,5242048,Lepista nuda (Bull.) Cooke,db,ムラサキシメジ
5242053,5242048,Tricholoma nudum (Bull.) P.Kumm.,db,ムラサキシメジ
5242054,5242070,Tricholoma personatum (Fr.) P.Kumm.,db,オオムラサキシメジ
5242058,5242058,Lepista irina (Fr.) H.E.Bigelow,db,ハタシメジ
5242097,5242097,Lepista sordida (Schumach.) Singer,db,コムラサキシメジ
5242136,5242136,Melanoleuca verrucipes (Fr.) Singer,db,ツブエノシメジ
5242136,5242136,Melanoleuca verrucipes (Fr.) Singer,gbif,ツブエノシメジ
5242142,5242142,Melanoleuca melaleuca (Pers.) Murrill,db,コザラミノシメジ
5242142,5242142,Melanoleuca melaleuca (Pers.) Murrill,gbif,コザラミノシメジ
5242308,5244016,Omphalina oniscus (Fr.) Quél.,db,チャサカズキタケ
5242331,2532835,Omphalina epichysium (Pers.) Quél.,db,ヒダサカズキタケ
5242331,2532835,Omphalina epichysium (Pers.) Quél.,gbif,ヒダサカズキタケ
5242358,2532931,Corticium vellereum Ellis & Cragin,db,ワタゲオオコウヤクタケ
5242358,2532931,Corticium vellereum Ellis & Cragin,gbif,ワタゲオオコウヤクタケ
5242420,5242420,Hymenogaster arenarius Tul. & C.Tul.,db,マメツブタケ
5242420,5242420,Hymenogaster arenarius Tul. & C.Tul.,gbif,マメツブタケ
5242424,5242424,Hymenogaster tener Berk.,db,シロツブタケ
5242424,5242424,Hymenogaster tener Berk.,gbif,シロツブタケ
5242444,2533359,Psilocybe aeruginosa (Curtis) Noordel.,db,モエギタケ
5242444,2533359,Psilocybe aeruginosa (Curtis) Noordel.,gbif,モエギタケ
5242533,5242533,Psilocybe subaeruginascens Höhn.,db,オオシビレタケ
5242533,5242533,Psilocybe subaeruginascens Höhn.,gbif,オオシビレタケ
5242604,9067519,Galera sphagnorum (Pers.) Sacc.,db,ミズゴケタケモドキ
5242604,9067519,Galera sphagnorum (Pers.) Sacc.,gbif,ミズゴケタケモドキ
5242712,5242712,"Coprinopsis phlyctidospora (Romagn.) Redhead, Vilgalys & Moncalvo",db,ザラミノヒトヨタケ
5242712,5242712,"Coprinopsis phlyctidospora (Romagn.) Redhead, Vilgalys & Moncalvo",gbif,ザラミノヒトヨタケ
5242717,5242717,"Coprinopsis stercorea (Fr.) Redhead, Vilgalys & Moncalvo",db,トフンヒトヨタケ
5242717,5242717,"Coprinopsis stercorea (Fr.) Redhead, Vilgalys & Moncalvo",gbif,トフンヒトヨタケ
5242729,5242729,Coprinopsis friesii (Quél.) P.Karst.,db,ヒメヒトヨタケ
5242729,5242729,Coprinopsis friesii (Quél.) P.Karst.,gbif,ヒメヒトヨタケ
5242740,5242740,"Coprinopsis atramentaria (Bull.) Redhead, Vilgalys & Moncalvo",db,ヒトヨタケ
5242740,5242740,"Coprinopsis atramentaria (Bull.) Redhead, Vilgalys & Moncalvo",gbif,ヒトヨタケ
5242752,5242752,"Coprinopsis kimurae (Hongo & Aoki) Redhead, Vilgalys & Moncalvo",db,マルミノヒトヨタケ
5242752,5242752,"Coprinopsis kimurae (Hongo & Aoki) Redhead, Vilgalys & Moncalvo",gbif,マルミノヒトヨタケ
5242754,5242754,"Coprinopsis cinerea (Schaeff.) Redhead, Vilgalys & Moncalvo",db,ウシグソヒトヨタケ
5242754,5242754,"Coprinopsis cinerea (Schaeff.) Redhead, Vilgalys & Moncalvo",gbif,ウシグソヒトヨタケ
5242760,5242760,"Coprinopsis echinospora (Buller) Redhead, Vilgalys & Moncalvo",db,ザラミノヒトヨタケモドキ
5242760,5242760,"Coprinopsis echinospora (Buller) Redhead, Vilgalys & Moncalvo",gbif,ザラミノヒトヨタケモドキ
5242763,5242763,"Coprinopsis radiata (Bolton) Redhead, Vilgalys & Moncalvo",db,ネナガノヒトヨタケ
5242763,5242763,"Coprinopsis radiata (Bolton) Redhead, Vilgalys & Moncalvo",gbif,ネナガノヒトヨタケ
5242776,5242776,"Coprinopsis insignis (Peck) Redhead, Vilgalys & Moncalvo",gbif,ミヤマザラミノヒトヨタケ
5242778,5242778,"Coprinopsis acuminata (Romagn.) Redhead, Vilgalys & Moncalvo",db,アシボソヒトヨタケ
5242778,5242778,"Coprinopsis acuminata (Romagn.) Redhead, Vilgalys & Moncalvo",gbif,アシボソヒトヨタケ
5242778,5242778,"Coprinopsis acuminata (Romagn.) Redhead, Vilgalys & Moncalvo",gbif,トガリヒトヨタケ
5242780,5242780,"Coprinopsis laanii (Kits van Wav.) Redhead, Vilgalys & Moncalvo",db,ヒメコナヒトヨタケ
5242780,5242780,"Coprinopsis laanii (Kits van Wav.) Redhead, Vilgalys & Moncalvo",gbif,ヒメコナヒトヨタケ
5242783,5242783,"Coprinopsis narcotica (Batsch) Redhead, Vilgalys & Moncalvo",db,ニオイコナヒトヨタケ
5242783,5242783,"Coprinopsis narcotica (Batsch) Redhead, Vilgalys & Moncalvo",gbif,ニオイコナヒトヨタケ
5242798,5242798,Lacrymaria lacrymabunda (Bull.) Pat.,db,ムジナタケ
5242798,5242798,Lacrymaria lacrymabunda (Bull.) Pat.,gbif,ムジナタケ
5242951,2535150,Cystoderma cinnabarinum (Alb. & Schwein.) Fayod,db,チャヒメオニタケ
5242951,2535150,Cystoderma cinnabarinum (Alb. & Schwein.) Fayod,gbif,チャヒメオニタケ
5242955,2535164,Cystoderma granulosum (Batsch) Fayod,db,ヒメオニタケ
5242955,2535164,Cystoderma granulosum (Batsch) Fayod,gbif,ヒメオニタケ
5243092,5243092,Nidularia deformis (Willd.) Fr.,gbif,キンチャクタケ
5243099,5243092,Nidularia farcta (Roth) Fr.,gbif,キンチャクタケ
5243140,5243140,Cyathus stercoreus (Schwein.) De Toni,db,ハタケチャダイゴケ
5243140,5243140,Cyathus stercoreus (Schwein.) De Toni,gbif,ハタケチャダイゴケ
5243151,5243151,Cyathus striatus Willd.,db,スジチャダイゴケ
5243151,5243151,Cyathus striatus Willd.,gbif,スジチャダイゴケ
5243168,5243168,Chlorophyllum molybdites (G.Mey.) Massee,db,オオシロカラカサタケ
5243168,5243168,Chlorophyllum molybdites (G.Mey.) Massee,gbif,オオシロカラカサタケ
5243182,5243182,Melanophyllum eyrei (Massee) Singer,db,ミドリヒダカラカサタケ
5243182,5243182,Melanophyllum eyrei (Massee) Singer,gbif,ミドリヒダカラカサタケ
5243193,9040203,Melanophyllum echinatum (Roth) Singer,gbif,アカヒダカラカサタケ
5243203,5243203,Lycoperdon caudatum J.Schröt.,db,アラゲホコリタケモドキ
5243203,5243203,Lycoperdon caudatum J.Schröt.,gbif,アラゲホコリタケモドキ
5243204,5243203,Lycoperdon pedicellatum Peck,db,アラゲホコリタケモドキ
5243204,5243203,Lycoperdon pedicellatum Peck,gbif,アラゲホコリタケモドキ
5243206,5243206,Lycoperdon compactum G.Cunn.,db,ヤケアトホコリタケ
5243206,5243206,Lycoperdon compactum G.Cunn.,gbif,ヤケアトホコリタケ
5243207,5243206,Morganella compacta (G.Cunn.) Kreisel & Dring,db,ヤケアトホコリタケ
5243207,5243206,Morganella compacta (G.Cunn.) Kreisel & Dring,gbif,ヤケアトホコリタケ
5243210,5243210,Lycoperdon nigrescens Pers.,db,クロホコリタケ
5243212,5243210,Lycoperdon foetidum Bonord.,db,クロホコリタケ
5243221,5243221,Lycoperdon mammiforme Pers.,db,オキナホコリタケ
5243221,5243221,Lycoperdon mammiforme Pers.,gbif,オキナホコリタケ
5243221,5243221,Lycoperdon mammiforme Pers.,gbif,チクビホコリタケ
5243221,5243221,Lycoperdon mammiforme Pers.,gbif,ワタゲホコリタケ
5243225,5243225,Lycoperdon lividum Pers.,db,キホコリタケ
5243225,5243225,Lycoperdon lividum Pers.,gbif,キホコリタケ
5243232,10852503,Lycoperdon pyriforme Schaeff.,gbif,タヌキノチャブクロ
5243234,10852503,Morganella pyriformis (Schaeff.) Kreisel & D.Krüger,gbif,タヌキノチャブクロ
5243240,5243240,Lycoperdon molle Pers.,db,コゲホコリタケ
5243240,5243240,Lycoperdon molle Pers.,gbif,コゲホコリタケ
5243243,5243243,Lycoperdon umbrinum Pers.,db,ツブホコリタケ
5243243,5243243,Lycoperdon umbrinum Pers.,gbif,ツブホコリタケ
5243244,5243244,Lycoperdon pratense Pers.,db,ヒメホコリタケ
5243244,5243244,Lycoperdon pratense Pers.,gbif,ヒメホコリタケ
5243249,5243244,Vascellum pratense (Pers.) Kreisel,db,ヒメホコリタケ
5243249,5243244,Vascellum pratense (Pers.) Kreisel,gbif,ヒメホコリタケ
5243251,5243244,Lycoperdon hiemale Bull.,db,ヒメホコリタケ
5243251,5243244,Lycoperdon hiemale Bull.,gbif,ヒメホコリタケ
5243255,5243255,Lycoperdon echinatum Pers.,db,アラゲホコリタケ
5243255,5243255,Lycoperdon echinatum Pers.,gbif,アラゲホコリタケ
5243258,5243258,Lycoperdon perlatum Pers.,db,キツネノチャブクロ
5243258,5243258,Lycoperdon perlatum Pers.,gbif,ホコリタケ
5243259,5243258,Lycoperdon gemmatum Batsch,db,キツネノチャブクロ
5243259,5243258,Lycoperdon gemmatum Batsch,gbif,ホコリタケ
5243262,5243262,Lycoperdon purpurascens (Berk. & M.A.Curtis) Sacc.,db,クロゲチャブクロ
5243263,7642379,Morganella purpurascens (Berk. & M.A.Curtis) Kreisel & Dring,db,クロゲチャブクロ
5243263,7642379,Morganella purpurascens (Berk. & M.A.Curtis) Kreisel & Dring,gbif,クロゲチャブクロタケ
5243267,5243267,Lycoperdon dermoxanthum Vittad.,gbif,チビホコリタケ
5243272,5243272,Bovistella radicata (Durieu & Mont.) Pat.,db,ダンゴタケ
5243278,5243278,Lycoperdon ericaeum Bonord.,gbif,ヒタチノスナジホコリタケ
5243296,5243296,Tulostoma brumale Pers.,db,ケシボウズタケ
5243296,5243296,Tulostoma brumale Pers.,gbif,ケシボウズタケ
5243303,5243303,Tulostoma squamosum (J.F.Gmel.) Pers.,db,ウロコケシボウズタケ
5243303,5243303,Tulostoma squamosum (J.F.Gmel.) Pers.,gbif,ウロコケシボウズタケ
5243305,5243305,Tulostoma fimbriatum Fr.,db,アラナミケシボウズタケ
5243305,5243305,Tulostoma fimbriatum Fr.,gbif,ナガエノホコリタケ
5243318,5243318,Tulostoma striatum G.Cunn.,gbif,ウネミケシボウズタケ
5243326,5243326,Tulostoma adhaerens Lloyd,db,アバタケシボウズタケ
5243326,5243326,Tulostoma adhaerens Lloyd,gbif,アバタケシボウズタケ
5243386,5243386,Agaricus dulcidulus Schulzer,gbif,コムラサキモリノカサ
5243396,5243396,Agaricus subrutilescens (Kauffman) Hotson & D.E.Stuntz,db,ザラエノハラタケ
5243396,5243396,Agaricus subrutilescens (Kauffman) Hotson & D.E.Stuntz,gbif,ザラエノハラタケ
5243403,5243403,Agaricus arvensis Schaeff.,db,オオハラタケ
5243403,5243403,Agaricus arvensis Schaeff.,gbif,シロオオハラタケ
5243458,5243458,Agaricus campestris L.,db,ハラタケ
5243460,5243460,Agaricus subrufescens Peck,db,ニセモリノカサ
5243496,5243496,Agaricus moelleri Wasser,gbif,ナカグロモリノカサ
5243504,5243496,Agaricus praeclaresquamosus A.E.Freeman,gbif,ナカグロモリノカサ
5243506,5243506,Agaricus placomyces Peck,db,ハラタケモドキ
5243506,5243506,Agaricus placomyces Peck,gbif,ハラタケモドキ
5243525,5243525,Cystoderma amianthinum (Scop.) Fayod,db,シワカラカサタケ
5243525,5243525,Cystoderma amianthinum (Scop.) Fayod,gbif,シワカラカサタケ
5243564,5243564,Nidula candida (Peck) V.S.White,db,ルツボチャダイゴケ
5243564,5243564,Nidula candida (Peck) V.S.White,gbif,ルツボチャダイゴケ
5243566,5243566,Nidula niveotomentosa (Henn.) Lloyd,db,コチャダイゴケ
5243566,5243566,Nidula niveotomentosa (Henn.) Lloyd,gbif,コチャダイゴケ
5243575,5243575,Crucibulum laeve (Huds.) Kambly,db,ツネノチャダイゴケ
5243575,5243575,Crucibulum laeve (Huds.) Kambly,gbif,ツネノチャダイゴケ
5243577,5243575,Crucibulum vulgare Tul. & C.Tul.,db,ツネノチャダイゴケ
5243577,5243575,Crucibulum vulgare Tul. & C.Tul.,gbif,ツネノチャダイゴケ
5243595,2536820,Oudemansiella longipes (Roussel) M.M.Moser,db,ビロードツエタケ
5243595,2536820,Oudemansiella longipes (Roussel) M.M.Moser,gbif,ビロードツエタケ
5243596,2536820,Oudemansiella pudens (Pers.) Pegler & T.W.K.Young,db,ビロードツエタケ
5243596,2536820,Oudemansiella pudens (Pers.) Pegler & T.W.K.Young,gbif,ビロードツエタケ
5243611,5243611,Flammulina fennae Bas,gbif,アシナガエノキタケ
5243617,5243617,Strobilurus stephanocystis (Kühner & Romagn. ex Hora) Singer,db,マツカサキノコモドキ
5243617,5243617,Strobilurus stephanocystis (Kühner & Romagn. ex Hora) Singer,gbif,マツカサキノコモドキ
5243623,5243623,Strobilurus esculentus (Wulfen) Singer,db,マツカサキノコ
5243623,5243623,Strobilurus esculentus (Wulfen) Singer,gbif,マツカサキノコ
5243653,5243653,Oudemansiella canarii (Jungh.) Höhn.,db,ネッタイヌメリタケ
5243653,5243653,Oudemansiella canarii (Jungh.) Höhn.,gbif,ネッタイヌメリタケ
5243660,5243660,Henningsomyces candidus (Pers.) Kuntze,db,パイプタケ
5243660,5243660,Henningsomyces candidus (Pers.) Kuntze,gbif,パイプタケ
5243737,5243737,"Gymnopus impudicus (Fr.) Antonín, Halling & Noordel.",db,コゲチャクサカレバタケ
5243737,5243737,"Gymnopus impudicus (Fr.) Antonín, Halling & Noordel.",gbif,コゲチャクサカレバタケ
5243745,8114489,Gymnopus acervatus (Fr.) Murrill,gbif,カブベニチャ
5243749,5243749,Gymnopus alkalivirens (Singer) Halling,db,ミドリホウライタケ
5243749,5243749,Gymnopus alkalivirens (Singer) Halling,gbif,ミドリホウライタケ
5243756,5243756,Gymnopus dryophilus (Bull.) Murrill,db,モリノカサ
5243756,5243756,Gymnopus dryophilus (Bull.) Murrill,gbif,モリノカレバタケ
5243776,12092733,"Gymnopus peronatus (Bolton) Antonín, Halling & Noordel.",gbif,ワサビカレバタケ
5243785,5243785,Campanella junghuhnii (Mont.) Singer,db,アミヒダタケ
5243785,5243785,Campanella junghuhnii (Mont.) Singer,gbif,アミヒダタケ
5243788,5243785,Campanella cucullata (Fr.) Lloyd,db,アミヒダタケ
5243788,5243785,Campanella cucullata (Fr.) Lloyd,gbif,アミヒダタケ
5243822,2537743,Tricholoma shiitake (J.Schröt.) Lloyd,db,シイタケ
5243822,2537743,Tricholoma shiitake (J.Schröt.) Lloyd,gbif,シイタケ
5243822,2537743,Tricholoma shiitake (J.Schröt.) Lloyd,gbif,椎茸
5243898,2538113,Agaricus stipitarius Fr.,db,カヤネダケ
5243898,2538113,Agaricus stipitarius Fr.,gbif,ニセホウライタケ
5243898,2538113,Agaricus stipitarius Fr.,gbif,偽蓬莱茸
5243992,2538807,Tricholoma russula (Schaeff. ex Fr.) Gillet,db,サクラシメジ
5244016,5244016,"Lichenomphalia umbellifera (L.) Redhead, Lutzoni, Moncalvo & Vilgalys",db,チャサカズキタケ
5244293,5244293,Tapinella panuoides (Fr.) E.-J.Gilbert,db,イチョウタケ
5244293,5244293,Tapinella panuoides (Fr.) E.-J.Gilbert,gbif,イチョウタケ
5244297,5244293,Paxillus panuoides (Fr.) Fr.,db,イチョウタケ
5244297,5244293,Paxillus panuoides (Fr.) Fr.,gbif,イチョウタケ
5244305,7693097,Paxillus atrotomentosus (Batsch) Fr.,db,ニワタケ
5244305,7693097,Paxillus atrotomentosus (Batsch) Fr.,gbif,ニワタケ
5244323,5244323,Mucronella calva (Alb. & Schwein.) Fr.,db,コメハリタケ
5244323,5244323,Mucronella calva (Alb. & Schwein.) Fr.,gbif,コメハリタケ
5244345,2540225,Clavaria kunzei Fr.,db,シロヒメホウキタケ
5244345,2540225,Clavaria kunzei Fr.,gbif,シロヒメホウキタケ
5244405,5244405,Clavulinopsis aurantiocinnabarina (Schwein.) Corner,db,ベニナギナタタケ
5244406,5244405,Clavaria aurantiocinnabarina Schwein.,db,ベニナギナタタケ
5244414,5244414,Clavulinopsis laeticolor (Berk. & M.A.Curtis) R.H.Petersen,db,ヒシミノセンコウタケ
5244414,5244414,Clavulinopsis laeticolor (Berk. & M.A.Curtis) R.H.Petersen,gbif,カベンタケ
5244417,5244414,Clavulinopsis pulchra (Peck) Corner,db,ヒシミノセンコウタケ
5244417,5244414,Clavulinopsis pulchra (Peck) Corner,gbif,カベンタケ
5244418,5244414,Clavaria pulchra Peck,db,ヒシミノセンコウタケ
5244418,5244414,Clavaria pulchra Peck,gbif,カベンタケ
5244431,5244431,Clavulinopsis corniculata (Schaeff.) Corner,db,キンホウキタケ
5244431,5244431,Clavulinopsis corniculata (Schaeff.) Corner,gbif,キンホウキタケ
5244431,5244431,Clavulinopsis corniculata (Schaeff.) Corner,gbif,ヒメツノタケ
5244434,5244431,Clavaria corniculata Schaeff.,db,キンホウキタケ
5244486,5244486,Clavulinopsis fusiformis (Sowerby) Corner,db,ナギナタタケ
5244486,5244486,Clavulinopsis fusiformis (Sowerby) Corner,gbif,ナギナタタケ
5244488,5244486,Clavaria platyclada Peck,db,ナギナタタケ
5244488,5244486,Clavaria platyclada Peck,gbif,ナギナタタケ
5244491,5244486,Clavaria fusiformis Sowerby,db,ナギナタタケ
5244491,5244486,Clavaria fusiformis Sowerby,gbif,ナギナタタケ
5244508,5244508,Clavaria fumosa Pers.,db,サヤナギナタタケ
5244509,5244509,Clavaria rosea Fr.,db,センコウタケ
5244509,5244509,Clavaria rosea Fr.,gbif,ベニセンコウタケ
5244510,5244510,Clavaria zollingeri Lév.,db,ムラサキホウキタケ
5244543,5244543,Clavaria subacuta S.Ito & S.Imai,db,ムニンヤリノホタケ
5244543,5244543,Clavaria subacuta S.Ito & S.Imai,gbif,ムニンヤリノホタケ
5244553,5244553,Clavaria acuta Sowerby,db,シロヤリタケ
5244553,5244553,Clavaria acuta Sowerby,gbif,シロヤリタケ
5244675,2540878,Polyporus zonalis Berk.,db,スルメタケ
5244700,2540917,Poria vincta (Berk.) Cooke,db,クロニクイロアナタケ
5244754,2541032,Poria nigrescens Bres.,db,ニクイロアナタケモドキ
5244852,5244852,Terana coerulea (Lam.) Kuntze,db,アイイロオオコウヤクタケ
5244852,5244852,Terana coerulea (Lam.) Kuntze,gbif,アイコウヤクタケ
5244870,2541445,Corticium scutellare Berk. & M.A.Curtis,db,チャイロオオコウヤクタケ
5245035,2541957,Polyporus semisupinus Berk. & M.A.Curtis,db,ニカワオシロイタケ
5245209,8892548,Poria sinuosa (Fr.) Cooke,db,ワタグサレキン
5245225,8769312,Polystictus heteromorphus (Fr.) Lloyd,db,ミヤマシロアミタケ
5245225,8769312,Polystictus heteromorphus (Fr.) Lloyd,gbif,ミヤマシロアミタケ
5245245,5245245,Postia balsamea (Peck) Jülich,db,トドマツオオウズラタケ
5245246,5245245,Oligoporus balsameus (Peck) Gilb. & Ryvarden,db,トドマツオオウズラタケ
5245281,10672649,Postia fragilis (Fr.) Jülich,gbif,シミタケ
5245308,9123949,Oligoporus tephroleucus (Fr.) Gilb. & Ryvarden,db,オオオシロイタケ
5245308,9123949,Oligoporus tephroleucus (Fr.) Gilb. & Ryvarden,gbif,オオオシロイタケ
5245310,9123949,Polyporus tokyoensis Lloyd,db,オオオシロイタケ
5245310,9123949,Polyporus tokyoensis Lloyd,gbif,オオオシロイタケ
5245316,2542912,Postia caesia (Schrad.) P.Karst.,gbif,アオゾメタケ
5245319,2542912,Oligoporus caesius (Schrad.) Gilb. & Ryvarden,gbif,アオゾメタケ
5245337,10881544,Polyporus guttulatus Peck,gbif,シミガタセンベイタケ
5245341,10881544,Polyporus grantii Lloyd,gbif,シミガタセンベイタケ
5245356,10672649,Oligoporus fragilis (Fr.) Gilb. & Ryvarden,gbif,シミタケ
5245646,2543824,Polyporus secernibilis Berk.,db,ヒメヤケイロタケ
5245646,2543824,Polyporus secernibilis Berk.,gbif,ヤケイロタケ
5245648,2543824,Polyporus adustus (Willd.) Fr.,db,ヒメヤケイロタケ
5245648,2543824,Polyporus adustus (Willd.) Fr.,gbif,ヤケイロタケ
5245655,2543885,Polyporus salignus (Fr.) Fr.,db,ヒメモグサタケ
5245655,2543885,Polyporus salignus (Fr.) Fr.,gbif,ヒメモグサタケ
5245658,2543885,Polyporus fumosus (Pers.) Fr.,db,ヒメモグサタケ
5245658,2543885,Polyporus fumosus (Pers.) Fr.,gbif,ヒメモグサタケ
5245712,5245712,Hyphoderma transiens (Bres.) Parmasto,db,ウスカワコメバタケ
5245712,5245712,Hyphoderma transiens (Bres.) Parmasto,gbif,ウスカワコメバタケ
5245764,5245764,Hyphoderma setigerum (Fr.) Donk,db,シロコメバタケ
5245764,5245764,Hyphoderma setigerum (Fr.) Donk,gbif,シロコメバタケ
5245801,2544114,Polyporus heteroporus Fr.,db,ニクウチワタケ
5245801,2544114,Polyporus heteroporus Fr.,gbif,ニクウチワタケ
5245811,2544114,Polyporus rufescens Pers.,db,ニクウチワタケ
5245811,2544114,Polyporus rufescens Pers.,gbif,ニクウチワタケ
5245823,2544188,Poria tulipiferae (Schwein.) Cooke,db,ウスバアナタケ
5245823,2544188,Poria tulipiferae (Schwein.) Cooke,gbif,ウスバタケ
5245835,2544226,Coriolus consors (Berk.) Imazeki,gbif,ニクウスバタケ
5245850,2544269,Cladoderris spongiosa Fr.,db,フトウラスジタケ
5245850,2544269,Cladoderris spongiosa Fr.,gbif,フトウラスジタケ
5245860,5245860,Auricularia delicata (Mont. ex Fr.) Henn.,db,アミキクラゲ
5245860,5245860,Auricularia delicata (Mont. ex Fr.) Henn.,gbif,アミキクラゲ
5245889,5245889,Scopuloides rimosa (Cooke) Jülich,db,ツブニカワカワタケ
5245889,5245889,Scopuloides rimosa (Cooke) Jülich,gbif,ツブニカワカワタケ
5245989,9099973,Poria eupora (P.Karst.) Cooke,db,ニクイロアナタケ
5245998,5245998,Junghuhnia collabens (Fr.) Ryvarden,db,ツガノニクイロアナタケ
5246175,9154166,Panus tigrinus (Bull.) Singer,db,ケガワタケ
5246192,9474024,Panus suavissimus (Fr.) Singer,gbif,ニオイカワキタケ
5246256,2545622,Polyporus pubertatis Lloyd,db,ホウネンタケ
5246256,2545622,Polyporus pubertatis Lloyd,gbif,ホウネンタケ
5246282,8698842,Lenzites tricolor (Bull.) Fr.,db,チャカイガラタケ
5246307,5246307,Microporus affinis (Blume & T.Nees) Kuntze,db,ウチワタケ
5246307,5246307,Microporus affinis (Blume & T.Nees) Kuntze,gbif,ウチワタケ
5246309,5246307,Microporus subaffinis (Lloyd) Imazeki,db,ウチワタケ
5246309,5246307,Microporus subaffinis (Lloyd) Imazeki,gbif,ウチワタケ
5246313,5246307,Polystictus affinis (Blume & T.Nees) Fr.,db,ウチワタケ
5246313,5246307,Polystictus affinis (Blume & T.Nees) Fr.,gbif,ウチワタケ
5246315,5246307,Coriolus affinis (Blume & T.Nees) N.Walters,db,ウチワタケ
5246316,5246307,Coriolus flabelliformis (Fr.) G.Cunn.,db,ウチワタケ
5246316,5246307,Coriolus flabelliformis (Fr.) G.Cunn.,gbif,ウチワタケ
5246319,5246307,Polystictus subaffinis Lloyd,db,ウチワタケ
5246319,5246307,Polystictus subaffinis Lloyd,gbif,ウチワタケ
5246321,5246307,Microporus flabelliformis (Fr.) Pat.,db,ウチワタケ
5246321,5246307,Microporus flabelliformis (Fr.) Pat.,gbif,ウチワタケ
5246329,5246307,Polyporus luteus Blume & T.Nees,db,ウチワタケ
5246329,5246307,Polyporus luteus Blume & T.Nees,gbif,ウチワタケ
5246330,5246307,Polystictus luteus (Blume & T.Nees) Fr.,db,ウチワタケ
5246330,5246307,Polystictus luteus (Blume & T.Nees) Fr.,gbif,ウチワタケ
5246333,5246307,Microporus luteus (Blume & T.Nees) Pat.,db,ウチワタケ
5246333,5246307,Microporus luteus (Blume & T.Nees) Pat.,gbif,ウチワタケ
5246336,5246336,Microporus longisporus T.Hatt.,gbif,ツヤウチワタケモドキ
5246344,5246344,Microporus xanthopus (Fr.) Kuntze,db,ツヤジョウゴタケ
5246344,5246344,Microporus xanthopus (Fr.) Kuntze,gbif,ツヤジョウゴタケ
5246351,5246344,Polystictus xanthopus (Fr.) Fr.,db,ツヤジョウゴタケ
5246351,5246344,Polystictus xanthopus (Fr.) Fr.,gbif,ツヤジョウゴタケ
5246358,5246358,Favolus tenuiculus P.Beauv.,db,ミナミアシグロタケ
5246358,5246358,Favolus tenuiculus P.Beauv.,gbif,ミナミアシグロタケ
5246372,5246358,Polyporus tenuiculus (P.Beauv.) Fr.,db,ミナミアシグロタケ
5246372,5246358,Polyporus tenuiculus (P.Beauv.) Fr.,gbif,ミナミアシグロタケ
5246443,9070104,Coriolus unicolor (Bull.) Pat.,db,ミダレアミタケ
5246443,9070104,Coriolus unicolor (Bull.) Pat.,gbif,ミダレアミタケ
5246463,8134528,Pycnoporus coccineus (Fr.) Bondartsev & Singer,gbif,ヒイロタケ
5246466,9227816,Pycnoporus cinnabarinus (Jacq.) P.Karst.,gbif,シュタケ
5246471,9227816,Polystictus cinnabarinus (Jacq.) Cooke,gbif,シュタケ
5246707,5246707,Polyporus guianensis Mont.,gbif,アミキアシグロタケ
5246732,9445944,Polyporus saitoi Lloyd,gbif,エゾノアミスギタケ
5246821,7865386,Polyporus alveolaris (DC.) Bondartsev & Singer,gbif,ハチノスタケ
5246840,5246840,Polyporus umbellatus (Pers.) Fr.,db,チョレイ
5246898,7542962,Polyporus arcularius (Batsch) Fr.,gbif,アミスギタケ
5246901,7542962,Favolus alveolarius (Bosc) Fr.,gbif,アミスギタケ
5246916,7542962,Polyporus alveolarius (Bosc) Fr.,gbif,アミスギタケ
5246954,9400640,Polyporus varius (Pers.) Fr.,gbif,キアシグロタケ
5246994,5246994,Polyporus leprieurii Mont.,gbif,ネッタイアシグロタケ
5246999,5246994,Polyporus hemicapnodes Berk. & Broome,gbif,ネッタイアシグロタケ
5247005,2547092,Polyporus squamosus (Huds.) Fr.,gbif,アミヒラタケ
5247012,2547092,Melanopus squamosus (Huds.) Pat.,gbif,アミヒラタケ
5247119,8689071,Panus flabelliformis Quél.,db,カワキジョウゴタケ
5247119,8689071,Panus flabelliformis Quél.,gbif,カワキタケ
5247144,2547299,Coriolus conchifer (Schwein.) G.Cunn.,db,サカズキカワラタケ
5247145,2547299,Polystictus conchifer (Schwein.) Sacc.,db,サカズキカワラタケ
5247159,2547329,Polyporus versisporus Lloyd,db,エゾオシロイタケ
5247159,2547329,Polyporus versisporus Lloyd,gbif,マツノオオウズラタケ
5247160,2547329,Polyporus squalens (P.Karst.) Sacc.,db,エゾオシロイタケ
5247160,2547329,Polyporus squalens (P.Karst.) Sacc.,gbif,マツノオオウズラタケ
5247171,8690832,Polyporus abietinus (Pers. ex J.F.Gmel.) Fr.,db,シハイタケ
5247171,8690832,Polyporus abietinus (Pers. ex J.F.Gmel.) Fr.,gbif,シハイタケ
5247175,8690832,"Polystictus abietinus (Dicks.) Fr., 1886",db,シハイタケ
5247175,8690832,"Polystictus abietinus (Dicks.) Fr., 1886",gbif,シハイタケ
5247178,5247178,Trichaptum byssogenum (Jungh.) Ryvarden,db,シコンタケ
5247178,5247178,Trichaptum byssogenum (Jungh.) Ryvarden,gbif,シラゲタケ
5247213,5247213,Trichaptum fuscoviolaceum (Ehrenb.) Ryvarden,db,ウスバシハイタケ
5247213,5247213,Trichaptum fuscoviolaceum (Ehrenb.) Ryvarden,gbif,ウスバシハイタケ
5247223,5247223,Trichaptum parvulum (Yasuda) T.Hatt. & Ryvarden,db,コゴメウスバタケ
5247228,5247228,Trichaptum biforme (Fr.) Ryvarden,db,ハカワラタケ
5247241,5247228,Polystictus biformis (Fr.) Fr.,db,ハカワラタケ
5247248,5247228,"Polyporus pargamenus Fr., 1838",db,ハカワラタケ
5247253,5247228,Polystictus pergamenus (Fr.) Cooke,db,ハカワラタケ
5247256,5247228,Coriolus elongatus (Berk.) Pat.,db,ハカワラタケ
5247261,5247228,Coriolus biformis (Fr.) Pat.,db,ハカワラタケ
5247269,5247228,Polystictus pargamenus (Fr.) Fr.,db,ハカワラタケ
5247270,5247228,Coriolus pargamenus (Fr.) G.Cunn.,db,ハカワラタケ
5247276,5247276,Trichaptum laricinum (P.Karst.) Ryvarden,db,エゾシハイタケ
5247277,5247276,Lenzites abietis Lloyd,db,エゾシハイタケ
5247308,2547564,Lenzites elegans (Spreng.) Pat.,db,チリメンタケ
5247308,2547564,Lenzites elegans (Spreng.) Pat.,gbif,チリメンタケ
5247327,5465199,Lenzites berkeleyi Lév.,db,アミカイガラタケ
5247344,5465199,Merulius betulinus (L.) Wulfen,db,アミカイガラタケ
5247473,2547798,Polyporus amorphus Fr.,db,ウラベニタケ
5247473,2547798,Polyporus amorphus Fr.,gbif,ウラベニタケ
5247488,8103143,"Polyporus pseudobetulinus (Murashk. ex Pilát) Thorn, Kotir. & Niemelä",gbif,カンバタケモドキ
5247530,5247530,Haploporus odorus (Sommerf.) Bondartsev & Singer,db,エゾシロアミタケ
5247530,5247530,Haploporus odorus (Sommerf.) Bondartsev & Singer,gbif,エゾシロアミタケ
5247534,9166502,Polyporus itoi Lloyd,db,シロアミタケ
5247534,9166502,Polyporus itoi Lloyd,gbif,シロアミタケ
5247543,2547976,Polystictus pinsitus (Fr.) Fr.,db,フルイカワラタケ
5247543,2547976,Polystictus pinsitus (Fr.) Fr.,gbif,フルイカワラタケ
5247545,2547976,Polyporus pinsitus Fr.,db,フルイカワラタケ
5247545,2547976,Polyporus pinsitus Fr.,gbif,フルイカワラタケ
5247553,2547976,Coriolus pinsitus (Fr.) Pat.,db,フルイカワラタケ
5247553,2547976,Coriolus pinsitus (Fr.) Pat.,gbif,フルイカワラタケ
5247611,2548082,Polystictus subpellucidus (Berk.) Cooke,db,アミカワラタケ
5247611,2548082,Polystictus subpellucidus (Berk.) Cooke,gbif,アミカワラタケ
5247637,7621208,Polyporus pubescens (Schumach.) Fr.,db,シロモンパカワラタケ
5247637,7621208,Polyporus pubescens (Schumach.) Fr.,gbif,ヤキフタケ
5247644,7621208,Coriolus pubescens (Schumach.) Quél.,db,シロモンパカワラタケ
5247644,7621208,Coriolus pubescens (Schumach.) Quél.,gbif,ヤキフタケ
5247648,7621208,Polystictus pubescens (Schumach.) Gillot & Lucand,db,シロモンパカワラタケ
5247648,7621208,Polystictus pubescens (Schumach.) Gillot & Lucand,gbif,ヤキフタケ
5247735,2548311,Polyporus versicolor (L.) Fr.,db,アイカワラタケ
5247739,2548311,Polystictus versicolor (L.) Fr.,db,アイカワラタケ
5247752,8032257,Polystictus vellereus (Berk.) Fr.,db,アラゲカワラタケ
5247756,8032257,Polyporus hirsutus (Wulfen) Fr.,db,アラゲカワラタケ
5247758,8367739,"Coriolus hirsutus (Wulfen) Quél., 1886",db,アラゲカワラタケ
5247763,8032257,Polystictus nigromarginatus (Schwein.) P.W.Graff,db,アラゲカワラタケ
5247770,8032257,Polystictus hirsutus (Wulfen) Fr.,db,アラゲカワラタケ
5247778,2548374,Polystictus ochraceus (Pers.) Lloyd,db,カワラタケモドキ
5247778,2548374,Polystictus ochraceus (Pers.) Lloyd,gbif,カワラタケモドキ
5247786,2548374,Coriolus zonatus (Nees) Quél.,db,カワラタケモドキ
5247786,2548374,Coriolus zonatus (Nees) Quél.,gbif,カワラタケモドキ
5247833,2548515,Polyporus chioneus Fr.,db,オシロイタケ
5247833,2548515,Polyporus chioneus Fr.,gbif,オシロイタケ
5247864,2548619,Polyporus croceus (Pers.) Fr.,db,オオカボチャタケ
5247871,8383534,Polyporus rutilans (Pers.) Fr.,db,アカゾメタケ
5247951,2548764,Trichaptum durum (Jungh.) Corner,db,ヨソオイサルノコシカケ
5247951,2548764,Trichaptum durum (Jungh.) Corner,gbif,ヨソオイサルノコシカケ
5247959,2548772,Polystictus vinosus (Berk.) Sacc.,db,ブドウタケ
5247959,2548772,Polystictus vinosus (Berk.) Sacc.,gbif,ブドウタケ
5248005,2548930,Corticium scirpinum (Thüm.) G.Winter,db,カミコウヤクタケ
5248005,2548930,Corticium scirpinum (Thüm.) G.Winter,gbif,カミコウヤクタケ
5248035,5248035,Cryptoporus volvatus (Peck) Shear,db,ヒトクチタケ
5248035,5248035,Cryptoporus volvatus (Peck) Shear,gbif,ヒトクチタケ
5248135,2549306,Poria cocos F.A.Wolf,db,ブクリョウ
5248135,2549306,Poria cocos F.A.Wolf,gbif,ブクリョウ
5248171,2549396,Polyporus venulosus Jungh.,db,シマレンガタケ
5248171,2549396,Polyporus venulosus Jungh.,gbif,シマレンガタケ
5248171,2549396,Polyporus venulosus Jungh.,gbif,ミナミレンガタケ
5248260,2549779,Polyporus australis Fr.,db,オオミノコフキタケ
5248267,2549834,Polyporus concentricus Cooke,db,コフキサルノコシカケ
5248267,2549834,Polyporus concentricus Cooke,gbif,コフキサルノコシカケ
5248326,5248326,Amauroderma scopulosum (Berk.) Imazeki,db,ナンバンウチワタケ
5248326,5248326,Amauroderma scopulosum (Berk.) Imazeki,gbif,ナンバンウチワタケ
5248422,12132310,Amauroderma rugosum (Blume & T.Nees) Torrend,gbif,コマタケ
5248424,12132310,Amauroderma juxtarugosum (Lloyd) Imazeki,gbif,コマタケ
5248429,12132310,Amauroderma ramosii Murrill,gbif,コマタケ
5248458,5248458,Auriscalpium vulgare Gray,db,マツカサタケ
5248506,2550493,Clavaria pyxidata Pers.,gbif,フサヒメホウキタケ
5248508,5248508,Hericium erinaceus (Bull.) Pers.,db,Yamabusi-take
5248508,5248508,Hericium erinaceus (Bull.) Pers.,gbif,ヤマブシタケ
5248508,5248508,Hericium erinaceus (Bull.) Pers.,gbif,山伏茸
5248512,5248508,Hericium caput-medusae (Bull.) Pers.,db,Yamabusi-take
5248512,5248508,Hericium caput-medusae (Bull.) Pers.,gbif,ヤマブシタケ
5248512,5248508,Hericium caput-medusae (Bull.) Pers.,gbif,山伏茸
5248532,5248532,Hericium coralloides (Scop.) Pers.,db,クマガシラ
5248532,5248532,Hericium coralloides (Scop.) Pers.,gbif,サンゴハリタケ
5248539,5248532,Hericium ramosum (Bull.) Letell.,db,クマガシラ
5248539,5248532,Hericium ramosum (Bull.) Letell.,gbif,サンゴハリタケ
5248545,5248545,Hericium abietis (Weir ex Hubert) K.A.Harrison,gbif,サンゴハリタケモドキ
5248590,7405092,Lactarius glaucescens Crossl.,gbif,アオゾメツチカブリ
5248603,5248603,Lactarius aspideus (Fr.) Fr.,db,ウスキチチタケ
5248603,5248603,Lactarius aspideus (Fr.) Fr.,gbif,ウスキチチタケ
5248610,5248610,Lactarius chrysorrheus Fr.,db,キチチタケ
5248610,5248610,Lactarius chrysorrheus Fr.,gbif,キチチタケ
5248610,5248610,Lactarius chrysorrheus Fr.,gbif,黄乳茸
5248612,5248614,Lactarius theiogalus (Bull.) Gray,db,ヒメチチモドキ
5248612,5248614,Lactarius theiogalus (Bull.) Gray,gbif,ヒメチチモドキ
5248614,5248614,Lactarius tabidus Fr.,db,ヒメチチモドキ
5248614,5248614,Lactarius tabidus Fr.,gbif,ヒメチチモドキ
5248616,5248616,Lactarius quietus (Fr.) Fr.,db,チョウジチチタケ
5248616,5248616,Lactarius quietus (Fr.) Fr.,gbif,チョウジチチタケ
5248619,8122710,Lactarius torminosus (Schaeff.) Gray,db,カラハツタケ
5248638,5248638,Lactarius uvidus (Fr.) Fr.,db,トビチャチチタケ
5248638,5248638,Lactarius uvidus (Fr.) Fr.,gbif,トビチャチチタケ
5248640,5248640,Lactarius pterosporus Romagn.,db,ウスイロカラチチタケ
5248640,5248640,Lactarius pterosporus Romagn.,gbif,ウスイロカラチチタケ
5248643,5248643,Lactarius zonarius (Bull.) Fr.,db,キカラハツモドキ
5248643,5248643,Lactarius zonarius (Bull.) Fr.,gbif,カラハツモドキ
5248643,5248643,Lactarius zonarius (Bull.) Fr.,gbif,キカラハツモドキ
5248651,5248651,Lactarius obscuratus (Lasch) Fr.,db,アキノアシボソチチタケ
5248651,5248651,Lactarius obscuratus (Lasch) Fr.,gbif,アキノアシボソチチタケ
5248660,5248660,Lactarius helvus (Fr.) Fr.,db,アカチチモドキ
5248660,5248660,Lactarius helvus (Fr.) Fr.,gbif,アカチチモドキ
5248664,5248664,Lactarius pubescens Fr.,db,シロカラハツタケ
5248664,5248664,Lactarius pubescens Fr.,gbif,シロカラハツタケ
5248670,5248670,Lactarius necator (Bull.) Pers.,db,ウグイスチャチチタケ
5248684,5248684,Lactarius rufus (Scop.) Fr.,db,アカチチタケ
5248684,5248684,Lactarius rufus (Scop.) Fr.,gbif,アカチチタケ
5248687,5248687,Lactarius repraesentaneus Britzelm.,db,ムラサキイロガワリハツ
5248687,5248687,Lactarius repraesentaneus Britzelm.,gbif,ムラサキイロガワリハツ
5248697,5248697,Lactarius acris (Bolton) Gray,db,ハイイロカラチチタケ
5248697,5248697,Lactarius acris (Bolton) Gray,gbif,ハイイロカラチチタケ
5248706,5248706,Lactarius glyciosmus (Fr.) Fr.,db,ヤミイロタケ
5248706,5248706,Lactarius glyciosmus (Fr.) Fr.,gbif,ヤミイロタケ
5248712,5248712,Lactarius circellatus Fr.,db,ヒロハシデチチタケ
5248714,5248714,Lactarius controversus Pers.,db,ケショウシロハツ
5248714,5248714,Lactarius controversus Pers.,gbif,ケショウシロハツ
5248733,5248733,Lactarius porninsis Rolland,db,カラマツチチタケ
5248758,5248643,Lactarius insulsus (Fr.) Fr.,db,キカラハツモドキ
5248758,5248643,Lactarius insulsus (Fr.) Fr.,gbif,カラハツモドキ
5248758,5248643,Lactarius insulsus (Fr.) Fr.,gbif,キカラハツモドキ
5248797,5248797,Lactarius violascens (J.Otto) Fr.,db,ウズタケ
5248797,5248797,Lactarius violascens (J.Otto) Fr.,gbif,ウズハツ
5248801,5248801,Lactarius trivialis (Fr.) Fr.,db,キハダチチタケ
5248801,5248801,Lactarius trivialis (Fr.) Fr.,gbif,キハダチチタケ
5248803,2551150,Lactarius volemus (Fr.) Fr.,gbif,チチタケ
5248803,2551150,Lactarius volemus (Fr.) Fr.,gbif,乳茸
5248870,5955077,Polyporus virellus Fr.,db,ザボンタケ
5248870,5955077,Polyporus virellus Fr.,gbif,ザボンタケ
5248873,5955077,Polyporus cristatus (Schaeff.) Fr.,db,ザボンタケ
5248873,5955077,Polyporus cristatus (Schaeff.) Fr.,gbif,ザボンタケ
5248875,5955076,Polyporus yasudae Lloyd,gbif,ヌメリアイタケ
5248879,2551795,Polyporus cantharellus Lloyd,db,アミラッパタケ
5248879,2551795,Polyporus cantharellus Lloyd,gbif,アミラッパタケ
5248892,2551821,Polyporus confluens (Alb. & Schwein.) Fr.,gbif,ニンギョウタケ
5248901,2551823,Polyporus ovinus (Schaeff.) Fr.,db,ニンギョウタケモドキ
5248901,2551823,Polyporus ovinus (Schaeff.) Fr.,gbif,ニンギョウタケモドキ
5248912,5248916,Polyporus pes-caprae Pers.,gbif,センニンタケ
5248914,5248916,Polyporus oregonensis (Murrill) Murrill,gbif,センニンタケ
5248916,5248916,Scutiger pes-caprae (Pers.) Bondartsev & Singer,gbif,センニンタケ
5248941,2551968,Polyporus makraulos Rostk.,db,マツノネクチタケ
5248941,2551968,Polyporus makraulos Rostk.,gbif,マツノネクチタケ
5249182,5249182,Gloeophyllum subferrugineum (Berk.) Bondartsev & Singer,db,ヒロハノキカイガラタケ
5249182,5249182,Gloeophyllum subferrugineum (Berk.) Bondartsev & Singer,gbif,ヒロハノキカイガラタケ
5249187,5249182,Lenzites subferrugineus Berk.,db,ヒロハノキカイガラタケ
5249187,5249182,Lenzites subferrugineus Berk.,gbif,ヒロハノキカイガラタケ
5249188,5249188,Gloeophyllum trabeum (Pers.) Murrill,db,キチリメンタケ
5249188,5249188,Gloeophyllum trabeum (Pers.) Murrill,gbif,キチリメンタケ
5249190,5249188,Lenzites trabeus (Pers.) Bres.,db,キチリメンタケ
5249190,5249188,Lenzites trabeus (Pers.) Bres.,gbif,キチリメンタケ
5249202,5249202,Gloeophyllum abietinum (Bull.) P.Karst.,db,コゲイロカイガラタケ
5249202,5249202,Gloeophyllum abietinum (Bull.) P.Karst.,gbif,コゲイロカイガラタケ
5249216,5249216,Gloeophyllum odoratum (Wulfen) Imazeki,db,ニオイアミタケ
5249253,5249253,Gloeophyllum sepiarium (Wulfen) P.Karst.,db,キカイガラタケ
5249253,5249253,Gloeophyllum sepiarium (Wulfen) P.Karst.,gbif,キカイガラタケ
5249256,5249253,Gloeophyllum ungulatum (Lloyd) Imazeki,db,キカイガラタケ
5249256,5249253,Gloeophyllum ungulatum (Lloyd) Imazeki,gbif,キカイガラタケ
5249287,5249287,Auricularia cornea Ehrenb.,gbif,アラゲキクラゲ
5249287,5249287,Auricularia cornea Ehrenb.,gbif,ナンカイキクラゲ
5249290,5249290,Auricularia fuscosuccinea (Mont.) Henn.,db,キクラゲモドキ
5249290,5249290,Auricularia fuscosuccinea (Mont.) Henn.,gbif,キクラゲモドキ
5249293,7351381,Auricularia polytricha (Mont.) Sacc.,gbif,アラゲキクラゲ
5249294,7351381,Hirneola polytricha (Mont.) Fr.,gbif,アラゲキクラゲ
5249297,5249297,Auricularia mesenterica (Dicks.) Pers.,db,ヒダキクラゲ
5249297,5249297,Auricularia mesenterica (Dicks.) Pers.,gbif,ヒダキクラゲ
5249353,5249353,Pseudohydnum gelatinosum (Scop.) P.Karst.,db,カバイロニカワハリタケ
5249353,5249353,Pseudohydnum gelatinosum (Scop.) P.Karst.,gbif,ニカワハリタケ
5249358,8824388,Gyrocephalus rufus (Jacq.) Bref.,db,ニカワジョウゴタケ
5249358,8824388,Gyrocephalus rufus (Jacq.) Bref.,gbif,ニカワジョウゴタケ
5249374,5249374,Amphinema byssoides (Pers.) J.Erikss.,db,キワタゲカワタケ
5249374,5249374,Amphinema byssoides (Pers.) J.Erikss.,gbif,キワタゲカワタケ
5249473,5249473,Sphaerobolus stellatus Tode,db,タマハジキタケ
5249473,5249473,Sphaerobolus stellatus Tode,gbif,タマハジキタケ
5249504,5249504,Cantharellus cibarius Fr.,db,アンズタケ
5249537,2554536,Cantharellus tubaeformis Fr.,gbif,ミキイロウスタケ
5249549,2554536,Cantharellus infundibuliformis (Scop.) Fr.,gbif,ミキイロウスタケ
5249564,5249564,Cantharellus minor Peck,db,ヒナアンズタケ
5249564,5249564,Cantharellus minor Peck,gbif,ヒナアンズタケ
5249571,5249571,Cantharellus omphalinoides Corner,db,コゲチャアンズタケ
5249589,8871787,Cantharellus luteocomus H.E.Bigelow,gbif,トキイロラッパタケ
5249595,5249595,"Cantharellus atrolilacinus Eyssart., Buyck & Halling",db,オトヒメアンズタケ
5249595,5249595,"Cantharellus atrolilacinus Eyssart., Buyck & Halling",gbif,オトヒメアンズタケ
5249599,5249599,Cantharellus cinnabarinus (Schwein.) Schwein.,db,ベニウスタケ
5249599,5249599,Cantharellus cinnabarinus (Schwein.) Schwein.,gbif,ベニウスタケ
5249693,5249693,Sistotrema confluens Pers.,db,ヒメハリタケモドキ
5249808,5249808,Clavulina rugosa (Bull.) J.Schröt.,db,カレエダタケモドキ
5249808,5249808,Clavulina rugosa (Bull.) J.Schröt.,gbif,カレエダタケモドキ
5249810,5249808,Clavaria rugosa Bull.,db,カレエダタケモドキ
5249810,5249808,Clavaria rugosa Bull.,gbif,カレエダタケモドキ
5249843,5249843,Clavulina amethystinoides (Peck) Corner,db,ムラサキホウキタケモドキ
5249843,5249843,Clavulina amethystinoides (Peck) Corner,gbif,ムラサキホウキタケモドキ
5249860,5249860,Clavulina cinerea (Bull.) J.Schröt.,db,ハイイロカレエダタケ
5249860,5249860,Clavulina cinerea (Bull.) J.Schröt.,gbif,ハイイロカレエダタケ
5249864,5249860,Clavaria cinerea Bull.,db,ハイイロカレエダタケ
5249864,5249860,Clavaria cinerea Bull.,gbif,ハイイロカレエダタケ
5249883,5249883,Clavulina coralloides (L.) J.Schröt.,db,カレエダタケ
5249883,5249883,Clavulina coralloides (L.) J.Schröt.,gbif,カレエダタケ
5249893,5249883,Clavulina cristata (Holmsk.) J.Schröt.,db,カレエダタケ
5249893,5249883,Clavulina cristata (Holmsk.) J.Schröt.,gbif,カレエダタケ
5249961,5249961,Punctularia strigosozonata (Schwein.) P.H.B.Talbot,db,ケシワウロコタケ
5249961,5249961,Punctularia strigosozonata (Schwein.) P.H.B.Talbot,gbif,ケシワウロコタケ
5250011,5250011,Corticium roseocarneum (Schwein.) Hjortstam,gbif,スミレウロコタケ
5250015,5250011,Corticium lilacinofuscum Berk. & M.A.Curtis,gbif,スミレウロコタケ
5250404,5250404,Mucor circinelloides Tiegh.,db,フサケカビ
5250404,5250404,Mucor circinelloides Tiegh.,gbif,フサケカビ
5250488,5250488,Mucor mucedo Fresen.,db,ケカビ
5250488,5250488,Mucor mucedo Fresen.,gbif,ケカビ
5250558,5250558,Mucor piriformis A.Fisch.,db,ナシガタケカビ
5250558,5250558,Mucor piriformis A.Fisch.,gbif,ナシガタケカビ
5250642,5250642,Thamnidium elegans Link,db,エダカビ
5250642,5250642,Thamnidium elegans Link,gbif,エダカビ
5250642,5250642,Thamnidium elegans Link,gbif,シャジクカビ
5250888,5250887,Empusa muscae Cohn,db,ハエカビ
5250888,5250887,Empusa muscae Cohn,gbif,ハエカビ
5250958,5250958,Entomophaga grylli (Fresen.) A.Batko,db,イナゴカビ
5250958,5250958,Entomophaga grylli (Fresen.) A.Batko,gbif,バッタカビ
5251109,5251109,Isaria sinclairii (Berk.) Lloyd,db,ツクツクボウシタケ
5251470,9378152,Claviceps microcephala (Wallr.) Tul.,db,バッカクキン
5251470,9378152,Claviceps microcephala (Wallr.) Tul.,gbif,クサヨシ麦角病菌
5251470,9378152,Claviceps microcephala (Wallr.) Tul.,gbif,バッカクキン
5251477,5251477,Claviceps paspali F.Stevens & J.G.Hall,gbif,スズメノヒエ類麦角病菌
5251500,9766247,Isaria atypicola Yasuda,gbif,クモタケ
5251816,5251816,Microcera coccophila Desm.,gbif,猩紅病菌
5251817,5251816,Fusarium coccophilum (Desm.) Wollenw. & Reinking,gbif,猩紅病菌
5251835,5251835,Nectria pseudotrichia Berk. & M.A.Curtis,db,アカツブタケ
5251835,5251835,Nectria pseudotrichia Berk. & M.A.Curtis,gbif,アカツブタケ
5251836,5251836,Nectria cinnabarina (Tode) Fr.,db,ベニアワツブタケ
5251836,5251836,Nectria cinnabarina (Tode) Fr.,gbif,ベニアハツブタケ
5251842,5251836,Tubercularia vulgaris Tode,db,ベニアワツブタケ
5251842,5251836,Tubercularia vulgaris Tode,gbif,ベニアハツブタケ
5252241,5252241,Hirsutella satumaensis Aoki,db,サツマカビ
5252241,5252241,Hirsutella satumaensis Aoki,gbif,サツマカビ
5252304,5252301,Ophiostoma minus (Hedgc.) Syd. & P.Syd.,db,マツノクワイカビ
5253986,5253986,Neurospora crassa Shear & B.O.Dodge,db,アカパンカビ
5253986,5253986,Neurospora crassa Shear & B.O.Dodge,gbif,アカパンカビ
5254672,5254672,Hypoxylon fragiforme (Pers.) J.Kickx f.,db,アカコブタケ
5254707,5254707,Hypoxylon howeanum Peck,gbif,ヒメアカコブタケ
5254710,5254707,Hypoxylon pulcherrimum Höhn.,gbif,ヒメアカコブタケ
5254733,5254733,Hypoxylon fuscopurpureum (Schwein.) M.A.Curtis,gbif,タイシャコブタケ
5254797,5254797,Hypoxylon fuscum (Pers.) Fr.,db,ハンノキコブタケ
5254885,5255087,Xylaria flabelliformis (Schwein.) Berk. & M.A.Curtis,db,コハマキタケ
5254885,5255087,Xylaria flabelliformis (Schwein.) Berk. & M.A.Curtis,gbif,コブリマメザヤタケ
5254927,2576422,Hypoxylon subannulatum Henn. & E.Nyman,db,ワツキザラミコブタケ
5254927,2576422,Hypoxylon subannulatum Henn. & E.Nyman,gbif,ワツキザラミコブタケ
5254951,5254951,"Whalleya microplaca (Berk. & M.A.Curtis) J.D.Rogers, Y.M.Ju & F.San Martín",db,クスノアザコブタケ
5254951,5254951,"Whalleya microplaca (Berk. & M.A.Curtis) J.D.Rogers, Y.M.Ju & F.San Martín",gbif,クスノアザコブタケ
5254952,5254951,Hypoxylon microplacum (Berk. & M.A.Curtis) J.H.Mill.,db,クスノアザコブタケ
5254952,5254951,Hypoxylon microplacum (Berk. & M.A.Curtis) J.H.Mill.,gbif,クスノアザコブタケ
5254957,5254951,Nummularia gracilenta Syd. & P.Syd.,db,クスノアザコブタケ
5254957,5254951,Nummularia gracilenta Syd. & P.Syd.,gbif,クスノアザコブタケ
5254997,2576800,Hypoxylon truncatum (Starbäck) J.H.Mill.,gbif,クロコブタケ
5255065,2577023,Hypoxylon deustum (Hoffm.) Grev.,db,オオミコブタケ
5255065,2577023,Hypoxylon deustum (Hoffm.) Grev.,gbif,オオミコブタケ
5255085,5255085,Xylaria anisopleura (Mont.) Fr.,db,ヒメツクシタケ
5255085,5255085,Xylaria anisopleura (Mont.) Fr.,gbif,ヒメツクシタケ
5255087,5255087,Xylaria cubensis (Mont.) Fr.,db,コハマキタケ
5255087,5255087,Xylaria cubensis (Mont.) Fr.,gbif,コブリマメザヤタケ
5255093,5255093,Xylaria longipes Nitschke,db,キソマメザヤタケ
5255093,5255093,Xylaria longipes Nitschke,gbif,キソメマメザヤタケ
5255121,5255121,Xylaria corniformis (Fr.) Fr.,db,トサカタケ
5255121,5255121,Xylaria corniformis (Fr.) Fr.,gbif,トサカタケ
5255124,5255124,Xylaria apiculata Cooke,db,フデタケ
5255124,5255124,Xylaria apiculata Cooke,gbif,フデタケ
5255129,5255129,Xylaria carpophila (Pers.) Fr.,db,ブナノホソツクシタケ
5255129,5255129,Xylaria carpophila (Pers.) Fr.,gbif,ブナノホソツクシタケ
5255134,5255134,Xylaria arbuscula Sacc.,db,エダウチクロサイワイタケ
5255134,5255134,Xylaria arbuscula Sacc.,gbif,エダウチクロサイワイタケ
5255147,5255147,Xylaria hypoxylon (L.) Grev.,db,カノツノタケ
5255147,5255147,Xylaria hypoxylon (L.) Grev.,gbif,カノツノタケ
5255147,5255147,Xylaria hypoxylon (L.) Grev.,gbif,クロサイワイタケ
5255151,5255151,"Xylaria liquidambaris J.D.Rogers, Y.M.Ju & F.San Martín",gbif,フウノミフデタケ
5255165,2577220,Hypoxylon sassafras (Schwein.) M.A.Curtis,db,ヒイロミコブタケ
5255165,2577220,Hypoxylon sassafras (Schwein.) M.A.Curtis,gbif,ヒイロミコブタケ
5255489,2578990,Spathularia velutipes Cooke & Farl.,db,コゲエノヘラタケ
5255489,2578990,Spathularia velutipes Cooke & Farl.,gbif,コゲエノヘラタケ
5255490,5255490,Spathularia flavida Pers.,db,ヘラタケ
5255490,5255490,Spathularia flavida Pers.,gbif,ヘラタケ
5255491,5255490,Spathularia clavata (Schaeff.) Sacc.,db,ヘラタケ
5255491,5255490,Spathularia clavata (Schaeff.) Sacc.,gbif,ヘラタケ
5255492,5255490,Spathularia flava Pers.,db,ヘラタケ
5255492,5255490,Spathularia flava Pers.,gbif,ヘラタケ
5255823,2580363,Lanzia rufocornea (Berk. & Broome) Dumont,db,ニセキンカクアカビョウタケ
5255823,2580363,Lanzia rufocornea (Berk. & Broome) Dumont,gbif,ニセキンカクアカビョウタケ
5255919,5255919,Heyderia abietis (Fr.) Link,db,マツバヒメカンムリタケ
5255919,5255919,Heyderia abietis (Fr.) Link,gbif,マツバヒメカンムリタケ
5256775,5256775,Mitrula paludosa Fr.,db,カムリタケ
5256775,5256775,Mitrula paludosa Fr.,gbif,カンムリタケ
5256777,5256775,Mitrula phalloides (Bull.) Chevall.,db,カムリタケ
5256777,5256775,Mitrula phalloides (Bull.) Chevall.,gbif,カンムリタケ
5256859,5256859,Calycina citrina (Hedw.) Gray,gbif,ビョウタケ
5256871,2584345,Coryne urnalis (Nyl.) Sacc.,db,ムラサキゴムタケ
5256871,2584345,Coryne urnalis (Nyl.) Sacc.,gbif,ムラサキゴムタケ
5256938,5256938,Chlorociboria omnivirens (Berk.) J.R.Dixon,db,ヒメロクショウグサレキン
5256938,5256938,Chlorociboria omnivirens (Berk.) J.R.Dixon,gbif,ヒメロクショウグサレキン
5256939,8618255,"Chlorociboria aeruginosa (Oeder) Seaver ex C.S.Ramamurthi, Korf & L.R.Batra",db,ロクショウグサレキン
5256939,8618255,"Chlorociboria aeruginosa (Oeder) Seaver ex C.S.Ramamurthi, Korf & L.R.Batra",gbif,ロクショウグサレキン
5258456,5258456,Tuber magnatum Picco,db,シロセイヨウショウロ
5258456,5258456,Tuber magnatum Picco,gbif,シロセイヨウショウロ
5258462,5258462,Tuber maculatum Vittad.,db,ウスチャセイヨウショウロ
5258469,5258469,Tuber aestivum Vittad.,db,アミメクロセイヨウショウロ
5258509,5258509,Gyromitra infula (Schaeff.) Quél.,db,トビイロノボリリュウ
5258510,5258510,Gyromitra esculenta Pers. ex Fr.,db,シャグマアミガサタケ
5258510,5258510,Gyromitra esculenta Pers. ex Fr.,gbif,シャグマアミガサタケ
5258671,8258955,Aleuria rhenana Fuckel,gbif,キンチャワンタケ
5258678,5258678,Aleuria aurantia (Pers.) Fuckel,db,ヒイロチャワンタケ
5258678,5258678,Aleuria aurantia (Pers.) Fuckel,gbif,ヒイロチャワンタケ
5258752,2593897,Lachnea scutellata (L.) Sacc.,db,アカジクラゲ
5258752,2593897,Lachnea scutellata (L.) Sacc.,gbif,アラゲコベニチャワンタケ
5258860,5258860,Humaria hemisphaerica (F.H.Wigg.) Fuckel,db,シロスズメノワン
5258860,5258860,Humaria hemisphaerica (F.H.Wigg.) Fuckel,gbif,シロスズメノワン
5259057,5259057,Verpa bohemica (Krombh.) J.Schröt.,db,オオズキンカブリ
5259057,5259057,Verpa bohemica (Krombh.) J.Schröt.,gbif,オオズキンカブリタケ
5259070,5259070,Verpa digitaliformis Pers.,db,アカエノズキンカブリ
5259070,5259070,Verpa digitaliformis Pers.,gbif,テンガイカブリ
5259076,2594716,Leptopodia elastica (Bull.) Boud.,db,アシボソノボリリュウ
5259114,5259114,Desmazierella acicola Lib.,db,マツバノヒゲワンタケ
5259114,5259114,Desmazierella acicola Lib.,gbif,マツバノヒゲワンタケ
5259120,5259120,Microstoma protractum (Fr.) Kanouse,gbif,コベニチャワンタケモドキ
5259127,5259127,Microstoma floccosum (Sacc.) Raitv.,db,シロキツネノサカズキ
5259127,5259127,Microstoma floccosum (Sacc.) Raitv.,gbif,シロキツネノサカズキ
5259214,12149748,Peziza succosa Berk.,gbif,キゾメチャワンタケ
5259227,12081600,Peziza badia Pers.,gbif,クリイロチャワンタケ
5259242,5259242,Peziza vesiculosa Bull.,db,オオチャワンタケ
5259249,5259249,Peziza domiciliana Cooke,db,ナヤノシロチャワンタケ
5259249,5259249,Peziza domiciliana Cooke,gbif,ナヤノシロチャワンタケ
5259253,5259253,Peziza moravecii (Svrček) Donadini,db,イバリチャワンタケ
5259265,5259265,Peziza praetervisa Bres.,db,フジイロチャワンタケモドキ
5259269,12006390,Peziza michelii (Boud.) Dennis,gbif,フジイロチャワンタケ
5259298,11986601,Peziza badioconfusa Korf,gbif,ニセクリイロチャワンタケ
5259318,5259318,Peziza arvernensis Roze & Boud.,db,モリノチャワンタケ
5259322,5259322,Peziza ammophila Durieu & Lév.,db,スナヤマチャワンタケ
5259322,5259322,Peziza ammophila Durieu & Lév.,gbif,スナヤマチャワンタケ
5259335,5259335,Peziza micropus Pers.,db,タヌキノチャワンタケ
5259475,5259475,Onygena corvina Alb. & Schwein.,db,ホネタケ
5259475,5259475,Onygena corvina Alb. & Schwein.,gbif,ホネタケ
5259748,5259748,Monascus purpureus Went,db,ベニコウジ
5259774,5259774,Trichocoma paradoxa Jungh.,db,マユハキタケ
5259798,5259798,Aspergillus awamori Nakaz.,db,アワモリコウジカビ
5259800,5259798,Aspergillus luchuensis Inui,db,アワモリコウジカビ
5259820,5259820,Aspergillus flavus Link,db,フラブスコウジカビ
5259820,5259820,Aspergillus flavus Link,gbif,フラブスコウジカビ
5259827,5259820,Aspergillus oryzae (Ahlb.) Cohn,db,フラブスコウジカビ
5259827,5259820,Aspergillus oryzae (Ahlb.) Cohn,gbif,フラブスコウジカビ
5259961,5259961,Aspergillus itaconicus Kinosh.,db,ウメズカビ
5260010,5260010,Aspergillus fumigatus Fresen.,db,アスペルギルス・フミガツス
5260010,5260010,Aspergillus fumigatus Fresen.,gbif,アスペルギルス・フミガツス
5260010,5260010,Aspergillus fumigatus Fresen.,gbif,フミガツスコウジカビ
5260119,10756417,Isaria tenuipes Peck,gbif,ウスキサナギタケ
5260119,10756417,Isaria tenuipes Peck,gbif,ハナサナギタケ
5260132,10323406,Isaria fumosorosea Wize,gbif,赤きょう病菌
5260387,5260387,Ainoa mooreana (Carroll) Lumbsch & I.Schmitt,gbif,ミネヘリトリサラゴケ
5260491,5260491,Umbilicaria muehlenbergii (Ach.) Tuck.,gbif,オオウラヒダイワタケ
5260525,5260525,Umbilicaria esculenta (Miyoshi) Minks,gbif,イワタケ
5260693,5260693,Lobaria pulmonaria (L.) Hoffm.,gbif,コナカブトゴケ
5260709,5260709,Lobaria isidiophora Yoshim.,gbif,チヂレカブトゴケ
5260949,10741650,Leptotrema inalbescens (Nyl.) Müll.Arg.,gbif,アナゴケ
5261103,5261103,Coenogonium luteum (Dicks.) Kalb & Lücking,gbif,ダイダイサラゴケ
5261176,2605384,Parmelina aurulenta (Tuck.) Hale,gbif,コナウチキウメノキゴケ
5261190,2605664,Parmelina minarum (Vain.) Skorepa,gbif,トゲウメノキゴケ
5261198,5261198,Alectoria lata (Taylor) Lindsay,gbif,ホネキノリ
5261202,7638024,Foraminella hyperopta (Ach.) S.L.F.Mey.,gbif,ゴヘイゴケモドキ
5261203,2605814,Foraminella ambigua (Hoffm.) S.L.F.Mey.,gbif,キゴヘイゴケ
5261206,5261206,Cornicularia normoerica (Gunnerus) Du Rietz,gbif,ミヤマヒジキゴケ
5261232,2606567,Alectoria bicolor (Hoffm.) Nyl.,gbif,オニノヒゲ
5261255,5261255,Pilophorus nigricaulis Sato,gbif,マルミカムリゴケ
5261328,10725608,Karschia stygia (Berk. & M.A.Curtis) Massee,gbif,クロヒメサラタケ
5261350,2608433,Sphaerophorus formosanus (Zahlbr.) Asahina,gbif,タイワンサンゴゴケ
5261353,2608441,Sphaerophorus diplotypus Vain.,gbif,ウツロサンゴゴケ
5261353,2608441,Sphaerophorus diplotypus Vain.,gbif,空珊瑚苔
5261355,2608445,Sphaerophorus compressus Ach.,gbif,ヒラサンゴゴケ
5261442,5261442,Amandinea punctata (Hoffm.) Coppins & Scheid.,gbif,ヒメスミイボゴケ
5261506,5261506,Chaenotheca brunneola (Ach.) Müll.Arg.,gbif,エダウチホソピンゴケ
5261507,5261507,Chaenotheca chrysocephala (Ach.) Th.Fr.,gbif,キンイロホソピンゴケ
5261523,5261523,Chaenotheca stemonea (Ach.) Müll.Arg.,gbif,コフキホソピンゴケ
5261527,5261527,Chaenotheca hygrophila Tibell,gbif,ヌカホソピンゴケ
5261849,2612708,Systremma natans (Tode) Theiss. & Syd.,db,クロイボタケ
5261981,5261981,Hysterium pulicare Pers.,db,クロミモジタケ
5261981,5261981,Hysterium pulicare Pers.,gbif,クロミモジタケ
5262481,5262481,Shiraia bambusicola Henn.,db,シライキン
5262481,5262481,Shiraia bambusicola Henn.,gbif,シライキン
5262796,5262796,Venturia inaequalis (Cooke) G.Winter,gbif,リンゴ黒星病
5262815,5262815,Venturia nashicola S.Tanaka & S.Yamam.,gbif,日本梨黒星病菌
5265499,5265499,Seuratia millardetii (Racib.) Meeker,db,アチキアキン
5434065,5434065,Coenogonium pineti (Ach.) Lücking & Lumbsch,gbif,コツブダイダイサラゴケ
5445651,7351381,Auricularia leucochroma Kobayasi,gbif,アラゲキクラゲ
5445654,5445654,Auricularia minor Kobayasi,db,コクロキクラゲ
5445654,5445654,Auricularia minor Kobayasi,gbif,コクロキクラゲ
5445796,5445796,Lysurus periphragmoides (Klotzsch) Dring,db,キアミズキンタケ
5445796,5445796,Lysurus periphragmoides (Klotzsch) Dring,gbif,キアミズキンタケ
5446208,8247257,"Gomphus fujisanensis (S.Imai) Parmasto, 1965",gbif,フジウスタケ
5446508,5446508,Clavulinopsis miyabeana (S.Ito) S.Ito,gbif,ベニナギナタタケ
5446959,5446508,Clavaria miyabeana S.Ito,gbif,ベニナギナタタケ
5447208,5447208,Clavaria meakanensis S.Imai,db,メアカンナギナタタケ
5447208,5447208,Clavaria meakanensis S.Imai,gbif,メアカンナギナタタケ
5447248,3317006,Anellaria semiovata (Sowerby) A.Pearson & Dennis,db,ジンガサタケ
5447248,3317006,Anellaria semiovata (Sowerby) A.Pearson & Dennis,gbif,ジンガサタケ
5447269,8068072,Mycena aurantiidisca (Murrill) Murrill,gbif,オウバイタケ
5447692,5447692,Mycena laevigata Gillet,db,センボンクヌギタケ
5447692,5447692,Mycena laevigata Gillet,gbif,センボンクヌギタケ
5447745,5447745,Mycena neoavenacea Hongo,db,フチドリクヌギタケ
5447777,5449153,Mycena hypnorum Hongo,db,サカズキガサ
5447797,5447797,Mycena subaquosa A.H.Sm.,db,シロサクラタケ
5447862,5447862,Mycena crocea Maas Geest.,db,ウスキブナノミタケ
5447862,5447862,Mycena crocea Maas Geest.,gbif,ウスキブナノミタケ
5447990,5447990,Mycena chrysanthemiformis Har.Takah.,db,キクモンクヌギタケ
5447990,5447990,Mycena chrysanthemiformis Har.Takah.,gbif,キクモンクヌギタケ
5448079,12216833,Mycena auricoma Har.Takah.,gbif,コガネハナガサ
5448216,5448216,Mycena borealis A.L.Sm.,db,ブシクヌギタケ
5448216,5448216,Mycena borealis A.L.Sm.,gbif,ブシクヌギタケ
5448302,5448302,Mycena lux-coeli Corner,db,シイノトモシビタケ
5448302,5448302,Mycena lux-coeli Corner,gbif,シイノトモシビタケ
5448675,4911815,Mycena galopoda (Pers. ex Fr.) Kummer,db,ニセチシオタケ
5448675,4911815,Mycena galopoda (Pers. ex Fr.) Kummer,gbif,ニセチシオタケ
5448731,5448731,Mycena oregonensis A.H.Sm.,db,クチバタケ
5448853,5448853,"Coprinopsis strossmayeri (Schulzer) Redhead, Vilgalys & Moncalvo",db,ホソネヒトヨタケ
5448853,5448853,"Coprinopsis strossmayeri (Schulzer) Redhead, Vilgalys & Moncalvo",gbif,ホソネヒトヨタケ
5448970,5448970,Pistillaria quercicola (S.Imai) S.Ito,db,シロヒメスリコギタケ
5449087,5449087,Hydropus nigrita (Berk. & M.A.Curtis) Singer,db,ミヤマシメジ
5449087,5449087,Hydropus nigrita (Berk. & M.A.Curtis) Singer,gbif,ミヤマシメジ
5449140,5449140,Hydropus aurarius Har.Takah.,db,キヒダサカズキタケ
5449228,5449228,Hydropus kansaiensis Clémençon & Hongo,db,ウスキサカズキガサ
5449325,12210029,Gymnopus biformis (Peck) Halling,gbif,ヤマジノカレバタケ
5449389,5449389,Gymnopus iocephalus (Berk. & M.A.Curtis) Halling,db,ニオイカレバタケ
5449389,5449389,Gymnopus iocephalus (Berk. & M.A.Curtis) Halling,gbif,ニオイカレバタケ
5449417,5449417,Gymnopus oncospermatis (Corner) Har.Takah.,db,ヤシモリノカレバタケ
5449433,5449433,Gymnopus subsulphureus (Peck) Murrill,gbif,コガネカレバタケ
5449519,5449519,Volvariella subtaylorii Hongo,gbif,コフクロタケ
5449629,5449629,Pluteus variabilicolor Babos,gbif,ヤマブキウラベニガサ
5449737,5449737,Pluteus pantherinus Courtec. & M.Uchida,db,ヒョウモンウラベニガサ
5449737,5449737,Pluteus pantherinus Courtec. & M.Uchida,gbif,ヒョウモンウラベニガサ
5449802,7446067,Pluteus brunneoradiatus Bonnard,gbif,ウラベニガサ
5449802,7446067,Pluteus brunneoradiatus Bonnard,gbif,カサスジウラベニガサ
5450418,11836325,Tricholoma foliicola Har.Takah.,gbif,コノハシメジ
5450471,5450471,Tricholoma fulvocastaneum Hongo,db,ニセマツタケ
5450471,5450471,Tricholoma fulvocastaneum Hongo,gbif,ニセマツタケ
5450587,5450587,Tricholoma muscarium Kawam. ex Hongo,db,ハエトリシメジ
5450587,5450587,Tricholoma muscarium Kawam. ex Hongo,gbif,ハエトリシメジ
5450621,5450621,Tricholoma radicans Hongo,db,シロマツタケモドキ
5450621,5450621,Tricholoma radicans Hongo,gbif,シロマツタケモドキ
5450746,5450746,Tricholoma bakamatsutake Hongo,db,バカマツタケ
5450746,5450746,Tricholoma bakamatsutake Hongo,gbif,バカマツタケ
5450841,3324883,Tricholoma auratum Gillet,gbif,キシメジ
5450952,5450952,Tricholoma aurantiipes Hongo,db,フタイロシメジ
5450952,5450952,Tricholoma aurantiipes Hongo,gbif,フタイロシメジ
5451074,5451074,Lepista graveolens (Peck) Dermek,db,ウスムラサキシメジ
5451074,5451074,Lepista graveolens (Peck) Dermek,gbif,ウスムラサキシメジ
5451670,5240264,Amanita similis Boedijn,db,オオベニタケ
5451670,5240264,Amanita similis Boedijn,gbif,オオベニタケ
5451675,5451675,Amanita perpasta Corner & Bas,db,オニテングタケ
5451675,5451675,Amanita perpasta Corner & Bas,gbif,オニテングタケ
5451675,5451675,Amanita perpasta Corner & Bas,gbif,鬼天狗茸
5451687,5451687,"Amanita sinocitrina Zhu L.Yang, Zuo H.Chen & Z.G.Zhang",gbif,キチャコタマゴテングタケ
5451697,5451697,Amanita abrupta Peck,db,タマシロオニタケ
5451697,5451697,Amanita abrupta Peck,gbif,タマシロオニタケ
5451699,5451699,"Amanita areolata T.Oda, C.Tanaka & Tsuda",db,ヒビワレテングタケ
5451703,5451703,Amanita roseolamellata A.E.Wood,db,バライロツルタケ
5451719,5451719,Amanita pseudovaginata Hongo,db,カブラツルタケ
5451719,5451719,Amanita pseudovaginata Hongo,gbif,カブラツルタケ
5451724,5451724,Amanita miculifera Bas & Hatan.,db,ハイイロテングタケ
5451724,5451724,Amanita miculifera Bas & Hatan.,gbif,ハイイロテングタケ
5451761,5451761,Amanita lutescens Hongo,db,イロガワリヘビキノコ
5451781,5451781,Amanita fuliginea Hongo,db,クロタマゴテングタケ
5451781,5451781,Amanita fuliginea Hongo,gbif,クロタマゴテングタケ
5451805,5451805,Amanita japonica Hongo ex Bas,db,ハイイロオニタケ
5451805,5451805,Amanita japonica Hongo ex Bas,gbif,ハイイロオニタケ
5451806,5451806,Amanita hongoi Bas,db,シロオニタケモドキ
5451806,5451806,Amanita hongoi Bas,gbif,シロオニタケモドキ
5451909,5451909,Amanita griseofarinosa Hongo,db,コナカブリテングタケ
5451909,5451909,Amanita griseofarinosa Hongo,gbif,コナカブリテングタケ
5451910,5451910,Amanita volvata (Peck) Lloyd,db,フクロツルタケ
5451910,5451910,Amanita volvata (Peck) Lloyd,gbif,フクロツルタケ
5451914,3328320,Amanita mappa (Batsch) Bertill.,db,クロコタマゴテングタケ
5451920,5451920,Amanita cokeri E.-J.Gilbert & Kühner ex E.-J.Gilbert,db,ササクレシロオニタケ
5451925,5451925,Amanita alboflavescens Hongo,db,キウロコテングタケ
5451925,5451925,Amanita alboflavescens Hongo,gbif,キウロコテングタケ
5451941,5451941,"Amanita oberwinklerana Zhu L.Yang & Yoshim.Doi, 1999",db,ニオイドクツルタケ
5451956,5451956,Amanita orientigemmata Zhu L.Yang & Yoshim.Doi,db,ウスキテングタケ
5451956,5451956,Amanita orientigemmata Zhu L.Yang & Yoshim.Doi,gbif,ウスキテングタケ
5451956,5451956,Amanita orientigemmata Zhu L.Yang & Yoshim.Doi,gbif,薄黄天狗茸
5452103,5452103,Amanita longistriata S.Imai,db,アカハテングタケ
5452103,5452103,Amanita longistriata S.Imai,gbif,タマゴテングタケモドキ
5452113,5452113,Amanita rubrovolvata S.Imai,db,ヒメベニテングタケ
5452113,5452113,Amanita rubrovolvata S.Imai,gbif,ヒメベニテングタケ
5452186,5452186,Amanita sepiacea S.Imai,db,テングタケモドキ
5452186,5452186,Amanita sepiacea S.Imai,gbif,テングタケモドキ
5452198,5452198,Amanita kotohiraensis Nagas. & Mitani,db,コトヒラシロテングタケ
5452201,5452201,"Amanita javanica (Corner & Bas) T.Oda, C.Tanaka & Tsuda",db,キタマゴタケ
5452208,5452208,Amanita esculenta Hongo & I.Matsuda,db,ドウシンタケ
5452208,5452208,Amanita esculenta Hongo & I.Matsuda,gbif,ドウシンタケ
5452223,5452223,Amanita flavipes S.Imai,db,コガネテングタケ
5452223,5452223,Amanita flavipes S.Imai,gbif,コガネテングタケ
5452232,5452232,Amanita spreta (Peck) Sacc.,db,ツルタケダマシ
5452232,5452232,Amanita spreta (Peck) Sacc.,gbif,ツルタケダマシ
5452233,5452233,Amanita clarisquamosa (S.Imai) S.Imai,db,シロウロコツルタケ
5452233,5452233,Amanita clarisquamosa (S.Imai) S.Imai,gbif,シロウロコツルタケ
5452245,5452245,"Amanita ibotengutake T.Oda, C.Tanaka & Tsuda",db,イボテングタケ
5452245,5452245,"Amanita ibotengutake T.Oda, C.Tanaka & Tsuda",gbif,イボテングタケ
5452249,5452249,Amanita timida Corner & Bas,db,スオウシロオニタケ
5452249,5452249,Amanita timida Corner & Bas,gbif,スオウシロオニタケ
5452257,5452257,Amanita hamadae Nagas. & Hongo,db,ヨソオイツルタケ
5452257,5452257,Amanita hamadae Nagas. & Hongo,gbif,ヨソオイツルタケ
5452277,5452277,Amanita flavofloccosa Nagas. & Hongo,db,キワタゲテングタケ
5452280,5452280,Amanita sphaerobulbosa Hongo,gbif,タマシロオニタケ
5452289,5452289,Amanita sculpta Corner & Bas,db,チャオニテングタケ
5452289,5452289,Amanita sculpta Corner & Bas,gbif,チャオニテングタケ
5452301,5452301,Amanita caesareoides Lj.N.Vassiljeva,gbif,タマゴタケ
5452307,5452307,Amanita rufoferruginea Hongo,db,カバイロコナテングタケ
5452310,5452310,Amanita pseudoporphyria Hongo,db,コテングタケモドキ
5452310,5452310,Amanita pseudoporphyria Hongo,gbif,コテングタケモドキ
5452339,5452339,Amanita rubromarginata Har.Takah.,db,フチドリタマゴタケ
5452339,5452339,Amanita rubromarginata Har.Takah.,gbif,フチドリタマゴタケ
5452383,5452383,Amanita melleiceps Hongo,db,ヒメコガネツルタケ
5452383,5452383,Amanita melleiceps Hongo,gbif,ヒメコガネツルタケ
5452385,5452385,Amanita castanopsidis Hongo,gbif,コシロオニタケ
5452386,5452386,"Amanita castanopsis Hongo, 1974",db,コシロオニタケ
5452404,5452404,Amanita avellaneosquamosa (S.Imai) S.Imai,db,アクイロウロコツルタケ
5452404,5452404,Amanita avellaneosquamosa (S.Imai) S.Imai,gbif,アクイロウロコツルタケ
5452449,5452449,Amanita virgineoides Bas,db,シロオニタケ
5452449,5452449,Amanita virgineoides Bas,gbif,シロオニタケ
5452514,5452514,"Amanita concentrica T.Oda, C.Tanaka & Tsuda",db,シロオビテングタケ
5452514,5452514,"Amanita concentrica T.Oda, C.Tanaka & Tsuda",gbif,シロオビテングタケ
5452552,5452552,Amanita pseudogemmata Hongo,db,イボコガネテングタケ
5452552,5452552,Amanita pseudogemmata Hongo,gbif,イボコガネテングタケ
5452610,5452610,Amanita gymnopus Corner & Bas,db,カブラテングタケ
5452610,5452610,Amanita gymnopus Corner & Bas,gbif,カブラテングタケ
5452620,5452620,Amanita spissacea S.Imai,db,ヘビキノコモドキ
5452620,5452620,Amanita spissacea S.Imai,gbif,ヘビキノコモドキ
5452638,5452638,Amanita neo-ovoidea Hongo,db,シロテングタケ
5452638,5452638,Amanita neo-ovoidea Hongo,gbif,シロテングタケ
5452688,5452688,"Amanita imazekii T.Oda, C.Tanaka & Tsuda",db,ミヤマタマゴタケ
5452688,5452688,"Amanita imazekii T.Oda, C.Tanaka & Tsuda",gbif,ミヤマタマゴタケ
5452700,5452700,"Amanita griseoturcosa T.Oda, C.Tanaka & Tsuda",db,アオミドリタマゴテングタケ
5452700,5452700,"Amanita griseoturcosa T.Oda, C.Tanaka & Tsuda",gbif,アオミドリタマゴテングタケ
5452712,5452712,Amanita eijii Zhu L.Yang,gbif,ササクレシロオニタケ
5452724,5452724,Limacella olivaceobrunnea Hongo,db,ムニンヌメリカラカサタケ
5452774,5452774,Limacella subglischra (S.Imai) S.Ito,db,ヌメリカラカサタケ
5453034,5453034,Crepidotus sulphurinus Imazeki & Toki,db,フジチャヒラタケ
5453034,5453034,Crepidotus sulphurinus Imazeki & Toki,gbif,フジチャヒラタケ
5453034,5453034,Crepidotus sulphurinus Imazeki & Toki,gbif,藤茶平茸
5453092,5453092,Crepidotus badiofloccosus S.Imai,db,クリゲノチャヒラタケ
5453092,5453092,Crepidotus badiofloccosus S.Imai,gbif,クリゲノチャヒラタケ
5453159,5453159,Crepidotus sepiarius Peck,db,セピアコナカブリモドキ
5453292,5453292,Crepidotus viticola S.Imai,db,キチャヒラタケ
5453385,10852503,Lycoperdon serotinum Bonord.,gbif,タヌキノチャブクロ
5453419,5453419,Lycoperdon asperum (Lév.) Speg.,db,コツブホコリタケ
5453419,5453419,Lycoperdon asperum (Lév.) Speg.,gbif,コツブホコリタケ
5453449,5453449,Lycoperdon henningsii Sacc. & P.Syd.,db,コメツブホコリタケ
5453449,5453449,Lycoperdon henningsii Sacc. & P.Syd.,gbif,コメツブホコリタケ
5453600,5453600,Lycoperdon bispinosum Yasuda,db,フタトゲホコリタケ
5453600,5453600,Lycoperdon bispinosum Yasuda,gbif,フタトゲホコリタケ
5453629,5243255,Lycoperdon constellatum Fr.,db,アラゲホコリタケ
5453629,5243255,Lycoperdon constellatum Fr.,gbif,アラゲホコリタケ
5453702,5453702,Lycoperdon umbrinoides Dissing & M.Lange,db,ネッタイツブホコリタケ
5453702,5453702,Lycoperdon umbrinoides Dissing & M.Lange,gbif,ネッタイツブホコリタケ
5453733,5453733,Lycoperdon shimousanum Kasuya & Katum.,db,シモウサアシブトホコリタケ
5453829,5453829,Lycoperdon rimulatum Peck,db,クロチャホコリタケ
5453829,5453829,Lycoperdon rimulatum Peck,gbif,クロチャホコリタケ
5453860,5453860,Tulostoma fulvellum Bres.,db,タネミケシボウズタケ
5453860,5453860,Tulostoma fulvellum Bres.,gbif,タネミケシボウズタケ
5454054,5243303,Tulostoma verrucosum Morgan,db,ウロコケシボウズタケ
5454054,5243303,Tulostoma verrucosum Morgan,gbif,ウロコケシボウズタケ
5454076,5453378,Bovistella yasudae Lloyd,db,トゲホコリタケ
5454085,5453443,Bovistella miyabei Lloyd,db,ミヤベホコリタケ
5454166,5454166,Cyathus badius Kobayasi,db,カバイロチャダイゴケ
5454166,5454166,Cyathus badius Kobayasi,gbif,カバイロチャダイゴケ
5454355,3321073,Agaricus leiophyllus Berk. & M.A.Curtis,db,ムニンシロホウライタケ
5455854,5455854,Agaricus semotellus S.Imai,db,ヒメモリノカサ
5455910,5455910,Agaricus abruptibulbus Peck,db,ウスキモリノカサ
5455910,5455910,Agaricus abruptibulbus Peck,gbif,ウスキモリノカサ
5456468,6014640,"Agaricus uber Berk. & M.A.Curtis, 1860",db,ムニンヒメチャヒラタケ
5456468,6014640,"Agaricus uber Berk. & M.A.Curtis, 1860",gbif,ムニンヒメチャヒラタケ
5456577,2528344,Agaricus perpusillus Lumn.,db,フブキタケ
5456640,5456640,Agaricus jezoensis S.Imai,db,キハラタケ
5456640,5456640,Agaricus jezoensis S.Imai,gbif,キハラタケ
5456657,3318221,"Agaricus chlorophos Berk. & M.A.Curtis, 1860",db,ヤコウタケ
5456657,3318221,"Agaricus chlorophos Berk. & M.A.Curtis, 1860",gbif,ヤコウタケ
5456685,3329360,Agaricus lividulus Berk. & M.A.Curtis,db,オガサワラヒメカタハ
5457214,5457214,Agaricus blazei Murrill,db,カワリハラタケ
5458973,5458973,Cystoderma tricholomoides Heinem. & Thoen,db,ブンゴシワカラカサタケ
5458973,5458973,Cystoderma tricholomoides Heinem. & Thoen,gbif,ブンゴシワカラカサタケ
5459005,5459005,Cystoderma neoamianthinum Hongo,db,シワカラカサモドキ
5459113,9747922,Strobilurus ohshimae (Hongo & I.Matsuda) Hongo,db,スギエダタケ
5459113,9747922,Strobilurus ohshimae (Hongo & I.Matsuda) Hongo,gbif,スギエダタケ
5459119,5459119,Oudemansiella latilamellata Mizuta,db,ヒロハツエタケ
5459176,5459176,Oudemansiella rhodophylla Mizuta,db,アカハツエタケ
5459385,5459385,Psilocybe subcaerulipes Hongo,db,アイゾメシバフタケ
5459385,5459385,Psilocybe subcaerulipes Hongo,gbif,アイゾメシバフタケ
5459521,5459521,Psilocybe venenata (S.Imai) Imazeki & Hongo,db,シビレタケ
5459523,5459385,Psilocybe argentipes K.Yokoy.,db,アイゾメシバフタケ
5459523,5459385,Psilocybe argentipes K.Yokoy.,gbif,アイゾメシバフタケ
5459622,5459622,Psilocybe fasciata Hongo,db,アイセンボンタケ
5459622,5459622,Psilocybe fasciata Hongo,gbif,アイセンボンタケ
5459758,5459758,Hymenogaster pacificus Kobayasi,db,サザレイシタケ
5459758,5459758,Hymenogaster pacificus Kobayasi,gbif,サザレイシタケ
5459826,7383377,Leptonia virescens Sacc.,db,ソライロタケ
5459826,7383377,Leptonia virescens Sacc.,gbif,ソライロタケ
5459874,2530742,Tricholoma shimeji Kawam.,db,ホンシメジ
5459874,2530742,Tricholoma shimeji Kawam.,gbif,ホンシメジ
5460369,3341074,Corticium argenteum Kobayasi,db,ケンピビョウキン
5460443,5460443,Sarcodon amarescens (Quél.) Quél.,db,ニガシシタケ
5460443,5460443,Sarcodon amarescens (Quél.) Quél.,gbif,ニガシシタケ
5460754,9697398,Melanogaster broomeianus Berk.,db,ホソミノアカダマタケ
5460834,5460834,Scleroderma radicans Lloyd,db,フトネノニセショウロ
5460834,5460834,Scleroderma radicans Lloyd,gbif,フトネノニセショウロ
5461070,2524808,Boletus astraeicola (Imazeki) Har.Takah.,gbif,タマノリイグチ
5462735,5462735,Lactarius subzonarius Hongo,db,ニオイワチチタケ
5462735,5462735,Lactarius subzonarius Hongo,gbif,ニオイワチチタケ
5462806,8240323,Lactarius subvellereus Peck,gbif,ケシロハツモドキ
5462830,5462830,Lactarius corrugis Peck,db,チリメンチチタケ
5462884,7609786,Lactarius ochrogalactus Hashiya,gbif,ヒロハチャチチタケ
5463083,7534209,Lactarius uyedae Singer,gbif,ヒメシロチチタケ
5463093,5463093,Lactarius subindigo Verbeken & E.Horak,db,ルリハツタケ
5463093,5463093,Lactarius subindigo Verbeken & E.Horak,gbif,ルリハツタケ
5463130,5463130,Lactarius glutininitens Har.Takah.,gbif,ヌメリハツ
5463146,5463146,Lactarius tottoriensis Matsuura,db,キハツダケ
5463146,5463146,Lactarius tottoriensis Matsuura,gbif,キハツダケ
5463241,5463241,Lactarius gracilis Hongo,db,アシボソチチタケ
5463241,5463241,Lactarius gracilis Hongo,gbif,アシボソチチタケ
5463260,7352098,Lactarius subpiperatus Hongo,gbif,ツチカブリモドキ
5463373,5248643,Lactarius lividus (Lambotte) Massee,db,キカラハツモドキ
5463373,5248643,Lactarius lividus (Lambotte) Massee,gbif,カラハツモドキ
5463373,5248643,Lactarius lividus (Lambotte) Massee,gbif,キカラハツモドキ
5463696,7240193,Lactarius akahatsu Nobuj.Tanaka,gbif,ハツタケ
5463746,5463746,Lactarius akanensis S.Imai,db,ウメネズチチタケ
5463786,5463786,Lactarius castanopsidis Hongo,db,ヒカゲヒメチチタケ
5463860,3361431,Onnia scaura (Lloyd) Imazeki,db,サジタケ
5464166,7542962,Favolus arcularius (Batsch) Fr.,gbif,アミスギタケ
5464312,5464312,Panus japonicus (Yasuda) Yasuda,db,アシブトカワキタケ
5465048,5465048,Microporus ochrotinctus (Berk. & M.A.Curtis) Kuntze,db,ワニスタケ
5465048,5465048,Microporus ochrotinctus (Berk. & M.A.Curtis) Kuntze,gbif,ワニスタケ
5465199,5465199,Lenzites betulinus (L.) Fr.,db,アミカイガラタケ
5465203,5465199,Lenzites furcatus Fr.,db,アミカイガラタケ
5465215,7583772,Lenzites nivea Cooke,gbif,オオミダレアミタケ
5465302,5465199,"Lenzites japonica Berk. & M.A.Curtis, 1858",db,アミカイガラタケ
5465797,7652320,"Polyporus subflavus Lév., 1846",db,アイカワラタケ
5466015,9653382,"Polyporus longiporus Audet, Boulet & Sirard",gbif,エゾアミメタケ
5466494,7652320,"Polyporus caesioglaucus Cooke, 1882",db,アイカワラタケ
5466645,7890605,Polyporus dispansus Lloyd,db,コウモリタケ
5466645,7890605,Polyporus dispansus Lloyd,gbif,コウモリタケ
5466683,2520519,Polyporus hookeri Lloyd,db,ネンドタケ
5466828,5466828,Clavulina castaneipes (G.F.Atk.) Corner,db,ケアシホウキタケ
5466828,5466828,Clavulina castaneipes (G.F.Atk.) Corner,gbif,ケアシホウキタケ
5466898,7859782,Cantharellus pallidus Yasuda,gbif,シロアンズタケ
5467006,8247257,Cantharellus fujisanensis S.Imai,gbif,フジウスタケ
5468025,5468025,Tremella boninensis (Kobayasi) S.Ito & S.Imai,db,オガサワラキンハナビラタケ
5468025,5468025,Tremella boninensis (Kobayasi) S.Ito & S.Imai,gbif,オガサワラキンハナビラタケ
5468134,5468134,Tremella pulvinalis Kobayasi,gbif,シロニカワタケ
5468185,5468185,Tremella coalescens L.S.Olive,db,ヒメキクラゲモドキ
5468193,5468193,Tremella iduensis Kobayasi,db,キイロニカワタケ
5468193,5468193,Tremella iduensis Kobayasi,gbif,キイロニカワタケ
5468295,5468295,Tremella incrustans Kobayasi,db,ツチコンニャク
5468300,11945016,Tremella brasiliensis (Möller) Lloyd,db,コガネニカワタケ
5468300,11945016,Tremella brasiliensis (Möller) Lloyd,gbif,コガネニカワタケ
5469315,5469315,Rhopalomyces strangulatus Thaxt.,db,トムライカビ
5470355,2607515,Pilophorus hallii (Tuck.) Vainio,gbif,カムリゴケ
5470391,5470391,Gymnoderma insulare Yoshim. & Sharp,gbif,ツブミゴケ
5470393,5470393,Gymnoderma coccocarpum Nyl.,gbif,オオツブミゴケ
5472739,3409003,Alectoria lactinea,gbif,フジキノリ
5473159,6017788,Rimelia reticulata (Taylor) Hale & A.Fletcher,gbif,オオマツゲゴケ
5473176,5473176,Anzia colpota Vain.,gbif,アンチゴケモドキ
5473190,5473190,Anzia hypoleucoides Müll.Arg.,gbif,セスジアンチゴケ
5473194,5473194,Anzia opuntiella Müll.Arg.,gbif,アンチゴケ
5473198,5473198,Anzia stenophylla Asah.,gbif,コアンチゴケ
5473210,5473210,Anzia ornata (Zahlbr.) Asah.,gbif,コフキアンチゴケ
5473436,3409330,Alectoria satoana Gyeln.,gbif,クリイロシダレキノリ
5473437,3409330,Cornicularia satoana (Gyeln.) Asahina,gbif,クリイロシダレキノリ
5473439,8426962,Cornicularia pseudosatoana Asahina,gbif,ニセシダレキノリ
5473446,3409361,Rimelia clavulifera (Räsänen) Kurok.,gbif,マツゲゴケ
5473449,3407639,Rimelia hawaiiensis (H.Magn.) Hale & A.Fletcher,gbif,ササクレマツゲゴケ
5474217,5474217,Coenogonium boninense Sâto,gbif,オガサワラスミレモモドキ
5474240,5474240,Coenogonium moniliforme Tuck.,gbif,ジュズスミレモモドキ
5474265,5474265,Coenogonium kawanae (H.Harada & Vĕzda) H.Harada & Lumbsch,gbif,ヒメダイダイサラゴケ
5474295,5474295,Coenogonium wrightii (Vĕzda) H.Harada & Lumbsch,gbif,ライトダイダイサラゴケ
5474305,5474305,Coenogonium subluteum (Rehm) Kalb & Lücking,gbif,ウスチャサラゴケ
5474307,5474305,Dimerella epiphylla (Müll.Arg.) Malme,gbif,ウスチャサラゴケ
5474311,3415855,Graphis intortula Stirt.,gbif,ミゾシロミモジゴケ
5474399,5474399,Fissurina inabensis (Vain.) M.Nakan. & Kashiw.,gbif,シロモジゴケ
5474399,5474399,Fissurina inabensis (Vain.) M.Nakan. & Kashiw.,gbif,スジモジゴケ
5474406,5474406,Fissurina rufula (Mont.) Staiger,gbif,ヤエヤマスジモジゴケ
5474415,5474415,Fissurina undulata (Müll.Arg.) M.Nakan. & Kashiw.,gbif,オオスジモジゴケ
5474513,3417079,Graphis iriomotensis M.Nakan.,gbif,イリオモテシロコナモジゴケ
5474563,5474563,Diorygma soozanum (Zahlbr.) M.Nakan. & Kashiw.,gbif,シロコナモジゴケ
5474694,5474399,Graphis inabensis Vain.,gbif,シロモジゴケ
5474694,5474399,Graphis inabensis Vain.,gbif,スジモジゴケ
5475250,5474469,Graphis subtropica M.Nakan.,gbif,ヤエヤマスジモジゴケモドキ
5475365,3416511,Graphis oshioi M.Nakan.,gbif,オシオモジゴケ
5475531,5474406,Graphis rufula Mont.,gbif,ヤエヤマスジモジゴケ
5476904,10902897,Sticta retigera (Bory) Ach.,gbif,チヂレカブトゴケモドキ
5477412,5477412,Lobaria spathulata (Inumaru) Yoshim.,gbif,ヘラガタカブトゴケ
5478804,5478804,Acroscyphus sphaerophoroides Lév.,gbif,カニメゴケ
5483365,5483365,Claviceps litoralis Kawat.,db,ハマニンニクバッカクキン
5483642,5483642,Hirsutella coccidiicola Kobayasi & Shimizu,db,クビオレカイガラムシタケ
5483663,5483663,Hirsutella nutans Kobayasi,db,エダウチカメムシタケ
5483737,7547866,Isaria takamizusanensis Kobayasi,gbif,スズキセミタケ
5483737,7547866,Isaria takamizusanensis Kobayasi,gbif,セミノハリセンボン
5483771,5483771,Isaria macroscyticola Kobayasi,db,ツチカメムシタケ
5483781,5483781,Isaria eristalidis Yasuda,db,ハナアブタケ
5483839,5483839,Isaria oncotympanae Kobayasi,db,ミンミンゼミタケ
5483841,5483841,Isaria nipponica Kobayasi,db,ハナアブラゼミタケ
5483931,5483931,Isaria japonica Yasuda,db,ハナサナギタケ
5486983,9397402,Hypoxylon multiforme (Fr.) Fr.,gbif,サビコブタケ
5487506,5254707,Hypoxylon howeianum Peck,gbif,ヒメアカコブタケ
5487863,5487863,Xylaria tabacina (J.Kickx f.) Berk.,db,ハマキタケ
5488535,3465658,Aspergillus phoenicis (Corda) Thom & Currie,db,クロカビ
5488535,3465658,Aspergillus phoenicis (Corda) Thom & Currie,gbif,クロカビ
5489706,5489706,Pyrenula gigas Zahlbr.,gbif,オニサネゴケ
5489878,5489878,Pyrenula shirabeicola Kurok. & S.Nakan.,gbif,シラベノサネゴケ
5495249,5495249,Phyllactinia moricola Homma,gbif,クワ裏うどんこ病菌
5495310,3483630,Sphaerotheca wrightii (Berk. & M.A.Curtis) Höhn.,gbif,カシ類紫かび病菌
5495663,5495663,"Encoelia cubensis (Berk. & M.A.Curtis) Iturr., Samuels & Korf",gbif,ヤドリツブチャワンタケ
5496021,3486354,Microglossum shiraianum Henn.,db,キツネノヤリ
5496021,3486354,Microglossum shiraianum Henn.,gbif,キツネノヤリタケ
5497495,5497495,Gyromitra discinoides (S.Imai) S.Imai,db,オオカサノボリリュウ
5497582,7761763,Chorioactis geaster (Peck) Kupfer,db,キリノミタケ
5497582,7761763,Chorioactis geaster (Peck) Kupfer,gbif,キリノミタケ
5497674,2593792,Peziza pseudobadia Cooke,db,ウズマキワンタケ
5497674,2593792,Peziza pseudobadia Cooke,gbif,ウズマキワンタケ
5497937,11986601,Peziza phyllogena Cooke,gbif,ニセクリイロチャワンタケ
5498676,7936733,Peziza insititia Berk. & M.A.Curtis,db,コップタケ
5498676,7936733,Peziza insititia Berk. & M.A.Curtis,gbif,シロコップタケ
5499365,5499365,"Tuber indicum Cooke & Massee, 1892",db,イボセイヨウショウロ
5499365,5499365,"Tuber indicum Cooke & Massee, 1892",gbif,イボセイヨウショウロ
5499367,5499367,Tuber himalayense B.C.Zhang & Minter,gbif,アジアクロセイヨウショウロ
5499413,5499413,"Tuber pseudoexcavatum Y.Wang, G.Moreno, Riousset, Manjón & G.Riousset",gbif,ウロイボセイヨウショウロ
5499531,5499531,Verpa conica (O.F.Müll.) Sw.,db,ズキンカブリ
5499531,5499531,Verpa conica (O.F.Müll.) Sw.,gbif,ズキンカブリ
5499857,5499857,Aleurina imaii (Korf) W.Y.Zhuang & Korf,gbif,オリーブサラタケ
5500423,5500423,Microstoma aggregatum Otani,db,センボンキツネノサカズキ
5500423,5500423,Microstoma aggregatum Otani,gbif,センボンキツネノサカズキ
5500431,5500431,Microstoma macrosporum (Y.Otani) Y.Harada & S.Kudo,db,シロキツネノサカズキモドキ
5500431,5500431,Microstoma macrosporum (Y.Otani) Y.Harada & S.Kudo,gbif,シロキツネノサカズキモドキ
5500438,5500438,Phillipsia straminea S.Ito & S.Imai,db,ネッタイキチャワンタケ
5500445,5500445,Phillipsia domingensis Berk.,db,ニクアツベニサラタケ
5500450,5500450,Phillipsia subpurpurea Berk. & Broome,db,ウスミベニサラタケ
5500450,5500450,Phillipsia subpurpurea Berk. & Broome,gbif,ウスミベニサラタケ
5501295,5501295,Asterina aucubae Henn.,gbif,アオキ星型すす病菌
5517018,10779965,Opegrapha anguinella (Nyl.) Ertz & Diederich,gbif,クチナワゴケ
5518359,7652320,"Coriolus neaniscus (Berk. ex Cooke) Imazeki, 1943",db,アイカワラタケ
5898240,5898240,Boletellus obscurecoccineus (Höhn.) Singer,db,ミヤマベニイグチ
5898257,5898257,Calostoma junghuhnii (Schltdl. & Müll.Berol.) Massee,db,ナンカイクチベニタケ
5898257,5898257,Calostoma junghuhnii (Schltdl. & Müll.Berol.) Massee,gbif,ナンカイクチベニタケ
5898261,5898261,Calostoma japonicum Henn.,db,クチベニタケ
5898261,5898261,Calostoma japonicum Henn.,gbif,クチベニタケ
5899112,3317043,Anellaria antillarum (Fr.) Hlaváček,db,ジンガサタケモドキ
5899112,3317043,Anellaria antillarum (Fr.) Hlaváček,gbif,ジンガサタケモドキ
5899112,3317043,Anellaria antillarum (Fr.) Hlaváček,gbif,ツヤマグソタケ
5899259,8170343,Aseroe arachnoidea E.Fisch.,gbif,イカタケ
5952898,2582331,Helotium scutula (Pers.) P.Karst.,gbif,ニセビョウタケ
5953302,5953302,Peltigera dolichorhiza (Nyl.) Nyl.,gbif,ナガネツメゴケ
5954425,12132310,Polyporus juxtarugosus Lloyd,gbif,コマタケ
5954483,2548772,Polyporus vinosus Berk.,db,ブドウタケ
5954483,2548772,Polyporus vinosus Berk.,gbif,ブドウタケ
5954508,5465199,Trametes betulina (L.) Pilát,db,アミカイガラタケ
5954595,2543487,Polyporus resinosus (Schrad.) Fr.,db,ヤニタケ
5954595,2543487,Polyporus resinosus (Schrad.) Fr.,gbif,ヤニタケ
5954640,2543387,Polyporus fibrillosus P.Karst.,db,カボチャタケ
5954640,2543387,Polyporus fibrillosus P.Karst.,gbif,カボチャタケ
5954691,5954691,Boletus reticulatus Schaeff.,db,ヤマドリタケモドキ
5954769,9366699,Kneiffiella flavipora (Berk. & M.A.Curtis ex Cooke) Zmitr. & Malysheva,gbif,アナタケ
5954811,5249353,Tremellodon gelatinosum (Scop.) Pers.,db,カバイロニカワハリタケ
5954811,5249353,Tremellodon gelatinosum (Scop.) Pers.,gbif,ニカワハリタケ
5954908,5954908,Boletus speciosus Frost,db,アカジコウ
5954908,5954908,Boletus speciosus Frost,gbif,アカジコウ
5954916,8203051,Boletus calopus Pers.,gbif,アシベニイグチ
5954956,2519413,Boletus chrysenteron Bull.,gbif,キッコウアワタケ
5954958,5954958,Boletus edulis Bull.,db,ナツヤマドリ
5954975,8140531,Boletus pulverulentus Opat.,gbif,イロガワリ
5955009,2524910,Boletus felleus Bull.,db,ニガイグチ
5955009,2524910,Boletus felleus Bull.,gbif,ニガイグチ
5955056,2552020,Polyporus montanus (Quél.) Ferry,db,ミヤマトンビマイ
5955056,2552020,Polyporus montanus (Quél.) Ferry,gbif,ミヤマトンビマイ
5955076,5955076,Neoalbatrellus yasudae (Lloyd) Audet,gbif,ヌメリアイタケ
5955077,5955077,Laeticutis cristata (Schaeff.) Audet,db,ザボンタケ
5955077,5955077,Laeticutis cristata (Schaeff.) Audet,gbif,ザボンタケ
5955124,5238997,Hypochnus fuscus P.Karst.,db,ラシャタケ
5955200,9173236,Lyophyllum cinerescens (Bull.) Konrad & Maubl.,db,ハタケシメジ
5955200,9173236,Lyophyllum cinerescens (Bull.) Konrad & Maubl.,gbif,ハタケシメジ
5955209,5955209,Porpolomopsis calyptriformis (Berk.) Bresinsky,gbif,アケボノタケ
5955260,2539731,Rhodophyllus abortivus (Berk. & M.A.Curtis) Singer,gbif,タマウラベニタケ
5955381,5955381,Chlorophyllum neomastoideum (Hongo) Vellinga,db,コカラカサタケ
5955381,5955381,Chlorophyllum neomastoideum (Hongo) Vellinga,gbif,ドクカラカサタケ
5955392,5955392,Chlorophyllum alborubescens (Hongo) Vellinga,db,イロガワリシロカラカサタケ
5955392,5955392,Chlorophyllum alborubescens (Hongo) Vellinga,gbif,イロガワリシロカラカサタケ
5955395,5955395,Chlorophyllum rhacodes (Vittad.) Vellinga,gbif,カラカサタケモドキ
6009728,3346023,Rhodophyllus staurosporus (Bres.) J.E.Lange,db,ミイノモミウラモドキ
6009728,3346023,Rhodophyllus staurosporus (Bres.) J.E.Lange,gbif,ミイノモミウラモドキ
6010394,7246461,Uncinula kusanoi Syd. & P.Syd.,gbif,エノキうどんこ病菌
6013101,6016655,Mitremyces ravenelii Berk.,db,ツチイチジク
6013101,6016655,Mitremyces ravenelii Berk.,gbif,ツチイチジクタケ
6014310,6014310,Phallus rubicundus (Bosc) Fr.,db,アカダマノオオタイマツ
6014359,3317061,Panaeolus retirugis (Fr.) Gillet,db,チョウタケ
6014359,3317061,Panaeolus retirugis (Fr.) Gillet,gbif,ワライタケ
6014640,6014640,"Crepidotus uber (Berk. & M.A.Curtis) Sacc., 1887",db,ムニンヒメチャヒラタケ
6014640,6014640,"Crepidotus uber (Berk. & M.A.Curtis) Sacc., 1887",gbif,ムニンヒメチャヒラタケ
6014641,6014641,Crepidotus malachius Sacc.,db,ヒロハチャヒラタケ
6014641,6014641,Crepidotus malachius Sacc.,gbif,ヒロハチャヒラタケ
6014677,6014677,Chlorophyllum rachodes (Vittad.) Vellinga,db,カラカサタケモドキ
6014927,7244163,Hygrophorus hypohaemactus Corner,db,ネッタイアカヌメリガサ
6015232,6015232,Leccinum subleucophaeum E.A.Dick & Snell,db,シブチャヤマイグチ
6015232,6015232,Leccinum subleucophaeum E.A.Dick & Snell,gbif,シブチャヤマイグチ
6015239,6015239,Tylopilus neofelleus Hongo,db,オリーブニガイグチ
6015239,6015239,Tylopilus neofelleus Hongo,gbif,ニガイグチモドキ
6015299,6015299,Boletus fuscopunctatus Hongo & Nagas.,db,クラヤミイグチ
6015337,3304987,Boletus parvulus (Hongo) Har.Takah.,gbif,ヒメアワタケ
6015343,9808003,Boletus auriflammeus Berk. & M.A.Curtis,gbif,ハナガサイグチ
6015520,6015520,"Boletus subvelutipes Peck, 1889",db,アメリカウラベニイロガワリ
6015622,6015622,Boletus subfuscus With.,db,ススケアワタケ
6015702,6015702,Boletus aurantiosplendens T.J.Baroni,gbif,コガネヤマドリ
6015783,5898240,Boletus obscurecoccineus Höhn.,db,ミヤマベニイグチ
6015783,5898240,Boletus obscurecoccineus Höhn.,gbif,ミヤマベニイグチ
6015783,5898240,Boletus obscurecoccineus Höhn.,gbif,深山紅猪口
6015922,6015922,Boletus generosus Har.Takah.,db,ヒイロウラベニイロガワリ
6015922,6015922,Boletus generosus Har.Takah.,gbif,ヒイロウラベニイロガワリ
6015948,2524863,Boletus emodensis Berk.,db,キクバナイグチ
6015948,2524863,Boletus emodensis Berk.,gbif,キクバナイグチ
6015983,6015983,Boletus hiratsukae Nagas.,db,ススケヤマドリタケ
6015983,6015983,Boletus hiratsukae Nagas.,gbif,ススケヤマドリタケ
6016049,6016049,Boletus sensibilis Peck,db,ミヤマイロガワリ
6016049,6016049,Boletus sensibilis Peck,gbif,ミヤマイロガワリ
6016077,6016077,Boletus rhodocarpus Uehara & Har.Takah.,db,バライロウラベニイロガワリ
6016077,6016077,Boletus rhodocarpus Uehara & Har.Takah.,gbif,バライロウラベニイロガワリ
6016097,6016097,Boletus pseudoluridus Hongo,db,アカアミアシイグチ
6016159,6016159,Boletus nigromaculatus (Hongo) Har.Takah.,db,クロアザアワタケ
6016159,6016159,Boletus nigromaculatus (Hongo) Har.Takah.,gbif,クロアザアワタケ
6016167,6016167,Boletus odaiensis Hongo,db,オオダイアシベニイグチ
6016167,6016167,Boletus odaiensis Hongo,gbif,オオダイアシベニイグチ
6016212,9663360,Boletus aokii Hongo,gbif,ヒメコウジタケ
6016287,6016287,Boletus bannaensis Har.Takah.,db,ナンヨウウラベニイグチ
6016326,9657522,Boletus venenatus Nagas.,gbif,ドクヤマドリ
6016345,6016345,Boletus subcinnamomeus Hongo,db,サザナミイグチ
6016348,5954958,Boletus bulbosus Schaeff.,db,ナツヤマドリ
6016645,6016645,Boletus violaceofuscus W.F.Chiu,db,ムラサキヤマドリタケ
6016645,6016645,Boletus violaceofuscus W.F.Chiu,gbif,ムラサキヤマドリタケ
6016655,6016655,Calostoma ravenelii (Berk.) Massee,db,ツチイチジク
6016655,6016655,Calostoma ravenelii (Berk.) Massee,gbif,ツチイチジクタケ
6016670,6016670,Stereum rimosum Berk.,db,アメウロコタケ
6016670,6016670,Stereum rimosum Berk.,gbif,アメウロコタケ
6017280,10707689,Stereocaulon arbuscula (Nyl.) Nyl.,gbif,ヒメキゴケ
6017788,6017788,Parmotrema reticulatum (Taylor) M.Choisy,gbif,オオマツゲゴケ
6017804,6017804,Cetraria odontella (Ach.) Ach.,gbif,トゲエイランタイモドキ
6017827,6017827,Menegazzia asahinae (Zahlbr) R.Sant.,gbif,フクレセンシゴケ
6018194,5260693,Sticta pulmonaria (L.) Biroli,gbif,コナカブトゴケ
6018211,6018211,Lobaria fuscotomentosa,gbif,ウラグロエビラゴケ
6018235,6018235,Nephroma squamigerum Inumaru,gbif,コモチウラミゴケ
6018883,7256242,Cordyceps superficialis (Peck) Sacc.,db,ジムシヤドリタケ
6018883,7256242,Cordyceps superficialis (Peck) Sacc.,gbif,ジムシヤドリタケ
6018885,7256241,Cordyceps purpureostromata Kobayasi,db,ムラサキクビオレタケ
6018885,7256241,Cordyceps purpureostromata Kobayasi,gbif,ムラサキクビオレタケ
6018889,3450915,Cordyceps unilateralis (Tul. & C.Tul.) Sacc.,db,クビオレアリタケ
6020764,7472637,Opegrapha varia Pers.,gbif,ムツノキゴウゴケ
6095788,6095788,Mycena alphitophora (Berk.) Sacc.,db,シロコナカブリ
6095929,7652320,"Polystictus neaniscus Berk. ex Cooke, 1886",db,アイカワラタケ
6095932,7652320,"Polystictus hirsutulus (Schwein.) Cooke, 1886",db,アイカワラタケ
6095936,7652320,"Polystictus caesioglaucus (Cooke) Cooke, 1886",db,アイカワラタケ
6124314,2530653,Hypsizigus marmoreus (Peck) Bigelow,db,ブナシメジ
6124314,2530653,Hypsizigus marmoreus (Peck) Bigelow,gbif,ブナシメジ
6124325,7610940,Rhodophyllus cyanoniger (Hongo) Hongo,db,コンイロイッポンシメジ
6124325,7610940,Rhodophyllus cyanoniger (Hongo) Hongo,gbif,コンイロイッポンシメジ
6124348,6124348,Mycena roseomarginata Hongo,db,ウスベニフチタケ
6124395,2553099,Stereum ochraceo-flavum (Schwein.) Ellis,db,ミヤマチャウロコタケ
6124408,2524108,Dictyophora indusiata (Vent.) Fisch.,db,キヌガサタケ
6324147,5260525,Gyrophora esculenta Miyoshi,gbif,イワタケ
6324714,7621208,Coriolus molliusculus (Berk.) Murrill,db,シロモンパカワラタケ
6324714,7621208,Coriolus molliusculus (Berk.) Murrill,gbif,ヤキフタケ
6324962,5465059,Coriolus nipponicus (Yasuda) R.Sasaki,db,アカギタケ
6325450,2518983,Odontia spathulata (Schrad.) Rea,db,ササクレコメバタケモドキ
6326050,5246336,Polystictus scopulosus Lloyd,gbif,ツヤウチワタケモドキ
6326111,3365612,Polystictus glabratus Lloyd,db,シロオウギタケ
6326303,3360961,Polystictus subpictus Lloyd,db,ヒメニッケイタケ
6326376,3365664,Polystictus orientalis Yasuda,db,クジラタケ
6326376,3365664,Polystictus orientalis Yasuda,gbif,クジラタケ
6326452,2520519,Polystictus pallidulus Bres.,db,ネンドタケ
6326535,5465059,Polystictus nipponicus Yasuda,db,アカギタケ
6335073,6335073,Microglossum longisporum E.J.Durand,db,ミミズタケ
6335073,6335073,Microglossum longisporum E.J.Durand,gbif,ミミズタケ
6345390,10786817,Rusavskia mandschurica (Zahlbr.) S.Y.Kondr. & Kärnefelt,gbif,アカサビゴケ
6356592,8274840,Miyoshia fusispora Kawam.,gbif,トラフタケキン
6556924,2550226,Corticium chrysocreas Berk. & M.A.Curtis,gbif,コガネネバリコウヤクタケ
6607819,6607819,Parmelia omphalodes (L.) Ach.,gbif,イワカラクサゴケ
6608075,2605831,Cetraria pinastri (Scop.) Gray,gbif,コナハイマツゴケ
6608250,2606124,Usnea torquescens Stirt.,gbif,アサヒナサルオガセ
6611492,10850077,Anaptychia japonica (M.Satô) Kurok.,gbif,クロアシゲジゲジゴケ
6755311,2599491,Debaryomyces fabryi M.Ota,db,デバリオミケス・ハンセニイ
6755311,2599491,Debaryomyces fabryi M.Ota,gbif,デバリオミケス・ハンセニイ
7082865,2607631,Cladonia delicata Flörke,gbif,ビロードハナゴケ
7083701,7862893,Cornicularia divergens Ach.,gbif,クリイロトゲキノリ
7083786,7083786,Bryoria trichodes (Michx.) Brodo & D.Hawksw.,gbif,ハリガネキノリ
7086670,7086670,Candelariella vitellina (Hoffm.) Müll.Arg.,gbif,ロウソクゴケモドキ
7180677,2542126,Polyporus schweinitzii Fr.,db,カイメンタケ
7180677,2542126,Polyporus schweinitzii Fr.,gbif,カイメンタケ
7183781,9819973,Polyporus betulinus (Bull.) Fr.,gbif,カンバタケ
7186998,7186998,Mycoblastus sanguinarioides Kantvilas,gbif,ニセクロアカゴケモドキ
7239005,7239005,Exobasidium otanianum Ezuka,db,コバノミツバツツジウラジロモチビョウキン
7239005,7239005,Exobasidium otanianum Ezuka,gbif,コバノミツバツツジウラジロモチビョウキン
7239055,7239055,Tremella samoensis Lloyd,db,キンハナビラタケ
7239055,7239055,Tremella samoensis Lloyd,gbif,キンハナビラタケ
7239940,7239940,"Stereum versicolor (Sw.) Fr., 1838",db,フジウロコタケ
7239940,7239940,"Stereum versicolor (Sw.) Fr., 1838",gbif,フジウロコタケ
7240050,7240050,Lactarius lignyotus Fr.,db,クロチチタケ
7240050,7240050,Lactarius lignyotus Fr.,gbif,クロチチタケ
7240056,2551203,Russula rosacea (Pers.) Gray,db,チシオハツ
7240100,7240100,Lactarius hygrophoroides Berk. & M.A.Curtis,db,ヒロハチチタケ
7240193,7240193,Lactarius hatsudake Nobuj.Tanaka,gbif,ハツタケ
7240220,7240220,Lactarius gerardii Peck,db,クロチチダマシ
7240248,7240248,Lactarius subplinthogalus Coker,db,ウスハダカラチチタケ
7240248,7240248,Lactarius subplinthogalus Coker,gbif,ヒロハウスズミチチタケ
7240370,2525455,Polysaccum crassipes DC.,db,コブクロタケ
7240370,2525455,Polysaccum crassipes DC.,gbif,コツブタケ
7240413,7240413,Boletus auripes Peck.,db,コガネヤマドリ
7240413,7240413,Boletus auripes Peck.,gbif,キアシヤマドリタケ
7240464,7240464,Phylloporus bellus (Massee) Corner,db,イロガワリキヒダタケ
7240464,7240464,Phylloporus bellus (Massee) Corner,gbif,キヒダタケ
7240464,7240464,Phylloporus bellus (Massee) Corner,gbif,黄襞茸
7240502,3556695,Tylopilus fumosipes (Peck) A.H.Sm. & Thiers,gbif,アイゾメクロイグチ
7240520,7240520,Boletus alutaceus Morgan,db,ニセアワタケ
7240520,7240520,Boletus alutaceus Morgan,gbif,ニセアワタケ
7240561,7240561,Austroboletus gracilis (Peck) Wolfe,db,クリカワヤシャイグチ
7240561,7240561,Austroboletus gracilis (Peck) Wolfe,gbif,クリカワヤシャイグチ
7240651,7240651,Rhizopogon superiorensis A.H.Sm.,db,アカショウロ
7240831,9072021,Polyporus sulphureus (Bull.) Fr.,db,アイカワタケ
7241207,5239534,Merulius lacrymans (Wulfen) Schumach.,db,ナミダタケ
7241252,9228008,Merulius molluscus Fr.,db,ヒメシワタケ
7241252,9228008,Merulius molluscus Fr.,gbif,ヒメシワタケ
7241345,12257826,Guepinia spathularia (Schwein.) Fr.,gbif,ツノマタタケ
7241761,9224047,Corticium cinereum Pers.,db,ハイイロカワタケ
7241810,2552673,Corticium portentosum Berk. & M.A.Curtis,db,ヤケイロコウヤクタケ
7241810,2552673,Corticium portentosum Berk. & M.A.Curtis,gbif,ヤケイロコウヤクタケ
7241861,7241861,Cantharellus lateritius (Berk.) Singer,db,アンズタケモドキ
7241861,7241861,Cantharellus lateritius (Berk.) Singer,gbif,アンズタケモドキ
7241880,7241880,Cantharellus odoratus (Schwein.) Fr.,db,シロアンズタケモドキ
7241987,7241987,Amanita pulchella S.Imai,db,ココガネテングタケ
7241999,7241999,Amanita subjunquillea S.Imai,db,アケボノドクツルタケ
7241999,7241999,Amanita subjunquillea S.Imai,gbif,タマゴタケモドキ
7242039,7242039,Amanita sinensis Zhu L.Yang,db,ハイカグラテングタケ
7242039,7242039,Amanita sinensis Zhu L.Yang,gbif,ハイカグラテングタケ
7242057,7242057,Amanita sychnopyramis Corner & Bas,db,テングタケダマシ
7242057,7242057,Amanita sychnopyramis Corner & Bas,gbif,テングタケダマシ
7242159,7242159,Tricholomopsis bambusina Hongo,db,ヤブアカゲシメジ
7242159,7242159,Tricholomopsis bambusina Hongo,gbif,ヤブアカゲシメジ
7242174,7242174,Tricholoma pardinum (Pers.) Quél.,db,ヒョウモンクロシメジ
7242174,7242174,Tricholoma pardinum (Pers.) Quél.,gbif,ヒョウモンクロシメジ
7242423,7242423,Calvatia craniiformis (Schwein.) Fr. ex De Toni,db,ノウタケ
7242423,7242423,Calvatia craniiformis (Schwein.) Fr. ex De Toni,gbif,ノウタケ
7242594,7242594,Lepiota clypeolarioides Rea,gbif,ミヤマワタカラカサタケ
7242671,5243140,Cyathus lesueurii Tul. & C.Tul.,db,ハタケチャダイゴケ
7242671,5243140,Cyathus lesueurii Tul. & C.Tul.,gbif,ハタケチャダイゴケ
7243226,3293632,Naematoloma fasciculare (Huds.) P.Karst.,db,ニガクリタケ
7243226,3293632,Naematoloma fasciculare (Huds.) P.Karst.,gbif,ニガクリタケ
7243226,3293632,Naematoloma fasciculare (Huds.) P.Karst.,gbif,苦栗茸
7243534,7243534,Mycena niveipes (Murrill) Murrill,db,ハイイロサクラタケ
7243534,7243534,Mycena niveipes (Murrill) Murrill,gbif,ハイイロサクラタケ
7243556,9105286,Mycena fibula (Bull.) Kühner,db,ヒナノヒガサ
7243556,9105286,Mycena fibula (Bull.) Kühner,gbif,ヒナノヒガサ
7243818,7243818,Crinipellis nigricaulis Har.Takah.,db,クロカミオチバタケ
7243839,7243839,Marasmius glabellus Peck,db,シワオチバタケ
7243839,7243839,Marasmius glabellus Peck,gbif,シワオチバタケ
7243914,7243914,Marasmius leveilleanus (Berk.) Sacc. & Trotter,db,シワホウライタケ
7243914,7243914,Marasmius leveilleanus (Berk.) Sacc. & Trotter,gbif,シワホウライタケ
7244052,7244052,Inocybe lanuginosa (Bull.) P.Kumm.,db,クロニセトマヤタケ
7244062,7244062,Crepidotus roseus Singer,db,バライロチャヒラタケ
7244090,2538720,Hygrophorus calophyllus P.Karst.,db,クロオウギタケ
7244090,2538720,Hygrophorus calophyllus P.Karst.,gbif,ヤギタケ
7244144,7244173,Hygrophorus olivaceoviridis Hongo,db,カワリワカクサタケ
7244173,7244173,Hygrocybe olivaceoviridis (Hongo) Hongo,db,カワリワカクサタケ
7244357,7244357,Entoloma subnitidum S.Imai,db,ムラサキイッポンシメジ
7244779,7244779,Cortinarius subarmillatus Hongo,db,ツバフウセンタケモドキ
7244839,7244839,Cortinarius subalboviolaceus Hongo,db,ウスムラサキフウセンタケ
7244839,7244839,Cortinarius subalboviolaceus Hongo,gbif,ウスムラサキフウセンタケ
7245052,5239464,Jansia borneensis (Ces.) Yoshimi,db,コイヌノエフデ
7245052,5239464,Jansia borneensis (Ces.) Yoshimi,gbif,コイヌノエフデ
7245077,7245077,Dacrymyces roseotinctus Lloyd,db,モモイロダクリオキン
7245077,7245077,Dacrymyces roseotinctus Lloyd,gbif,モモイロダクリオキン
7245703,7245703,Microglossum olivaceum (Pers.) Gillet,db,トキワシャモジタケ
7245703,7245703,Microglossum olivaceum (Pers.) Gillet,gbif,トキワシャモジタケ
7245720,8411734,"Chlorociboria aeruginascens (Nyl.) Kanouse ex C.S.Ramamurthi, Korf & L.R.Batra",db,ロクショウグサレキンモドキ
7245720,8411734,"Chlorociboria aeruginascens (Nyl.) Kanouse ex C.S.Ramamurthi, Korf & L.R.Batra",gbif,ロクショウグサレキンモドキ
7246040,7246040,Trichoglossum farlowii (Cooke) E.J.Durand,db,テングノシャモジ
7246040,7246040,Trichoglossum farlowii (Cooke) E.J.Durand,gbif,テングノシャモジ
7246404,7246517,Uncinula verniciferae Henn.,gbif,ヌルデうどんこ病菌
7246461,7246461,Erysiphe kusanoi (Syd. & P.Syd.) U.Braun & S.Takam.,gbif,エノキうどんこ病菌
7246517,7246517,Erysiphe verniciferae (Henn.) U.Braun & S.Takam.,gbif,ヌルデうどんこ病菌
7246617,10725608,Dactylospora stygia (Berk. & M.A.Curtis) Hafellner,gbif,クロヒメサラタケ
7246629,7246629,Cladonia pseudodidyma Asahina,gbif,コアカミゴケモドキ
7246650,7246650,Cladonia squamosa Hoffm.,gbif,ウロコハナゴケ
7246716,7246716,Cladonia macilenta Hoffm.,gbif,コアカミゴケ
7246752,7246752,Cladonia submitis A.Evans,gbif,シワハナゴケ
7246760,7246760,Cladonia turgida Ehrh. ex Hoffm.,gbif,ヒロハハナゴケ
7246781,7246781,Cladonia pseudogymnopoda Asah.,gbif,ホソヤグラゴケ
7246798,7246798,Cladonia subcariosa Nyl.,gbif,マキバハナゴケ
7246812,3391629,Cladonia delessertii Vain.,gbif,デレッサートゴケ
7246854,7246854,Cladonia granulans Vainio,gbif,ツブラッパゴケ
7246865,7246865,Cladonia cyanipes (Sommerf.) Nyl.,gbif,ミズイロゴケ
7246871,7246798,Cladonia polycarpoides Nyl.,gbif,マキバハナゴケ
7247033,7247033,Tephromela atra (Huds.) Hafellner,gbif,クロイボゴケ
7247041,7247041,Stereocaulon vesuvianum Pers.,gbif,ハイイロキゴケ
7247074,7247074,Stereocaulon japonicum Th.Fr.,gbif,ヤマトキゴケ
7247080,7247041,Stereocaulon denudatum Flörke,gbif,ハイイロキゴケ
7247205,7247205,Ramalina siliquosa (Huds.) A.L.Sm.,gbif,ハマカラタチゴケ
7247274,7247205,Ramalina scopulorum (Ach.) Ach.,gbif,ハマカラタチゴケ
7247503,8622852,Squamaria muralis (Schreb.) Elenkin,gbif,キクバチャシブゴケ
7247557,7493035,Alectoria sulcata (Lév.) Nyl.,gbif,バンダイキノリ
7247575,7247635,Parmelia physodes (L.) Ach.,gbif,フクロゴケ
7247582,6017788,Parmelia reticulata Taylor,gbif,オオマツゲゴケ
7247587,2605703,Cetraria hiascens (Fr.) Th.Fr.,gbif,トゲエイランタイ
7247632,7247632,Imshaugia aleurites (Ach.) S.L.F.Mey.,gbif,ゴヘイゴケ
7247635,7247635,Hypogymnia physodes (L.) Nyl.,gbif,フクロゴケ
7247642,6017804,Cornicularia odontella (Ach.) Röhl.,gbif,トゲエイランタイモドキ
7247686,7247858,Cetraria chrysantha Tuck.,gbif,コガネトコブシゴケ
7247688,7247688,Cetraria laevigata Rass.,gbif,マキバエイランタイ
7247764,7247632,Parmeliopsis aleurites (Ach.) Nyl.,gbif,ゴヘイゴケ
7247787,7862893,Coelocaulon divergens (Ach.) R.Howe,gbif,クリイロトゲキノリ
7247858,7247858,Asahinea chrysantha (Tuck.) W.L.Culb. & C.F.Culb.,gbif,コガネトコブシゴケ
7247907,7247907,Anzia japonica Müll.Arg.,gbif,サボテンアンチゴケ
7248014,3413650,Squamaria alphoplaca (Wahlenb.) Duby,gbif,ウロコクボミゴケ
7248094,7493035,Bryopogon sulcatus (Lév.) Gyeln.,gbif,バンダイキノリ
7248115,3407874,Usnea diffracta Vain.,gbif,ヨコワサルオガセ
7248153,7248153,Nephromopsis endocrocea,gbif,ウチキアワビゴケモドキ
7248267,6017827,Parmelia asahinae Yasuda,gbif,フクレセンシゴケ
7248277,2606550,Alectoria nidulifera Norrl.,gbif,コフキイバラキノリ
7248282,2606551,Alectoria nitidula (Th.Fr.) Vain.,gbif,ツヤハリガネキノリ
7248293,7862893,Alectoria divergens (Ach.) Nyl.,gbif,クリイロトゲキノリ
7248323,2605672,Parmelia ulophyllodes (Vainio) Savicz,gbif,ヒメキウメノキゴケ
7248524,3413650,Lecanora alphoplaca (Wahlenb.) Ach.,gbif,ウロコクボミゴケ
7248635,8622852,Lecanora muralis (Schreb.) Rabenh.,gbif,キクバチャシブゴケ
7248859,8622852,Lecanora saxicola (Pollich) Ach.,gbif,キクバチャシブゴケ
7249017,2600706,Umbilicaria pensylvanica Hoffm.,gbif,オオイワブスマ
7249018,7249018,Umbilicaria muhlenbergii (Ach.) Tuck.,gbif,オオウラヒダイワタケ
7249041,7249018,Actinogyra muhlenbergii (Ach.) Schol.,gbif,オオウラヒダイワタケ
7249094,7249094,"Baeomyces sanguineus Asahina, 1943",gbif,チゾメセンニンゴケ
7249709,7249709,Graphis scripta (L.) Ach.,gbif,モジゴケ
7250082,7250082,Peltigera dilacerata (Gyeln.) Gyeln.,gbif,ウスツメゴケ
7250401,7250401,Lobaria sachalinensis Asah.,gbif,カラフトカブトゴケ
7250766,7250766,Pertusaria pertusa (L.) Tuck.,gbif,フタゴウオノメゴケ
7250982,10841226,Anaptychia leucomelaena (L.) A.Massal.,gbif,イトゲジゲジゴケモドキ
7251075,2609710,Physcia picta (Sw.) Nyl.,gbif,コフキムカデゴケ
7251089,7251166,Anaptychia dissecta Kurok.,gbif,チヂレゲジゲジゴケ
7251123,10814638,Anaptychia dendritica (Pers.) Vain.,gbif,キウラゲジゲジゴケモドキ
7251130,2609327,Anaptychia heterochroa Vain.,gbif,キウラゲジゲジゴケ
7251166,7251166,Heterodermia dissecta (Kurok.) D.D.Awasthi,gbif,チヂレゲジゲジゴケ
7251207,2608947,Physcia melanchra Hue,gbif,コナロゼットチイ
7251207,2608947,Physcia melanchra Hue,gbif,ムカデコゴケ
7251209,2608948,Physcia luganensis Mereschk.,gbif,クチビルムカデコゴケ
7251321,2609967,Placodium elegans (Link) DC.,gbif,オオロウソクゴケモドキ
7251714,8613747,Calicium pusillum Ach.,gbif,フレルケピンゴケ
7256241,7256241,"Ophiocordyceps purpureostromata (Kobayasi) G.H.Sung, J.M.Sung, Hywel-Jones & Spatafora",db,ムラサキクビオレタケ
7256241,7256241,"Ophiocordyceps purpureostromata (Kobayasi) G.H.Sung, J.M.Sung, Hywel-Jones & Spatafora",gbif,ムラサキクビオレタケ
7256310,3450833,Cordyceps sobolifera (Hill ex Watson) Berk. & Broome,db,セミタケ
7256329,11996818,Cordyceps heteropoda Kobayasi,gbif,オオセミタケ
7256348,7890281,Cordyceps prolifica Kobayasi,gbif,ツブノセミタケ
7257265,7257265,Xylaria telfairii (Berk.) Sacc.,gbif,ハマキタケ
7257302,7257302,Xylaria luteostromata Lloyd,db,キマメザヤタケ
7257302,7257302,Xylaria luteostromata Lloyd,gbif,キマメザヤタケ
7258006,9128195,Peziza abietina Pers.,db,ウスベニミミタケ
7258006,9128195,Peziza abietina Pers.,gbif,ウスベニミミタケ
7342505,2523052,Corticium sulphurellum Höhn. & Litsch.,db,マルミノコツブコウヤクタケ
7342505,2523052,Corticium sulphurellum Höhn. & Litsch.,gbif,マルミノコツブコウヤクタケ
7351381,7351381,"Auricularia nigricans (Sw.) Birkebak, Looney & Sánchez-García",gbif,アラゲキクラゲ
7352098,7352098,Lactifluus subpiperatus (Hongo) Verbeken,gbif,ツチカブリモドキ
7355539,7249709,Valsa eutypa (Ach.) Nitschke,gbif,モジゴケ
7358611,7358611,"Sutorius eximius (Peck) Halling, Nuhn & Osmundson",gbif,ウラグロニガイグチ
7358989,2560568,Cordyceps entomorrhiza (Dicks.) Link,db,オサムシタンポタケ
7358989,2560568,Cordyceps entomorrhiza (Dicks.) Link,gbif,オサムシタケ
7358989,2560568,Cordyceps entomorrhiza (Dicks.) Link,gbif,オサムシタンポタケ
7361346,7361346,Favolus acervatus (Lloyd) Sotome & T.Hatt.,gbif,スジウチワタケモドキ
7365370,7365370,Polyporus squamosus Huds.,db,アミヒラタケ
7369049,3345400,Hygrocybe psittacina (Schaeff.) Wünsche,gbif,ワカクサタケ
7377928,3372705,Septobasidium prunophilum Couch,db,サクラノモンパキン
7378018,2540997,Fomes ulmarius (Sowerby) Gillet,db,オオシロサルノコシカケ
7378018,2540997,Fomes ulmarius (Sowerby) Gillet,gbif,ニレサルノコシカケ
7378157,2520096,Coltricia pusilla Imazeki & Kobayasi,db,ヒメオツネンタケ
7378157,2520096,Coltricia pusilla Imazeki & Kobayasi,gbif,ヒメオツネンタケ
7379140,7379140,Cortinarius praestans (Cordier) Gillet,db,ムレオオフウセンタケ
7383377,7383377,Entoloma virescens (Sacc.) E.Horak ex Courtec.,db,ソライロタケ
7383377,7383377,Entoloma virescens (Sacc.) E.Horak ex Courtec.,gbif,ソライロタケ
7384408,2550226,"Phlebia chrysocrea (Berk. & M.A.Curtis) Burds., 1975",gbif,コガネネバリコウヤクタケ
7386695,7386695,"Cuphophyllus aurantius (Murrill) Lodge, K.W.Hughes & Lickey",gbif,ヒメダイダイタケ
7390219,7390219,Lyophyllum semitale (Fr.) Kühner,db,スミゾメシメジ
7390958,7390958,Crinipellis rhizomorphica Har.Takah.,db,ミドリニセホウライタケ
7391760,7391760,Conocybe tenera (Schaeff.) Kühner,db,コガサタケ
7393200,7393200,Phaeoclavulina cyanocephala (Berk. & M.A.Curtis) Giachini,gbif,トビイロホウキタケ
7405092,7405092,Lactifluus glaucescens (Crossl.) Verbeken,gbif,アオゾメツチカブリ
7411551,3361544,Hydnum helvolum Zipp. ex Lév.,db,オウギハリタケ
7413483,5241128,Schizophyllum alneum (L.) J.Schröt.,db,スエヒロタケ
7413483,5241128,Schizophyllum alneum (L.) J.Schröt.,gbif,スエヒロタケ
7414184,7414184,Lichenomphalia meridionalis (Contu & La Rocca) P.-A.Moreau & Courtec.,gbif,アオツブヒナチャガサ
7415330,2530926,Laccaria laccata (Scop.) Berk. & Broome,db,キツネタケ
7417309,2533674,Gymnopilus spectabilis (Weinm.) A.H.Sm.,gbif,オオワライタケ
7418808,3314978,Phallus costatus (Penz.) Lloyd,db,キイロスッポンタケ
7418808,3314978,Phallus costatus (Penz.) Lloyd,gbif,アミガサスッポンタケ
7418808,3314978,Phallus costatus (Penz.) Lloyd,gbif,キイロスッポンタケ
7422117,7422117,Entoloma bisporum (Hongo) Hongo,db,フタツミウラベニタケ
7423668,8084755,Marasmius aucubae Neda,gbif,アオキオチバタケ
7425692,2541673,Boletus reticulatus (Hoffm.) Pers.,db,アミメアナタケ
7425692,2541673,Boletus reticulatus (Hoffm.) Pers.,gbif,アミメアナタケ
7425989,5240973,Crepidotus herbarum Sacc.,db,コナカブリモドキ
7430109,5265731,Woroninella minuta (Pat.) P.Syd. & Syd.,gbif,クズ赤渋病菌
7430772,7430772,Rugiboletus extremiorientalis (Lj.N.Vassiljeva) G.Wu & Zhu L.Yang,gbif,アカヤマドリ
7433770,7433770,Entoloma chamaecyparidis (Hongo) Hongo,db,ヒメシロウラベニタケ
7437070,10691289,Limacella illinita (Fr.) Murrill,gbif,シロヌメリカラカサタケ
7440012,7440012,Saccharomyces cerevisiae (Desm.) Meyen,db,サッカロミケス・セレビシアエ
7440012,7440012,Saccharomyces cerevisiae (Desm.) Meyen,gbif,コウボキン
7440012,7440012,Saccharomyces cerevisiae (Desm.) Meyen,gbif,サッカロミケス・セレビシアエ
7440012,7440012,Saccharomyces cerevisiae (Desm.) Meyen,gbif,出芽酵母
7441914,7242423,Calvatia craniiformis (Schw.) Fr.,db,ノウタケ
7441914,7242423,Calvatia craniiformis (Schw.) Fr.,gbif,ノウタケ
7444343,8156721,Sarcoscypha coccinea (Gray) Boud.,db,アカチャワンタケ
7444438,7444438,Laetiporus cremeiporus Y.Ota & T.Hatt.,gbif,マスタケ
7446067,7446067,Pluteus cervinus (Schaeff.) P.Kumm.,gbif,ウラベニガサ
7446067,7446067,Pluteus cervinus (Schaeff.) P.Kumm.,gbif,カサスジウラベニガサ
7455687,7455687,"Tolypocladium capitatum (Holmsk.) C.A.Quandt, Kepler & Spatafora",gbif,タンポタケ
7462154,7462154,Perennicordyceps cuboidea (Kobayasi & Shimizu) Matočec & I.Kušan,gbif,クチキムシツブタケ
7467412,2520519,Polyporus subradiatus Bres.,db,ネンドタケ
7472176,8033586,Torrubiella minutissima Kobayasi & Shimizu,db,コゴメクモタケ
7472176,8033586,Torrubiella minutissima Kobayasi & Shimizu,gbif,コゴメクモタケ
7476637,7476637,Cortinarius collinitus (Sowerby) Gray,db,ツバアブラシメジ
7486196,7486196,Ramaria botrytis (Pers.) Bourdot,db,ネズミタケ
7493035,7493035,Sulcaria sulcata (Lév.) Bystrek ex Brodo & D.Hawksw.,gbif,バンダイキノリ
7493435,5244016,"Arrhenia oniscus (Fr.) Redhead, Lutzoni, Moncalvo & Vilgalys",db,チャサカズキタケ
7496350,7496350,Amanita rubescens Pers.,db,イロガワリテングタケ
7499421,5248035,Polyporus volvatus Peck,db,ヒトクチタケ
7499421,5248035,Polyporus volvatus Peck,gbif,ヒトクチタケ
7502297,2513218,Exobasidium bisporum Sawada,db,ハナヒリヒラモチビョウキン
7502297,2513218,Exobasidium bisporum Sawada,gbif,ハナヒリヒラモチビョウキン
7502353,2535839,Leucocoprinus bresadolae (Schulzer) M.M.Moser,db,アメリカカラカサタケ
7507528,7507528,"Erioscyphella abnormis (Mont.) Baral, Šandová & B.Perić",gbif,ユガミヒナノチャワンタケ
7517664,7517664,Calocybe musashiensis (Hongo) Hongo,gbif,バライロシメジ
7518131,7518131,Polyporus umbellatus Pers.,db,チョレイ
7519752,5244508,Clavaria striata Pers.,db,サヤナギナタタケ
7519986,7519986,"Phaeophyscia rubropulchra (Degel.) Moberg, 1978",gbif,コナアカハラムカデゴケ
7519986,7519986,"Phaeophyscia rubropulchra (Degel.) Moberg, 1978",gbif,コナアカムカデゴケ
7520891,7520891,Psathyrella turcosomarginata Hoashi,db,カワセミイタチタケ
7521503,7521503,Amanita cheelii P.M.Kirk,gbif,オオツルタケ
7521663,7521663,Tremella candida Pers.,db,シロキクラゲモドキ
7525601,7623986,Boletus bovinus Fr.,db,アミタケ
7529859,2543770,Steccherinum adustum (Schwein.) Banker,db,チャウラハリタケ
7529859,2543770,Steccherinum adustum (Schwein.) Banker,gbif,チャウラハリタケ
7530876,7530876,"Leucocybe candicans (Pers.) Vizzini, P.Alvarado, G.Moreno & Consiglio",gbif,シロヒメカヤタケ
7531434,7531434,Russula sororia (Fr.) Romell,db,キチャハツ
7532385,7532385,Leccinum intusrubens (Corner) Høil.,db,イロガワリヤマイグチ
7540151,2522896,Thelephora palmata Pers.,db,トサカイボタケ
7541771,3346727,Entoloma crassipes Imazeki & Toki,db,ウラベニホテイシメジ
7541771,3346727,Entoloma crassipes Imazeki & Toki,gbif,ウラベニホテイシメジ
7542962,7542962,Lentinus arcularius (Batsch) Zmitr.,gbif,アミスギタケ
7543633,7543633,"Trichoderma citrinum (Pers.) Jaklitsch, W.Gams & Voglmayr",gbif,キボタンタケ
7544722,5249188,Lenzites trabeus (Pers.) Fr.,db,キチリメンタケ
7544722,5249188,Lenzites trabeus (Pers.) Fr.,gbif,キチリメンタケ
7547277,7547277,Phaeoclavulina abietina (Pers.) Giachini,gbif,モエギホウキタケ
7547866,7547866,"Purpureocillium takamizusanense (Kobayasi) S.Ban, Azuma & Hiroki Sato",gbif,スズキセミタケ
7547866,7547866,"Purpureocillium takamizusanense (Kobayasi) S.Ban, Azuma & Hiroki Sato",gbif,セミノハリセンボン
7549207,4911751,Mycena citrinella (Pers.) Quél.,db,ナメアシタケ
7549831,8191641,Agrocybe erebia (Fr.) Kühner,gbif,ツチナメコ
7550560,7550560,Tylopilus alkalixanthus Halling & Amtoft,db,ウスキニガイグチ
7550560,7550560,Tylopilus alkalixanthus Halling & Amtoft,gbif,ウスキニガイグチ
7553817,2520519,Polyporus illiciicola Henn.,db,ネンドタケ
7555808,2544188,Irpex tulipiferae (Schwein.) Schwein.,db,ウスバアナタケ
7555808,2544188,Irpex tulipiferae (Schwein.) Schwein.,gbif,ウスバタケ
7558728,2522991,Cantharellus multiplex Underw.,db,カラスタケ
7558728,2522991,Cantharellus multiplex Underw.,gbif,カラスタケ
7559462,7559462,Psilocybe capitulata Har.Takah.,db,ナンヨウシビレタケ
7559973,8912808,Daedalea albida Fr.,db,アセアミタケ
7562246,7562246,Phellodon fuligineoalbus (J.C.Schmidt) R.E.Baird,gbif,マツバハリタケ
7567077,7567077,Cordyceps militaris (L.) Fr.,db,キサナギタケ
7567077,7567077,Cordyceps militaris (L.) Fr.,gbif,サナギタケ
7567077,7567077,Cordyceps militaris (L.) Fr.,gbif,蛹茸
7572074,7572074,Aureoboletus mirabilis (Murrill) Halling,gbif,オオキノボリイグチ
7577590,7577590,Tremella mesenterica Retz.,db,コガネニカワタケ
7579484,7579484,"Ophiocordyceps sessilis Kaitsu, Uchiy. & Kinjo",gbif,ツブガタアリタケ
7583772,7583772,"Trametes vespacea (Pers.) Zmitr., Wasser & Ezhov",gbif,オオミダレアミタケ
7584614,7584614,Heliogaster columellifer (Kobayasi) Orihara & K.Iwase,db,ジャガイモタケ
7584614,7584614,Heliogaster columellifer (Kobayasi) Orihara & K.Iwase,gbif,ジャガイモタケ
7590178,7590178,"Volvopluteus earlei (Murrill) Vizzini, Contu & Justo",db,ヒメシロフクロタケ
7590178,7590178,"Volvopluteus earlei (Murrill) Vizzini, Contu & Justo",gbif,ヒメシロフクロタケ
7590943,12092733,Gymnopus peronatus (Bolton) Gray,gbif,ワサビカレバタケ
7595416,7595416,Lepiota cinnamomea Hongo,db,チャキツネノカラカサ
7596307,7596307,Suillus spraguei (Berk. & M.A.Curtis) Kuntze,gbif,ベニハナイグチ
7600389,5243386,Agaricus purpurellus F.H.Møller,gbif,コムラサキモリノカサ
7609670,3346023,Entoloma staurosporum (Bres.) E.Horak,db,ミイノモミウラモドキ
7609670,3346023,Entoloma staurosporum (Bres.) E.Horak,gbif,ミイノモミウラモドキ
7609786,7609786,Lactifluus ochrogalactus (Hashiya) X.H.Wang,gbif,ヒロハチャチチタケ
7610113,2554340,Geaster rufescens Pers.,db,ヤブレツチグリ
7610113,2554340,Geaster rufescens Pers.,gbif,ヤブレツチグリ
7610940,7610940,Entoloma cyanonigrum (Hongo) Hongo,db,コンイロイッポンシメジ
7610940,7610940,Entoloma cyanonigrum (Hongo) Hongo,gbif,コンイロイッポンシメジ
7615800,7615800,Scleroderma nitidum Berk.,db,エツキニセショウロ
7615800,7615800,Scleroderma nitidum Berk.,gbif,エツキニセショウロ
7616172,7616172,Hygrocybe cuspidata (Peck) Murrill,db,トガリベニヤマタケ
7616172,7616172,Hygrocybe cuspidata (Peck) Murrill,gbif,トガリベニヤマタケ
7621208,7621208,Trametes pubescens (Schumach.) Pilát,db,シロモンパカワラタケ
7621208,7621208,Trametes pubescens (Schumach.) Pilát,gbif,ヤキフタケ
7622559,7622559,Entoloma atrum (Hongo) Hongo,db,コキイロウラベニタケ
7623986,7623986,Suillus bovinus (L.) Roussel,db,アミタケ
7626834,5450587,Tricholoma muscarium Kawam.,db,ハエトリシメジ
7626834,5450587,Tricholoma muscarium Kawam.,gbif,ハエトリシメジ
7627855,7627855,Mycena roseocandida (Peck) Sacc.,db,ヒメサクラタケ
7631694,7832732,Xerocomus badius (Fr.) E.-J.Gilbert,gbif,ニセイロガワリ
7638024,7638024,Parmeliopsis hyperopta (Ach.) Vain.,gbif,ゴヘイゴケモドキ
7641695,7641695,Pluteus phlebophorus (Ditmar) P.Kumm.,db,コシワベニヒダタケ
7641695,7641695,Pluteus phlebophorus (Ditmar) P.Kumm.,gbif,コシワベニヒダタケ
7642379,7642379,Lycoperdon purpurascens Berk. & M.A.Curtis,db,クロゲチャブクロ
7642379,7642379,Lycoperdon purpurascens Berk. & M.A.Curtis,gbif,クロゲチャブクロタケ
7643901,7643901,Urnula craterium (Schwein.) Fr.,db,エツキクロコップタケ
7643901,7643901,Urnula craterium (Schwein.) Fr.,gbif,エツキクロコップタケ
7646591,7646591,"Tolypocladium ophioglossoides (J.F.Gmel.) C.A.Quandt, Kepler & Spatafora",gbif,ハナヤスリタケ
7648745,7648745,Conocybe intermedia Kühner,db,ミヤマイチメガサ
7652320,7652320,Trametes versicolor (L.) Pilát,db,アイカワラタケ
7654757,7654757,Entoloma vernalis (Har.Takah. & Degawa) V.Papp & Dima,gbif,ハルノウラベニタケ
7656619,11782580,Coprinopsis patouillardii (Quél.) Gminder,gbif,クズヒトヨタケ
7657232,7657232,Inocybe sericella Takah.Kobay. & S.Onishi,gbif,セイタカトマヤタケ
7663476,9145383,Stereum spadiceum Fr.,db,オリーブウロコタケ
7663476,9145383,Stereum spadiceum Fr.,gbif,オリーブウロコタケ
7670765,7670765,Polyporus varius Pers.,db,キアシグロタケ
7671574,2550247,"Sparassis ramosa (Schaeff.) J.Schröt., 1897",db,ハナビラタケ
7671574,2550247,"Sparassis ramosa (Schaeff.) J.Schröt., 1897",gbif,ハナビラタケ
7678407,7678407,Scleroderma yunnanense Y.Wang,gbif,シラガニセショウロ
7681471,7539603,Hypocrea alutaceum (Pers.) Tul.,gbif,ツノタケ
7686337,7686337,Homophron spadiceum (P.Kumm.) Örstadius & E.Larss.,gbif,タカネイタチタケ
7687734,2551823,Polyporus ovinus Schaeff.,db,ニンギョウタケモドキ
7687734,2551823,Polyporus ovinus Schaeff.,gbif,ニンギョウタケモドキ
7693097,7693097,Tapinella atrotomentosa (Batsch) Šutara,db,ニワタケ
7693097,7693097,Tapinella atrotomentosa (Batsch) Šutara,gbif,ニワタケ
7699168,7699168,Pisolithus tinctorius (Mont.) E.Fisch.,db,コツブタケ
7700531,5249353,Tremellodon gelatinosus (Scop.) Fr.,db,カバイロニカワハリタケ
7700531,5249353,Tremellodon gelatinosus (Scop.) Fr.,gbif,ニカワハリタケ
7711052,5249188,Trametes trabea G.H.Otth,db,キチリメンタケ
7711052,5249188,Trametes trabea G.H.Otth,gbif,キチリメンタケ
7718063,7718063,Phylloporus cyanescens (Corner) M.A.Neves & Halling,db,イロガワリキヒダタケ
7718063,7718063,Phylloporus cyanescens (Corner) M.A.Neves & Halling,gbif,イロガワリキヒダタケ
7722705,2522137,Hydnum delicatum Schwein.,db,クサハリタケ
7722705,2522137,Hydnum delicatum Schwein.,gbif,クサハリタケ
7722705,2522137,Hydnum delicatum Schwein.,gbif,クリハリタケ
7722705,2522137,Hydnum delicatum Schwein.,gbif,チャボハリタケ
7723011,7723011,Entoloma kansaiense (Hongo) Noordel. & Co-David,db,キヒダイッポンシメジ
7723011,7723011,Entoloma kansaiense (Hongo) Noordel. & Co-David,gbif,キヒダイッポンシメジ
7726181,2552010,Heterobasidion insularis (Murrill) Ryvarden,db,レンガタケ
7726394,7726394,Inocybe fuscidula Velen.,db,セイヨウトマヤタケ
7729510,7729510,Cortinarius sanguineus (Wulfen) Gray,db,アカタケ
7729510,7729510,Cortinarius sanguineus (Wulfen) Gray,gbif,アカタケ
7732250,2584345,Coryne cylichnium (Tul.) Sacc.,db,ムラサキゴムタケ
7732250,2584345,Coryne cylichnium (Tul.) Sacc.,gbif,ムラサキゴムタケ
7733575,7733575,Calvatia nipponica Kawam. ex Kasuya & Katum.,db,オニフスベ
7733575,7733575,Calvatia nipponica Kawam. ex Kasuya & Katum.,gbif,オニフスベ
7747956,7747956,Hygrophorus russula (Schaeff.) Quél.,db,サクラシメジ
7748731,2537743,Armillaria edodes (Berk.) Sacc.,db,シイタケ
7748731,2537743,Armillaria edodes (Berk.) Sacc.,gbif,シイタケ
7748731,2537743,Armillaria edodes (Berk.) Sacc.,gbif,椎茸
7761763,7761763,Chorioactis geaster (Peck) Kupfer ex Eckblad,db,キリノミタケ
7761763,7761763,Chorioactis geaster (Peck) Kupfer ex Eckblad,gbif,キリノミタケ
7761837,7761837,Aseroe coccinea Imazeki & Yoshimi ex Kasuya,db,アカヒトデタケ
7764101,10879894,Tuckermannopsis ulophylloides (Asahina) M.J.Lai,gbif,オオスルメゴケ
7764194,7249709,Graphis serpentina (Ach.) Ach.,gbif,モジゴケ
7765582,7765582,Amanita fulva Fr.,db,カバイロツルタケ
7773166,9741450,Suillus viscidipes Hongo,gbif,ヒメヌメリイグチ
7773712,8943586,Lasiobolus ciliatus (J.C.Schmidt) Boud.,db,ハリケシロヒメフンタケ
7775046,7729510,Dermocybe sanguinea (Wulfen) Wünsche,db,アカタケ
7775046,7729510,Dermocybe sanguinea (Wulfen) Wünsche,gbif,アカタケ
7777157,7777157,Suillus luteus (L.) Roussel,db,ヌメリイグチ
7778338,7778338,"Tolypocladium japonicum (Lloyd) C.A.Quandt, Kepler & Spatafora",gbif,タンポタケモドキ
7780656,7385325,Corticium alutaceum Pers.,db,キコナコメバタケ
7780876,7780876,Inocybe nitidiuscula (Britzelm.) Lapl.,db,ウスツヤトマヤタケ
7781734,8892548,"Amyloporia sinuosa (Fr.) Rajchenb., Gorjón & Pildain",db,ワタグサレキン
7787831,7787831,Buchwaldoboletus pseudolignicola (Neda) Both & B.Ortiz,gbif,ザイモクイグチ
7789985,8028942,Dermocybe cinnamomea (L.) Wünsche,db,ササタケ
7800264,2544114,"Hydnum rufescens (Pers.) Poir., 1808",db,ニクウチワタケ
7800264,2544114,"Hydnum rufescens (Pers.) Poir., 1808",gbif,ニクウチワタケ
7800386,7800386,Cladonia ochrochlora Flörke,gbif,キツネゴケ
7801481,5240213,Amanita inaurata Secr. ex Gillet,db,テングツルタケ
7801481,5240213,Amanita inaurata Secr. ex Gillet,gbif,テングツルタケ
7803533,7803533,Tylopilus balloui (Peck) Singer,gbif,キニガイグチ
7813884,2549834,Fomes applanatus (Pers.) Fr.,db,コフキサルノコシカケ
7813884,2549834,Fomes applanatus (Pers.) Fr.,gbif,コフキサルノコシカケ
7816088,7816088,"Perennicordyceps paracuboidea (S.Ban, Sakane & Nakagiri) Matočec & I.Kušan",gbif,クチキアワノミタケ
7819032,7819032,Xylobolus frustulatus (Pers.) P.Karst.,db,カタウロコタケ
7821542,2593897,Lachnea scutellata (L.) Gillet,db,アカジクラゲ
7821542,2593897,Lachnea scutellata (L.) Gillet,gbif,アラゲコベニチャワンタケ
7825358,7825358,"Atheniella adonis (Bull.) Redhead, Moncalvo, Vilgalys, Desjardin & B.A.Perry",gbif,コウバイタケ
7828039,7828039,Polyporus brumalis Pers.,db,オツネンタケモドキ
7828413,7828413,"Boletus kermesinus Har.Takah., Taneyama & A.Koyama",db,アカネアミアシイグチ
7830030,7830030,Pleurotus cornucopiae (Paulet) Quél.,db,タモギタケ
7832732,7832732,Imleria badia (Fr.) Vizzini,gbif,ニセイロガワリ
7838425,7838425,Lentinus brumalis (Pers.) Zmitr.,gbif,オツネンタケモドキ
7841703,7841703,Inocybe napiformis Takah.Kobay.,db,キュウコントマヤタケ
7842636,7842636,Entoloma pulchellum (Hongo) Hongo,db,シバフウラベニタケ
7844383,7844383,Porodisculus pendulus (Fr.) Murrill,db,ヌルデタケ
7844383,7844383,Porodisculus pendulus (Fr.) Murrill,gbif,ヌルデタケ
7844497,7844497,Cortinarius alboviolaceus (Pers.) Zawadzki,db,ウスフジフウセンタケ
7846832,5239982,Scleroderma aurantium,db,アワダンゴ
7846832,5239982,Scleroderma aurantium,gbif,ニセショウロ
7853070,9400640,Polyporus picipes Rostk.,gbif,キアシグロタケ
7853759,7853759,Tuber magnatum Pico,db,シロセイヨウショウロ
7856496,2512861,Guepinia peziza Tul.,db,タテガタツノマタタケ
7856496,2512861,Guepinia peziza Tul.,gbif,タテガタツノマタタケ
7859782,7859782,Gloeocantharellus pallidus (Yasuda) Giachini,gbif,シロアンズタケ
7862893,7862893,Bryocaulon divergens (Ach.) Kärnefelt,gbif,クリイロトゲキノリ
7864686,5240306,Amanita vaginata (Bull. ex Fr.) Vittad.,db,シロツルタケ
7865386,7865386,Neofavolus alveolaris (DC.) Sotome & T.Hatt.,gbif,ハチノスタケ
7869798,2539308,Rhodophyllus sinuatus (Bull.) Singer,db,イッポンシメジ
7869798,2539308,Rhodophyllus sinuatus (Bull.) Singer,gbif,イッポンシメジ
7869798,2539308,Rhodophyllus sinuatus (Bull.) Singer,gbif,ニセシメジ
7870024,3291628,Exidia japonica Yasuda,db,ツブキクラゲ
7870024,3291628,Exidia japonica Yasuda,gbif,ツブキクラゲ
7873322,7562246,Bankera fuligineoalba (J.C.Schmidt) Coker & Beers,gbif,マツバハリタケ
7889985,7889985,Gomphidius roseus (Fr.) Oudem.,db,オウギタケ
7890281,7890281,Perennicordyceps prolifica (Kobayasi) Matočec & I.Kušan,gbif,ツブノセミタケ
7890605,7890605,Polypus dispansus (Lloyd) Audet,db,コウモリタケ
7890605,7890605,Polypus dispansus (Lloyd) Audet,gbif,コウモリタケ
7898018,7898018,Phlebiopsis crassa (Lév.) Floudas & Hibbett,gbif,カミウロコタケ
7898828,7898828,Stropharia rugosoannulata Farlow,db,キサケツバタケ
7904865,2595014,Peziza clypeata Schwein.,db,カバイロチャワンタケ
7904865,2595014,Peziza clypeata Schwein.,gbif,カバイロチャワンタケ
7905123,7905123,Russula aurora Krombh.,db,バライロハツ
7911622,7911622,Octaviania asahimontana Orihara,gbif,アサヒホシミノタマタケ
7922545,2554367,Geaster triplex Jungh.,db,エリマキツチグリ
7922545,2554367,Geaster triplex Jungh.,gbif,エリマキツチグリ
7922611,9173236,Lyophyllum aggregatum (Schaeff.) Kühner,db,ハタケシメジ
7922611,9173236,Lyophyllum aggregatum (Schaeff.) Kühner,gbif,ハタケシメジ
7923831,2531310,Tricholosporum porphyrophyllum (S.Imai) Guzmán,db,イヌムラサキシメジ
7923831,2531310,Tricholosporum porphyrophyllum (S.Imai) Guzmán,gbif,ウラムラサキシメジ
7925734,7925734,Lactarius deterrimus Gröger,gbif,アカハツモドキ
7930134,7930134,Hypomyces aurantius (Pers.) Fuckel,gbif,カワラタケキセイキン
7932906,7932906,"Trichaleurina tenuispora M.Carbone, Yei Z.Wang & Cheng L.Huang",gbif,オオゴムタケ
7934096,9657522,Neoboletus venenatus (Nagas.) G.Wu & Zhu L.Yang,gbif,ドクヤマドリ
7935605,7935605,"Heterobasidion orientale Tokuda, T.Hatt. & Y.C.Dai",gbif,レンガタケ
7936733,7936733,Cookeina insititia (Berk. & M.A.Curtis) Kuntze,db,コップタケ
7936733,7936733,Cookeina insititia (Berk. & M.A.Curtis) Kuntze,gbif,シロコップタケ
7942009,2547798,Gloeoporus amorphus (Fr.) Clém. & Shear,db,ウラベニタケ
7942009,2547798,Gloeoporus amorphus (Fr.) Clém. & Shear,gbif,ウラベニタケ
7942814,2549130,Poria medulla-panis (Jacq.) Cooke,db,ウスキアナタケ
7942814,2549130,Poria medulla-panis (Jacq.) Cooke,gbif,ウスキアナタケ
7944864,9099973,Poria vitellinula (P.Karst.) Sacc. & Trotter,db,ニクイロアナタケ
7946474,2553117,Stereum rugosum (Pers. ex Fr.) Fr.,db,シミダシカタウロコタケ
7952123,9802386,Cordyceps annulata Kobayasi & Shimizu,gbif,ヒメクチキタンポタケ
7957637,5249202,Lenzites abietinus (Bull.) Fr.,db,コゲイロカイガラタケ
7957637,5249202,Lenzites abietinus (Bull.) Fr.,gbif,コゲイロカイガラタケ
7958113,9223923,Russula nigricans Fr.,db,コゲイロハツタケ
7958113,9223923,Russula nigricans Fr.,gbif,コゲイロハツタケ
7958930,2580643,Chlorosplenium chlora (Schwein.) Massee,gbif,フユノウスキサラタケ
7961626,10834250,Heterodermia fragilissima (Kurok.) J.C.Wei & Y.M.Jiang,gbif,コバノゲジゲジゴケ
7963116,2549834,Fomes vegetus (Fr.) Fr.,db,コフキサルノコシカケ
7963116,2549834,Fomes vegetus (Fr.) Fr.,gbif,コフキサルノコシカケ
7965174,7965174,Octaviania japonimontana Orihara,gbif,ミヤマホシミノタマタケ
7969546,2594709,Helvella atra Holmsk. ex Fr.,db,クロアシボソノボリリュウ
7969936,3301120,Suillus asiaticus (Singer) Kretzer & T.D.Bruns,db,ウツロベニハナイグチ
7970480,2606023,Usnea comosa (Ach.) Röhl.,gbif,ヒゲサルオガセ
7971671,2586251,Dasyscyphus nudipes (Fuckel) Fuckel,db,シロヒナノチャワンタケモドキ
7976327,7976327,Caloboletus panniformis (Taneyama & Har.Takah.) Vizzini,gbif,モウセンアシベニイグチ
7976727,7976727,Suillus punctipes (Peck) Singer,db,アシグロニオイイグチ
7976727,7976727,Suillus punctipes (Peck) Singer,gbif,アシグロニオイイグチ
7983444,7983444,Typhrasa gossypina (Bull.) Örstadius & E.Larss.,gbif,ハゴロモイタチタケ
7983452,7596307,Suillus pictus (Peck) Kuntze,gbif,ベニハナイグチ
7983585,5240323,Amanita virosa Secr.,db,ドクツルタケ
7984707,7984707,Cladonia incrassata Flörke,gbif,コビナアカミゴケ
7987658,7987658,Coprinus comatus (O.F.Müll.) Pers.,db,ササクレヒトヨタケ
7987794,5246307,Polystictus crenatus (Berk.) Fr.,db,ウチワタケ
7987794,5246307,Polystictus crenatus (Berk.) Fr.,gbif,ウチワタケ
7991939,7991939,Amanita pallidorosea P.Zhang & Zhu L.Yang,gbif,アケボノドクツルタケ
7993854,8972210,Gyrodon lividus (Bull.) P.Karst.,db,ハンノキイグチ
7997035,7997035,Suillus subaureus (Peck) Snell,db,ニセキヌメリイグチ
7997035,7997035,Suillus subaureus (Peck) Snell,gbif,ニセキヌメリイグチ
7997434,7997434,Perennicordyceps ryogamiensis (Kobayasi & Shimizu) Matočec & I.Kušan,gbif,リョウガミクチキツブタケ
7999002,7803533,Rubinoboletus balloui (Peck) Heinem. & Rammeloo,gbif,キニガイグチ
7999982,2579078,Propolis versicolor (Fr.) Fr.,db,クチキマダラチャワンタケ
8013368,8013368,Peziza repanda Wahlenb.,db,オオヒラチャワンタケ
8018528,7930134,Hypomyces aurantius (Pers.) Tul.,gbif,カワラタケキセイキン
8020371,8234923,Hypocrea peltata Berk.,gbif,オオボタンタケ
8022634,7889985,Gomphidius roseus (Fr.) P.Karst.,db,オウギタケ
8026958,8026958,Pseudoaustroboletus valens (Corner) Yan C.Li & Zhu L.Yang,db,ホオベニシロアシイグチ
8026958,8026958,Pseudoaustroboletus valens (Corner) Yan C.Li & Zhu L.Yang,gbif,ホオベニシロアシイグチ
8028942,8028942,Cortinarius cinnamomeus (L.) Gray,db,ササタケ
8029405,8029405,Octaviania durianelloides Orihara,gbif,チャイボホシミノタマタケ
8032257,8032257,Trametes hirsuta (Wulfen) Lloyd,db,アラゲカワラタケ
8032958,7976327,Boletus panniformis Taneyama & Har.Takah.,gbif,モウセンアシベニイグチ
8034365,2547564,"Lenzites tenuis Lév., 1846",db,チリメンタケ
8034365,2547564,"Lenzites tenuis Lév., 1846",gbif,チリメンタケ
8034731,2594776,Helvella bulbosa (Hedw.) Kreisel,db,コノボリリュウ
8034731,2594776,Helvella bulbosa (Hedw.) Kreisel,gbif,ナガエノチャワンタケ
8036570,8036570,Pseudomerulius aureus (Fr.) Jülich,db,キシワタケ
8036570,8036570,Pseudomerulius aureus (Fr.) Jülich,gbif,キシワタケ
8038034,5245764,Kneiffia setigera (Fr.) Fr.,db,シロコメバタケ
8038034,5245764,Kneiffia setigera (Fr.) Fr.,gbif,シロコメバタケ
8038039,8038039,Tricholoma acerbum (Bull.) Quél.,db,オオニガシメジ
8038039,8038039,Tricholoma acerbum (Bull.) Quél.,gbif,オオニガシメジ
8039985,2605326,Parmelia olivacea (L.) Nyl.,gbif,オリーブゴケ
8041234,8936224,Calocybe gambosa (Fr.) Singer,db,ユキワリ
8042598,5240259,Amanita umbrinolutea (Secr. ex Gillet) Bataille,db,タカネテングツルタケ
8042598,5240259,Amanita umbrinolutea (Secr. ex Gillet) Bataille,gbif,カッパツルタケ
8050033,2542395,Fomes pinicola (Sw.) Fr.,db,ツガサルノコシカケ
8050033,2542395,Fomes pinicola (Sw.) Fr.,gbif,ツガサルノコシカケ
8051796,5249253,Lenzites sepiarius (Wulfen) Fr.,db,キカイガラタケ
8051796,5249253,Lenzites sepiarius (Wulfen) Fr.,gbif,キカイガラタケ
8052240,8052240,"Nipponoparmelia pseudolaevior (Asahina) K.H.Moon, Y.Ohmura & Kashiw.",gbif,チヂレテリハゴケ
8052240,8052240,"Nipponoparmelia pseudolaevior (Asahina) K.H.Moon, Y.Ohmura & Kashiw.",gbif,チヂレヒモウメノキゴケ
8055182,8055182,Phallus luteus (Liou & L.Hwang) T.Kasuya,db,ウスキキヌガサタケ
8055963,5243225,Lycoperdon spadiceum Pers.,db,キホコリタケ
8055963,5243225,Lycoperdon spadiceum Pers.,gbif,キホコリタケ
8057135,2520862,Fomes igniarius (L.) Fr.,db,キコブアナタケ
8057135,2520862,Fomes igniarius (L.) Fr.,gbif,キコブタケ
8058750,2524457,Boletus griseus Frost,gbif,クロアワタケ
8063181,8063181,Aleurodiscus amorphus (Pers.) Rabenh.,db,アカコウヤクタケ
8067777,8067777,Aspicilia cinerea (L.) Körb.,gbif,キッコウイボゴケ
8068072,8068072,"Atheniella aurantiidisca (Murrill) Redhead, Moncalvo, Vilgalys, Desjardin & B.A.Perry",gbif,オウバイタケ
8068867,8068867,Fomes fomentarius (L.) Fr.,db,ツリガネタケ
8070183,2523300,"Odontia bicolor (Alb. & Schwein.) Fr., 1903",db,ハリタケモドキ
8070183,2523300,"Odontia bicolor (Alb. & Schwein.) Fr., 1903",gbif,ハリタケモドキ
8074666,5241451,Volvariella hypopithys (Fr.) M.M.Moser,db,モリノコフクロタケ
8077827,8077827,Cortinarius aurantiofulvus Hongo,db,コガネフウセンタケモドキ
8080122,2552740,Corticium investiens (Schwein.) Bres.,db,コウヤクタケモドキ
8080122,2552740,Corticium investiens (Schwein.) Bres.,gbif,コウヤクタケモドキ
8081879,8081879,Entoloma asterosporum (Coker & Couch) T.J.Baroni & Matheny,gbif,ホシガタベニダンゴ
8083721,10798969,"Anaptychia hypocaesia Yasuda, 1940",gbif,ヤスダゲジゲジゴケ
8084755,8084755,Cryptomarasmius aucubae (Neda) T.S.Jenkinson & Desjardin,gbif,アオキオチバタケ
8085441,5242763,Coprinus radiatus (Bolton) Pers.,db,ネナガノヒトヨタケ
8085441,5242763,Coprinus radiatus (Bolton) Pers.,gbif,ネナガノヒトヨタケ
8096678,8096678,Favolaschia gelatina Har.Takah. & Degawa,db,ニカワラッシタケ
8096678,8096678,Favolaschia gelatina Har.Takah. & Degawa,gbif,ニカワラッシタケ
8098948,5247228,Hirschioporus pergamenus (Fr.) Bondartsev & Singer,db,ハカワラタケ
8100833,8100833,Psathyrella bipellis (Quél.) A.H.Sm.,db,ウスベニイタチタケ
8100833,8100833,Psathyrella bipellis (Quél.) A.H.Sm.,gbif,ウスベニイタチタケ
8108525,8108525,Inocybe pyriformis Takah.Kobay. & S.Kurogi,db,カブラアセタケモドキ
8108525,8108525,Inocybe pyriformis Takah.Kobay. & S.Kurogi,gbif,カブラアセタケモドキ
8110057,9050242,Naucoria pediades (Fr.) P.Kumm.,db,ハタケキノコ
8110057,9050242,Naucoria pediades (Fr.) P.Kumm.,gbif,ハタケキノコ
8114489,8114489,"Connopus acervatus (Fr.) K.W.Hughes, Mather & R.H.Petersen",gbif,カブベニチャ
8115040,9035469,Porodaedalea yamanoi (Imazeki) Y.C.Dai,gbif,マツノカタハタケ
8118872,8118872,Galerina marginata (Batsch) Kühner,db,ヒメアジロガサ
8118872,8118872,Galerina marginata (Batsch) Kühner,gbif,ヒメアジロガサ
8122453,8122453,"Singerocybe alboinfundibuliformis (Seok, Yang S.Kim, K.M.Park, W.G.Kim, K.H.Yoo & I.C.Park) Zhu L.Yang, J.Qin & Har.Takah.",gbif,ユキラッパタケ
8122710,8122710,Lactarius torminosus (Schaeff.) Pers.,db,カラハツタケ
8125569,8168319,Amanita muscaria (L.) Pers.,db,ベニテングタケ
8129973,8129973,Exobasidium yoshinagae Henn.,db,ミツバツツジヒラモチビョウキン
8129973,8129973,Exobasidium yoshinagae Henn.,gbif,ミツバツツジヒラモチビョウキン
8130763,8130763,Turbinellus kauffmanii (A.H.Sm.) Giachini,gbif,オニウスタケ
8131567,8131567,Tylopilus ferrugineus (Kuntze) Singer,db,チャニガイグチ
8131567,8131567,Tylopilus ferrugineus (Kuntze) Singer,gbif,チャニガイグチ
8131808,8131808,"Typhula maritima Tam.Hoshino, Takehashi & T.Kasuya",gbif,スナハマガマノホタケ
8134528,8134528,Trametes coccinea (Fr.) Hai J.Li & S.H.He,gbif,ヒイロタケ
8136943,10364983,Psathyrella conopilea (Fr.) Ulbr.,gbif,オオナヨタケ
8138987,8138987,Cyclocybe cylindracea (DC.) Vizzini & Angelini,gbif,ヤナギマツタケ
8138987,8138987,Cyclocybe cylindracea (DC.) Vizzini & Angelini,gbif,柳松茸
8140531,8140531,"Cyanoboletus pulverulentus (Opat.) Gelardi, Vizzini & Simonini",gbif,イロガワリ
8146046,8146046,Suillus granulatus (L.) Roussel,db,チチアワタケ
8146046,8146046,Suillus granulatus (L.) Roussel,gbif,チチアワタケ
8155204,8032257,Coriolus hirsutus (Wulfen) Pat.,db,アラゲカワラタケ
8156721,8156721,Sarcoscypha coccinea (Jacq.) Lambotte,db,アカチャワンタケ
8163561,2519770,Stereum rubiginosum (J.F.Gmel.) Gray,db,エビウロコタケ
8163561,2519770,Stereum rubiginosum (J.F.Gmel.) Gray,gbif,エビウロコタケ
8168319,8168319,Amanita muscaria (L.) Lam.,db,ベニテングタケ
8170343,8170343,Lysurus arachnoideus (E.Fisch.) Trierv.-Per. & K.Hosaka,gbif,イカタケ
8173622,8173622,Phellinus rimosus (Berk.) Pilát,db,オオメシマコブ
8176111,8176111,"Macrolepiota detersa Z.W.Ge, Zhu L.Yang & Vellinga",db,マントカラカサタケと思われる
8183160,8183160,"Tolypocladium inegoense (Kobayasi) C.A.Quandt, Kepler & Spatafora",gbif,イネゴセミタケ
8183839,8183839,Polyporus tuberaster Jacq.,db,タマチョレイタケ
8186689,2527423,Laschia peziziformis Berk. & M.A.Curtis,db,エナシラッシタケ
8186689,2527423,Laschia peziziformis Berk. & M.A.Curtis,gbif,エナシラッシタケ
8187131,2520862,Fomes nigricans (Fr.) Fr.,db,キコブアナタケ
8187131,2520862,Fomes nigricans (Fr.) Fr.,gbif,キコブタケ
8189348,8189348,"Leucocybe connata (Schumach.) Vizzini, P.Alvarado, G.Moreno & Consiglio",gbif,オシロイシメジ
8191568,8191568,Septobasidium indigophorum Couch ex L.D.Gómez & Henk,db,コンイロモンパキン
8193317,7562246,Hydnum fragile Fr.,gbif,マツバハリタケ
8195053,5243221,Lycoperdon mammaeforme Pers.,db,オキナホコリタケ
8200022,8200022,"Gyalolechia flavovirescens (Wulfen) Søchting, Frödén & Arup",gbif,ツブダイダイゴケ
8203051,8203051,Caloboletus calopus (Pers.) Vizzini,gbif,アシベニイグチ
8203769,2523872,Clavaria purpurea Fr.,gbif,ムラサキナギナタタケ
8205725,8205725,"Tolypocladium paradoxum (Kobayasi) C.A.Quandt, Kepler & Spatafora",gbif,ウメムラセミタケ
8206730,7386695,Hygrocybe aurantia Murrill,gbif,ヒメダイダイタケ
8210641,2524071,Pseudocolus schellenbergiae (Sumst.) M.M.Johnson,db,アカサンコタケ
8210641,2524071,Pseudocolus schellenbergiae (Sumst.) M.M.Johnson,gbif,サンコタケ
8210712,7890281,"Ophiocordyceps prolifica (Kobayasi) S.Ban, Sakane & Nakagiri",gbif,ツブノセミタケ
8210723,8210723,Laetiporus montanus Černý ex Tomšovský & Jankovský,gbif,ミヤママスタケ
8211963,8211963,Thelephora palmata Scop.,db,モミジタケ
8216579,3341441,Collybia velutipes (Curtis) P.Kumm.,db,エノキタケ
8218359,8218359,Squamanita odorata (Cool) Bas,db,ニオイオオタマシメジ
8224301,8224301,Hygrophorus capreolarius (Kalchbr.) Sacc.,db,コサクラシメジ
8224301,8224301,Hygrophorus capreolarius (Kalchbr.) Sacc.,gbif,ヒメサクラシメジ
8225851,8225851,Agaricus purpurellus Heinem.,db,コムラサキモリノカサ
8227523,8227523,Helvella crispa Sowerby,db,シロノボリリュウ
8234923,8234923,"Trichoderma peltatum (Berk.) Samuels, Jaklitsch & Voglmayr",gbif,オオボタンタケ
8241145,8241145,Clavaria rosea Dalman,db,センコウタケ
8245652,8245652,"Amanita macrocarpa W.Q.Deng, T.H.Li & Zhu L.Yang",gbif,オオオニテングタケ
8247257,8247257,Turbinellus fujisanensis (S.Imai) Giachini,gbif,フジウスタケ
8258955,8258955,Sowerbyella rhenana (Fuckel) J.Moravec,gbif,キンチャワンタケ
8263562,8263562,Termitomyces eurrhizus (Berk.) R.Heim,db,オオシロアリタケ
8271589,8271589,Lepiota cristata Barla,db,キツネノカラカサ
8274840,8274840,Chaetosphaeria fusispora (Kawam.) I.Hino,gbif,トラフタケキン
8275389,8275389,Baorangia pseudocalopus (Hongo) G.Wu & Zhu L.Yang,gbif,ニセアシベニイグチ
8276361,8276361,"Purpureocillium lilacinum (Thom) Luangsa-ard, Houbraken, Hywel-Jones & Samson",gbif,ツチカメムシタケ
8277674,5261523,Chaenotheca stemonea (Ach.) Müller,gbif,コフキホソピンゴケ
8287667,7462154,Polycephalomyces cuboideus (Kobayasi & Shimizu) Kepler & Spatafora,gbif,クチキムシツブタケ
8288048,2532235,Pleurotus striatulus (Pers.) P.Kumm.,db,ヒメシジミタケ
8288048,2532235,Pleurotus striatulus (Pers.) P.Kumm.,gbif,ヒメシジミタケ
8297589,2540225,Clavulinopsis kunzei (Fr.) Jülich,db,シロヒメホウキタケ
8297589,2540225,Clavulinopsis kunzei (Fr.) Jülich,gbif,シロヒメホウキタケ
8297935,8297935,Rossbeevera eucyanea Orihara,gbif,アオゾメクロツブタケ
8306171,9108937,Hypoxylon serpens (Pers.) J.Kickx f.,db,ヘビコブタケ
8306171,9108937,Hypoxylon serpens (Pers.) J.Kickx f.,gbif,ヘビコブタケ
8307192,8307192,"Sarcomyxa edulis (Y.C.Dai, Niemelä & G.F.Qin) T.Saito, Tonouchi & T.Harada",db,ムキタケ
8307192,8307192,"Sarcomyxa edulis (Y.C.Dai, Niemelä & G.F.Qin) T.Saito, Tonouchi & T.Harada",gbif,ムキタケ
8308180,8308180,Bonomyces sinopicus (Fr.) Vizzini,gbif,アカチャイヌシメジ
8313416,2594493,Anthracobia melaloma (Alb. & Schwein.) Boud.,db,ヒメウロコベニチャワンタケ
8320975,2524071,Pseudocolus rothae (Berk. ex E.Fisch.) Yasuda,db,アカサンコタケ
8320975,2524071,Pseudocolus rothae (Berk. ex E.Fisch.) Yasuda,gbif,サンコタケ
8325581,8325581,Rhizopogon graveolens (Vittad.) Tul. & C.Tul.,gbif,ショウロ
8329645,8329645,"Volvopluteus gloiocephalus (DC.) Vizzini, Contu & Justo",gbif,オオフクロタケ
8329645,8329645,"Volvopluteus gloiocephalus (DC.) Vizzini, Contu & Justo",gbif,シロフクロタケ
8329725,8329725,Strobilomyces verruculosus Hirot.Sato,db,ツブカサオニイグチ
8330368,2550493,Clavicorona pyxidata (Pers.) Donk,gbif,フサヒメホウキタケ
8332598,8332598,Usnocetraria oakesiana (Tuck.) M.J.Lai & J.C.Wei,gbif,オアケシゴケ
8332637,2521401,Clavaria truncata Lovejoy,db,スリコギタケモドキ
8332637,2521401,Clavaria truncata Lovejoy,gbif,スリコギタケモドキ
8333652,8333652,Phaeoclavulina grandis (Corner) Giachini,gbif,サキジロホウキタケ
8335515,2554355,Geaster fimbriatus Fr.,gbif,シロツチガキ
8337559,2607557,Cladonia pityrea (Flörke) Fr.,gbif,ヒメレンゲゴケ
8339358,9035469,Phellinus pini (Brot.) A.Ames,gbif,マツノカタハタケ
8341902,8341902,"Ophiocordyceps pulvinata Kepler, Kaitsu & Spatafora",db,コブガタアリタケ
8341902,8341902,"Ophiocordyceps pulvinata Kepler, Kaitsu & Spatafora",gbif,コブガタアリタケ
8342003,8342003,Armillaria ectypa (Fr.) Herink,db,ヤチヒロヒダタケ
8343605,2521276,Inonotus ludovicianus (Pat.) Murrill,gbif,オニカワウソタケ
8349501,2606268,Parmelia tinctorum Despr.,gbif,ウメノキゴケ
8354845,2607712,Cladina alpestris (L.) Nyl.,gbif,ミヤマハナゴケ
8354853,5241339,Pluteus romellii (Britzelm.) Sacc.,db,キアシベニヒダタケ
8354853,5241339,Pluteus romellii (Britzelm.) Sacc.,gbif,キアシベニヒダタケ
8354931,10116551,Lobaria scrobiculata (Scop.) DC.,gbif,ハイイロカブトゴケ
8359648,8068867,"Polyporus populinus (Lázaro Ibiza) Sacc. & Trotter, 1925",db,ツリガネタケ
8365157,7654757,Clitopilus vernalis Har.Takah. & Degawa,gbif,ハルノウラベニタケ
8367739,8367739,Trametes hirsuta (Wulfen) Pilát,db,アラゲカワラタケ
8373454,5246307,"Polystictus flabelliformis (Klotzsch) Sacc., 1851",db,ウチワタケ
8373454,5246307,"Polystictus flabelliformis (Klotzsch) Sacc., 1851",gbif,ウチワタケ
8381999,2529040,Cortinarius violaceus (L.) Fr.,db,ミヤマムラサキフウセンタケ
8392723,8392723,Cortinarius subdelibutus Hongo,db,マルミノアブラシメジ
8393417,8393417,"Agrocybe cylindracea (DC.) Gillet, 1874",db,ヤナギツバタケ
8393921,8393921,Lycoperdon nigrescens Wahlenb.,db,クロホコリタケ
8397629,2605231,Parmelia rudecta Ach.,gbif,トゲハクテンゴケ
8398376,2548311,Polystictus nigricans Sacc.,db,アイカワラタケ
8402470,2548374,Polyporus zonatus (Nees) Fr.,db,カワラタケモドキ
8402470,2548374,Polyporus zonatus (Nees) Fr.,gbif,カワラタケモドキ
8409434,2554614,Helvella atra Oeder,db,シロノボリリュウ
8410526,8410526,Russula ochroleuca Pers.,db,ヤマブキハツ
8411734,8411734,Chlorociboria aeruginascens (Nyl.) Kanouse,db,ロクショウグサレキンモドキ
8411734,8411734,Chlorociboria aeruginascens (Nyl.) Kanouse,gbif,ロクショウグサレキンモドキ
8412239,2553128,Stereum hirsutum (Willd.) Gray,db,キウロコタケ
8415649,7583772,Lenzites vespaceus (Pers.) Ryvarden,gbif,オオミダレアミタケ
8419267,8419267,Entoloma glutiniceps (Hongo) Noordel. & Co-David,db,アイイッポンシメジ
8419906,9210867,Asterophora lycoperdoides (Bull. ex Merat) Gray,db,ヤグラタケ
8420954,2608445,Sphaerophorus melanocarpus (Sw.) DC.,gbif,ヒラサンゴゴケ
8421318,2608608,Mycoblastus alpinus (Fr.) Kernst.,gbif,ミヤマクロアカゴケ
8426962,8426962,Bryocaulon pseudosatoanum (Asahina) Kärnefelt,gbif,ニセシダレキノリ
8428457,8428457,Protodaedalea foliacea (Pat.) Sotome & T.Hatt.,gbif,ムカシオオミダレタケ
8450161,2608445,Sphaerophoron compressum (Ach.),gbif,ヒラサンゴゴケ
8462380,5238896,Boletopsis leucomelas (Pers.) Fayod,db,クロカワ
8462380,5238896,Boletopsis leucomelas (Pers.) Fayod,gbif,クロカワ
8470797,8470797,Lecanora andoi Miywaki,gbif,アンドウチャシブゴケ
8478587,2544300,Merulius tremellosus Fr.,db,シワタケ
8484762,2606178,Parmelia cylisphora (Ach.) Vainio,gbif,キウメノキゴケ
8488586,8488586,Sarcoleotia globosa (Sommerf.) Korf,db,クロズキンタケ
8488586,8488586,Sarcoleotia globosa (Sommerf.) Korf,gbif,クロズキンタケ
8496882,8496882,Ochrolechia akagiensis Yasuda ex Vain.,gbif,アカギニクイボゴケ
8497858,7652320,Polystictus neaniscus Berk.,db,アイカワラタケ
8500043,7383377,Inopilus virescens (Sacc.) Pegler,db,ソライロタケ
8500043,7383377,Inopilus virescens (Sacc.) Pegler,gbif,ソライロタケ
8516859,9835970,Cordyceps tuberculata (Lebert) Maire,gbif,ガヤドリナガミノツブタケ
8517490,8517490,Pseudoplectania melaena (Fr.) Sacc.,db,ニセクロチャワンタケ
8517490,8517490,Pseudoplectania melaena (Fr.) Sacc.,gbif,ニセクロチャワンタケ
8522155,8522155,"Montanelia sorediata (Ach.) Divakar, A.Crespo, Wedin & Essl.",gbif,コナタカネゴケ
8526144,3494731,Pachyella babingtonii (Berk. & Broome) Boud.,gbif,ミズベノクズダマタケ
8532457,8532457,"Scytinium lichenoides (L.) Otálora, P.M.Jørg. & Wedin",gbif,ヒメトサカチイ
8539950,8539950,Phaeocalicium compressulum (Nyl. ex Vain.) A.F.W.Schmidt,gbif,ノミピンゴケ
8552251,2529178,Cortinarius paleaceus Fr.,db,シラガツバフウセンタケ
8552251,2529178,Cortinarius paleaceus Fr.,gbif,シラガツバフウセンタケ
8555773,8555773,Pithya cupressina (Batsch) Fuckel,db,イブアカツブエダガレキン
8559216,10881544,Postia guttulata (Sacc.) Jülich,gbif,シミガタセンベイタケ
8561932,2605241,Parmelia pseudoborreri Asahina,gbif,ハクテンゴケ
8562027,8562027,Leccinum duriusculum (Schulzer ex Kalchbr.) Singer,db,シリボソヤマイグチ
8562027,8562027,Leccinum duriusculum (Schulzer ex Kalchbr.) Singer,gbif,シリボソヤマイグチ
8562027,8562027,Leccinum duriusculum (Schulzer ex Kalchbr.) Singer,gbif,ヤマナラシノアオネノヤマイグチ
8571305,8571305,Enterographa praepallens (Nayl.) Awasthi,gbif,イソクチナワゴケ
8580610,3403250,Cetrelia asahinae,gbif,アワビゴケ
8582779,2555295,Lentaria mucida (Pers.) Corner,db,シラウオタケ
8582779,2555295,Lentaria mucida (Pers.) Corner,gbif,シラウオタケ
8591420,5242763,Coprinus radiatus (Bolton) Fr.,db,ネナガノヒトヨタケ
8591420,5242763,Coprinus radiatus (Bolton) Fr.,gbif,ネナガノヒトヨタケ
8595228,10881544,Oligoporus guttulatus (Sacc.) Gilb. & Ryvarden,gbif,シミガタセンベイタケ
8600902,8600902,"Montanelia panniformis (Nyl.) Divakar, A.Crespo, Wedin & Essl.",gbif,ヒモタカネゴケ
8601365,10604897,Isaria farinosa (Holmsk.) Fr.,gbif,コナサナギタケ
8611913,8156721,Plectania coccinea (Jacq.) Fuckel,db,アカチャワンタケ
8613747,8613747,Chaenothecopsis pusilla (Ach.) A.F.W.Schmidt,gbif,フレルケピンゴケ
8614542,2533424,Hypholoma sublateritium (Fr.) Quél.,gbif,クリタケ
8614710,7646591,"Elaphocordyceps ophioglossoides (J.F.Gmel.) G.H.Sung, J.M.Sung & Spatafora",gbif,ハナヤスリタケ
8618255,8618255,Chlorociboria aeruginosa (Oeder) Seaver,db,ロクショウグサレキン
8618255,8618255,Chlorociboria aeruginosa (Oeder) Seaver,gbif,ロクショウグサレキン
8618980,5239851,Boletinus cavipes (Klotzsch) Kalchbr.,db,アミハナイグチ
8618980,5239851,Boletinus cavipes (Klotzsch) Kalchbr.,gbif,アミハナイグチ
8622852,8622852,Protoparmeliopsis muralis (Schreb.) M.Choisy,gbif,キクバチャシブゴケ
8631941,9195174,Stereum bicolor (Pers.) Fr.,db,ウラジロウロコタケ
8631941,9195174,Stereum bicolor (Pers.) Fr.,gbif,ウラジロウロコタケ
8634986,2546002,Trametes cervina (Schwein.) Bres.,gbif,ミノタケ
8637423,2537268,Marasmius crinis-equi F.Muell.,gbif,ウマノケタケ
8648519,2533783,Galerina vitaeformis (Fr.) Singer,db,ケコガサ
8648519,2533783,Galerina vitaeformis (Fr.) Singer,gbif,ケコガサタケ
8650805,2551213,Russula rubra (Lam.) Fr.,db,ドクベニタケ
8652585,5434065,Dimerella pineti (Ach.) Vĕzda,gbif,コツブダイダイサラゴケ
8655572,8655572,Xeromphalina cauticinalis (Fr.) Kühner & Maire,db,キチャホウライタケ
8655572,8655572,Xeromphalina cauticinalis (Fr.) Kühner & Maire,gbif,キチャホウライタケ
8657827,8657827,Lachnellula calyciformis (Batsch) Dharne,db,モミノコザラタケ
8657827,8657827,Lachnellula calyciformis (Batsch) Dharne,gbif,モミノコザラタケ
8658446,8658446,Cladonia glauca Flörke,gbif,ホソミノクダハナゴケ
8659282,8659282,Leucocoprinus fragilissimus (Ravenel ex Berk. & M.A.Curtis) Pat.,db,キツネノハナガサ
8659282,8659282,Leucocoprinus fragilissimus (Ravenel ex Berk. & M.A.Curtis) Pat.,gbif,キツネノハナガサ
8661409,8661409,Cetrelia pseudolivetorum (Hue) Culb. & Culb.,gbif,オリベトールゴケモドキ
8665373,2520946,Cyclomyces fuscus Kunze,gbif,ワヒダタケ
8665717,7686337,Psathyrella spadicea (P.Kumm.) Singer,gbif,タカネイタチタケ
8666066,8666066,Polyporus tuberaster (Jacq. ex Pers.) Fr.,db,タマチョレイタケ
8666066,8666066,Polyporus tuberaster (Jacq. ex Pers.) Fr.,gbif,タマチョレイタケ
8667671,8667671,Rigidoporus microporus (Sw.) Overeem,db,ネッタイスルメタケ
8667671,8667671,Rigidoporus microporus (Sw.) Overeem,gbif,ネッタイスルメタケ
8668540,9099973,Chaetoporus euporus (P.Karst.) Bondartsev & Singer,db,ニクイロアナタケ
8669387,8669387,Tricholoma acerbum (Bull. ex Pers.) Vent.,db,オオニガシメジ
8673125,2548311,Coriolus versicolor (L.) Quél.,db,アイカワラタケ
8675735,8675735,Marcelleina persoonii (P.Crouan & H.Crouan) Brumm.,db,マルセルムラサキサラタケ
8675735,8675735,Marcelleina persoonii (P.Crouan & H.Crouan) Brumm.,gbif,マルセルムラサキサラタケ
8678073,8156721,Sarcoscypha coccinea (Jacq.) Sacc.,db,アカチャワンタケ
8683249,8683249,Phellinus viticola (Schwein.) Donk,db,オオサビアナタケ
8686087,7567077,Cordyceps militaris (L.) Link,db,キサナギタケ
8686087,7567077,Cordyceps militaris (L.) Link,gbif,サナギタケ
8686087,7567077,Cordyceps militaris (L.) Link,gbif,蛹茸
8686856,2532720,Clitocybe gigantea (Sowerby) Quél.,gbif,オオイチョウタケ
8689071,8689071,Panus conchatus (Bull.) Fr.,db,カワキジョウゴタケ
8689071,8689071,Panus conchatus (Bull.) Fr.,gbif,カワキタケ
8690832,8690832,Trichaptum abietinum (Pers. ex J.F.Gmel.) Ryvarden,db,シハイタケ
8690832,8690832,Trichaptum abietinum (Pers. ex J.F.Gmel.) Ryvarden,gbif,シハイタケ
8691133,9766879,Everniastrum cirrhatum (Fr.) Hale,gbif,ツノマタゴケモドキ
8691955,8691955,Dumontinia tuberosa (Bull.) L.M.Kohn,db,アネモネキンカクキン
8691955,8691955,Dumontinia tuberosa (Bull.) L.M.Kohn,gbif,アネモネタマチャワンタケ
8697118,8697118,Lysurus mokusin (L.) Fr.,db,ゴリョウタケ
8697118,8697118,Lysurus mokusin (L.) Fr.,gbif,ツノツマミタケ
8697118,8697118,Lysurus mokusin (L.) Fr.,gbif,ツマミタケ
8698535,2534836,Psathyrella hydrophila (Bull.) Maire,db,ムササビタケ
8698535,2534836,Psathyrella hydrophila (Bull.) Maire,gbif,ムササビタケ
8698842,8698842,Daedaleopsis tricolor (Bull.) Bondartsev & Singer,db,チャカイガラタケ
8699607,8699607,Mycosarcoma maydis (DC.) Bref.,gbif,トウモロコシ黒穂病菌
8700209,8700209,Sordaria fimicola (Roberge ex Desm.) Ces. & De Not.,db,カノコカビ
8700209,8700209,Sordaria fimicola (Roberge ex Desm.) Ces. & De Not.,gbif,カノコカビ
8706820,3354045,Leccinum griseum (Quél.) Singer,gbif,スミゾメヤマイグチ
8732823,8732823,Ascobolus furfuraceus Pers.,db,スイライカビ
8732823,8732823,Ascobolus furfuraceus Pers.,gbif,スイライカビ
8733688,8733688,Boletus aereus Bull.,db,ススケイグチ
8745515,9226626,Craterellus cinereus (Pers.) Pers.,db,アクイロウスタケ
8759862,8759862,Lactarius fuliginosus (Fr.) Fr.,db,ウスズミチチタケ
8759862,8759862,Lactarius fuliginosus (Fr.) Fr.,gbif,ウスズミチチタケ
8769312,8769312,Antrodia heteromorpha (Fr.) Donk,db,ミヤマシロアミタケ
8769312,8769312,Antrodia heteromorpha (Fr.) Donk,gbif,ミヤマシロアミタケ
8770881,2535253,Cystoderma aureum (Mattuschka) Kühner & Romagn.,db,キナコタケ
8773731,8689071,Panus torulosus (Pers.) Fr.,db,カワキジョウゴタケ
8773731,8689071,Panus torulosus (Pers.) Fr.,gbif,カワキタケ
8787203,8787203,Hymenochaete cinnamomea (Pers.) Bres.,db,ケイヒウロコタケ
8787203,8787203,Hymenochaete cinnamomea (Pers.) Bres.,gbif,ケイヒウロコタケ
8789626,2533692,Flammula penetrans (Fr.) Quél.,db,キツムタケ
8789626,2533692,Flammula penetrans (Fr.) Quél.,gbif,キツムタケ
8796319,8796319,Tubaria furfuracea (Pers.) Gillet,db,チャムクエタケモドキ
8796319,8796319,Tubaria furfuracea (Pers.) Gillet,gbif,チャムクエタケモドキ
8802917,8802917,Cortinarius armillatus (Fr.) Fr.,db,アシブトツバタケ
8802917,8802917,Cortinarius armillatus (Fr.) Fr.,gbif,ツバフウセンタケ
8808510,9445944,Polyporus ciliatus Fr.,gbif,エゾノアミスギタケ
8813286,8813286,Lactarius camphoratus (Bull.) Fr.,db,ニセヒメチチタケ
8813286,8813286,Lactarius camphoratus (Bull.) Fr.,gbif,ニオイワチチタケ
8813286,8813286,Lactarius camphoratus (Bull.) Fr.,gbif,ニセヒメチチタケ
8824388,8824388,Guepinia helvelloides (DC.) Fr.,db,ニカワジョウゴタケ
8824388,8824388,Guepinia helvelloides (DC.) Fr.,gbif,ニカワジョウゴタケ
8825022,3407876,Usnea trichodeoides Vain.,gbif,フジサルオガセ
8836969,2534836,Hypholoma hydrophilum (Bull.) Quél.,db,ムササビタケ
8836969,2534836,Hypholoma hydrophilum (Bull.) Quél.,gbif,ムササビタケ
8842718,8842718,Entoloma incanum (Fr.) Hesler,db,ワカクサウラベニタケ
8842718,8842718,Entoloma incanum (Fr.) Hesler,gbif,ワカクサウラベニタケ
8843084,8191641,Agrocybe erebia (Fr.) Kühner ex Singer,gbif,ツチナメコ
8849847,8849847,Porina hirsuta Aptroot & K.H.Moon,gbif,ヒメクロマルゴケ
8849982,8849982,Melanoleuca grammopodia (Bull.) Murrill,db,オオザラミノシメジ
8863729,8863729,Inocybe cincinnata (Fr.) Quél.,db,クロトマヤタケモドキ
8863729,8863729,Inocybe cincinnata (Fr.) Quél.,gbif,クロトマヤタケモドキ
8863972,9190626,Dasyscyphus niveus (R.Hedw.) Sacc.,db,ニセヒナノチャワンタケ
8863972,9190626,Dasyscyphus niveus (R.Hedw.) Sacc.,gbif,ニセヒナノチャワンタケ
8868027,2551071,Lactarius vellereus (Fr.) Fr.,gbif,ケシロハツ
8869949,8869949,Ramaria stricta (Pers.) Quél.,db,チャホウキタケ
8869949,8869949,Ramaria stricta (Pers.) Quél.,gbif,チャホウキタケ
8881331,8881331,Lactarius scrobiculatus (Scop.) Fr.,db,キカラハツダケ
8881331,8881331,Lactarius scrobiculatus (Scop.) Fr.,gbif,キカラハツタケ
8883753,9226626,"Cantharellus cinereus (Pers.) Fr., 1821",db,アクイロウスタケ
8887935,8689071,Lentinus torulosus (Pers.) Lloyd,db,カワキジョウゴタケ
8887935,8689071,Lentinus torulosus (Pers.) Lloyd,gbif,カワキタケ
8892548,8892548,Antrodia sinuosa (Fr.) P.Karst.,db,ワタグサレキン
8894724,8894724,Russula integra (L.) Fr.,db,ヨヘイジ
8894724,8894724,Russula integra (L.) Fr.,gbif,ヨヘイジ
8897119,8897119,Tricholoma sulphureum (Bull.) P.Kumm.,db,ニオイキシメジ
8897119,8897119,Tricholoma sulphureum (Bull.) P.Kumm.,gbif,ニオイキシメジ
8899548,8899548,Phlebiopsis gigantea (Fr.) Jülich,db,カミカワタケ
8899548,8899548,Phlebiopsis gigantea (Fr.) Jülich,gbif,カミカワタケ
8902367,2533783,Galerina rubiginosa (Pers.) Kühner,db,ケコガサ
8902367,2533783,Galerina rubiginosa (Pers.) Kühner,gbif,ケコガサタケ
8903955,8903955,Strobilurus tenacellus (Pers.) Singer,db,マツカサシメジ
8903955,8903955,Strobilurus tenacellus (Pers.) Singer,gbif,マツカサシメジ
8907562,8907562,Cudonia circinans (Pers.) Fr.,db,ホテイタケ
8907562,8907562,Cudonia circinans (Pers.) Fr.,gbif,ホテイタケ
8908124,2540565,Corticium confluens (Fr.) Fr.,db,アカギンコウヤクタケ
8908488,8908488,Marasmius rotula (Scop.) Fr.,db,シロヒメホウライタケ
8908488,8908488,Marasmius rotula (Scop.) Fr.,gbif,シロヒメホウライタケ
8912808,8912808,Antrodia albida (Fr.) Donk,db,アセアミタケ
8914748,8914748,Macrolepiota procera (Scop.) Singer,db,カラカサタケ
8923027,8923027,Bolbitius reticulatus (Pers.) Ricken,db,クロシワオキナタケ
8923027,8923027,Bolbitius reticulatus (Pers.) Ricken,gbif,クロシワオキナタケ
8926389,8926389,Hypomyces luteovirens (Fr.) Tul. & C.Tul.,db,アオノキノコヤドリタケ
8929763,8929763,"Gymnopus erythropus (Pers.) Antonín, Halling & Noordel.",db,カレバタケ
8929763,8929763,"Gymnopus erythropus (Pers.) Antonín, Halling & Noordel.",gbif,カレバタケ
8935591,7547277,Ramaria abietina (Pers.) Quél.,gbif,モエギホウキタケ
8936224,8936224,Calocybe gambosa (Fr.) Donk,db,ユキワリ
8945216,8945216,"Coprinopsis lagopus (Fr.) Redhead, Vilgalys & Moncalvo",gbif,ザラエノヒトヨタケ
8956209,8956209,Xylaria polymorpha (Pers.) Grev.,db,オオクロサイワイタケ
8956209,8956209,Xylaria polymorpha (Pers.) Grev.,gbif,マメザヤタケ
8956668,2534161,Hemipholiota populnea (Pers.) Bon,db,キッコウスギタケ
8960356,8973629,Rugosomyces ionides (Bull.) Bon,db,ヒメムラサキシメジ
8961574,8961574,Amanita pantherina (DC.) Krombh.,db,テングタケ
8963563,8963563,Entoloma sericellum (Fr.) P.Kumm.,db,キヌモミウラタケ
8972210,8972210,Gyrodon lividus (Bull.) Sacc.,db,ハンノキイグチ
8973629,8973629,Calocybe ionides (Bull.) Donk,db,ヒメムラサキシメジ
8974057,2594776,Macropodia macropus (Pers.) Fuckel,db,コノボリリュウ
8974057,2594776,Macropodia macropus (Pers.) Fuckel,gbif,ナガエノチャワンタケ
8980864,8980864,Peniophora quercina (Pers.) Cooke,db,カワタケ
8980864,8980864,Peniophora quercina (Pers.) Cooke,gbif,カワタケ
8988651,8988651,Marasmius cohaerens (Pers.) Cooke & Quél.,db,ミヤマオチバタケ
8988651,8988651,Marasmius cohaerens (Pers.) Cooke & Quél.,gbif,ミヤマオチバタケ
8990319,8990319,Glonium lineare (Fr.) De Not.,db,モジタケ
8990319,8990319,Glonium lineare (Fr.) De Not.,gbif,モジタケ
8991587,8991587,Hypoxylon rubiginosum (Pers.) Fr.,db,アカコブアザタケ
8991587,8991587,Hypoxylon rubiginosum (Pers.) Fr.,gbif,アカコブアザタケ
8992987,2548619,Aurantiporus croceus (Pers.) Murrill,db,オオカボチャタケ
8995651,2526256,Hohenbuehelia geogenia (DC.) Singer,gbif,ツチヒラタケ
8997022,8997022,Agrocybe praecox (Pers.) Fayod,db,フミヅキタケ
8997022,8997022,Agrocybe praecox (Pers.) Fayod,gbif,フミヅキタケ
9001125,8517490,Plectania melaena (Fr.) Paden,db,ニセクロチャワンタケ
9001125,8517490,Plectania melaena (Fr.) Paden,gbif,ニセクロチャワンタケ
9007128,9007128,Lanzia echinophila (Bull.) Korf,db,クリノイガワンタケ
9012202,9095397,Cantharellula cyathiformis (Bull.) Singer,db,クロサカズキシメジ
9012202,9095397,Cantharellula cyathiformis (Bull.) Singer,gbif,クロサカズキシメジ
9022347,11993337,"Gymnopus confluens (Pers.) Antonín, Halling & Noordel.",gbif,アマタケ
9024665,9024665,Phaeocalicium triseptatum Tibell,gbif,ミツカベノミピンゴケ
9030395,9030395,Lactarius hysginus (Fr.) Fr.,db,ヌメリアカチチタケ
9030395,9030395,Lactarius hysginus (Fr.) Fr.,gbif,ヌメリアカチチタケ
9031899,9031899,Lentinus sajor-caju (Fr.) Fr.,db,ネッタイカワキタケ
9031899,9031899,Lentinus sajor-caju (Fr.) Fr.,gbif,ネッタイカワキタケ
9032566,9032566,Disciotis venosa (Pers.) Arnould,db,カニタケ
9034310,9034310,Scytinostroma odoratum (Fr.) Donk,db,ニオイウロコタケ
9034310,9034310,Scytinostroma odoratum (Fr.) Donk,gbif,ニオイウロコタケ
9036760,3343690,Stropharia squamosa (Pers.) Quél.,db,カバイロタケ
9036760,3343690,Stropharia squamosa (Pers.) Quél.,gbif,ミヤマツバタケ
9040203,9040203,Melanophyllum haematospermum (Bull.) Kreisel,gbif,アカヒダカラカサタケ
9044184,9044184,Lentinellus ursinus (Fr.) Kühner,db,イタチナミハタケ
9044184,9044184,Lentinellus ursinus (Fr.) Kühner,gbif,イタチナミハタケ
9045374,2555586,Aleurodiscus acerinus (Pers.) Höhn. & Litsch.,db,ヒビコウヤクタケ
9045374,2555586,Aleurodiscus acerinus (Pers.) Höhn. & Litsch.,gbif,ヒビコウヤクタケ
9045374,2555586,Aleurodiscus acerinus (Pers.) Höhn. & Litsch.,gbif,ヒビチョークタケ
9046951,9046951,Tricholoma aestuans (Fr.) Gillet,db,カラキシメジ
9046951,9046951,Tricholoma aestuans (Fr.) Gillet,gbif,カラキシメジ
9048142,7832732,Boletus badius (Fr.) Fr.,gbif,ニセイロガワリ
9049434,8997022,Agrocybe sphaleromorpha (Bull.) Fayod,db,フミヅキタケ
9049434,8997022,Agrocybe sphaleromorpha (Bull.) Fayod,gbif,フミヅキタケ
9050242,9050242,Agrocybe pediades (Fr.) Fayod,db,ハタケキノコ
9053531,9053531,Hygrophorus eburneus (Bull.) Fr.,db,シロヌメリガサ
9053531,9053531,Hygrophorus eburneus (Bull.) Fr.,gbif,シロヌメリガサ
9056826,9056826,Tricholomopsis decora (Fr.) Singer,db,キサマツモドキ
9056826,9056826,Tricholomopsis decora (Fr.) Singer,gbif,キサマツモドキ
9063976,7844497,Cortinarius alboviolaceus (Pers.) Fr.,db,ウスフジフウセンタケ
9065458,9065458,Leucocoprinus cretaceus (Bull.) Locq.,db,ヒメカラカサタケ
9065458,9065458,Leucocoprinus cretaceus (Bull.) Locq.,gbif,ヒメカラカサタケ
9066731,9066731,Dentipellis fragilis (Pers.) Donk,db,ハナレハリタケ
9066731,9066731,Dentipellis fragilis (Pers.) Donk,gbif,ハナレハリタケ
9067519,9067519,Galerina sphagnorum (Pers.) Kühner,db,ミズゴケタケモドキ
9067519,9067519,Galerina sphagnorum (Pers.) Kühner,gbif,ミズゴケタケモドキ
9070104,9070104,Cerrena unicolor (Bull.) Murrill,db,ミダレアミタケ
9070104,9070104,Cerrena unicolor (Bull.) Murrill,gbif,ミダレアミタケ
9072021,9072021,Laetiporus sulphureus (Bull.) Murrill,db,アイカワタケ
9073749,10691289,Limacella illinita (Fr.) Maire,gbif,シロヌメリカラカサタケ
9074224,2534651,Coprinus radians (Desm.) Fr.,db,コキララタケ
9074486,2539489,Rhodophyllus serrulatus (Fr.) Quél.,db,ススタケ
9074486,2539489,Rhodophyllus serrulatus (Fr.) Quél.,gbif,ススタケ
9075265,9075265,Pleurotus eryngii (DC.) Quél.,gbif,エリンギ
9075436,9075436,Cladonia deformis (L.) Hoffm.,gbif,ナガエノアカミゴケ
9080764,8824388,Tremiscus helvelloides (DC.) Donk,db,ニカワジョウゴタケ
9080764,8824388,Tremiscus helvelloides (DC.) Donk,gbif,ニカワジョウゴタケ
9090586,9217873,Collybia butyracea (Bull.) P.Kumm.,db,エセオリミキ
9090586,9217873,Collybia butyracea (Bull.) P.Kumm.,gbif,エセオリミキ
9091857,9091857,Pholiota lenta (Pers.) Singer,db,シロナメツムタケ
9091857,9091857,Pholiota lenta (Pers.) Singer,gbif,シロナメツムタケ
9095109,2540761,Grifola gigantea (Pers.) Pilát,db,トンビマイタケ
9095109,2540761,Grifola gigantea (Pers.) Pilát,gbif,トンビマイタケ
9095397,9095397,Pseudoclitocybe cyathiformis (Bull.) Singer,db,クロサカズキシメジ
9095397,9095397,Pseudoclitocybe cyathiformis (Bull.) Singer,gbif,クロサカズキシメジ
9097316,2553494,Stereum abietinum (Pers.) Fr.,db,カオリウロコタケ
9099973,9099973,Junghuhnia nitida (Pers.) Ryvarden,db,ニクイロアナタケ
9104719,5248916,Albatrellus pes-caprae (Pers.) Pouzar,gbif,センニンタケ
9105286,9105286,Rickenella fibula (Bull.) Raithelh.,db,ヒナノヒガサ
9105286,9105286,Rickenella fibula (Bull.) Raithelh.,gbif,ヒナノヒガサ
9107939,9107939,Macrocystidia cucumis (Pers.) Joss.,db,クリイロムクエタケ
9108937,9108937,Nemania serpens (Pers.) Gray,db,ヘビコブタケ
9108937,9108937,Nemania serpens (Pers.) Gray,gbif,ヘビコブタケ
9109424,9109424,Pholiota spumosa (Fr.) Singer,db,キナメツムタケ
9109424,9109424,Pholiota spumosa (Fr.) Singer,gbif,キナメツムタケ
9110685,9110685,Panaeolus fimicola (Pers.) Gillet,db,マグソタケ
9113338,9113338,Hypsizygus ulmarius (Bull.) Redhead,db,シロタモギタケ
9113338,9113338,Hypsizygus ulmarius (Bull.) Redhead,gbif,シロタモギタケ
9113988,7486196,Ramaria botrytis (Pers.) Ricken,db,ネズミタケ
9117445,9117445,Clavulinopsis helvola (Pers.) Corner,db,キソウメンタケ
9117445,9117445,Clavulinopsis helvola (Pers.) Corner,gbif,キソウメンタケ
9118025,9118025,Panellus stipticus (Bull.) P.Karst.,db,ヒメカワキタケ
9118025,9118025,Panellus stipticus (Bull.) P.Karst.,gbif,ワサビタケ
9123754,2534625,Pseudocoprinus disseminatus (Pers.) Kühner,db,イヌセンボンタケ
9123754,2534625,Pseudocoprinus disseminatus (Pers.) Kühner,gbif,イヌセンボンタケ
9123949,9123949,Postia tephroleuca (Fr.) Jülich,db,オオオシロイタケ
9123949,9123949,Postia tephroleuca (Fr.) Jülich,gbif,オオオシロイタケ
9124128,2582604,Crocicreas coronatum (Bull.) S.E.Carp.,db,オウカンサカズキビョウタケ
9124333,2547798,Gloeoporus amorphus (Fr.) Killerm.,db,ウラベニタケ
9124333,2547798,Gloeoporus amorphus (Fr.) Killerm.,gbif,ウラベニタケ
9127230,9127230,Bolbitius titubans (Bull.) Fr.,db,キオキナタケ
9127230,9127230,Bolbitius titubans (Bull.) Fr.,gbif,シワナシキオキナタケ
9128195,9128195,Otidea onotica (Pers.) Fuckel,db,ウスベニミミタケ
9128195,9128195,Otidea onotica (Pers.) Fuckel,gbif,ウスベニミミタケ
9129313,9129313,Neolentinus lepideus (Fr.) Redhead & Ginns,gbif,マツオウジ
9130588,10726407,Inocybe calamistrata (Fr.) Gillet,gbif,アオアシアセタケ
9131888,7530876,Clitocybe candicans (Pers.) P.Kumm.,gbif,シロヒメカヤタケ
9133361,9133361,Gyroporus castaneus (Bull.) Quél.,db,クリイロイグチ
9133361,9133361,Gyroporus castaneus (Bull.) Quél.,gbif,クリイロイグチ
9134585,9134585,Calocera viscosa (Pers.) Fr.,db,ニカワホウキタケ
9134585,9134585,Calocera viscosa (Pers.) Fr.,gbif,ニカワホウキタケ
9141390,9141390,Leccinum scabrum (Bull.) Gray,db,ヤマイグチ
9141390,9141390,Leccinum scabrum (Bull.) Gray,gbif,ヤマイグチ
9141652,9141652,Peziza repanda Pers.,db,オオヒラチャワンタケ
9145383,9145383,Porostereum spadiceum (Pers.) Hjortstam & Ryvarden,db,オリーブウロコタケ
9145383,9145383,Porostereum spadiceum (Pers.) Hjortstam & Ryvarden,gbif,オリーブウロコタケ
9151578,9151578,Cortinarius bulliardii (Pers.) Fr.,db,アカアシフウセンタケ
9151578,9151578,Cortinarius bulliardii (Pers.) Fr.,gbif,アカアシフウセンタケ
9152561,5246840,Dendropolyporus umbellatus (Pers.) Jülich,db,チョレイ
9156243,9156243,Chalciporus piperatus (Bull.) Bataille,db,カラアミタケ
9156243,9156243,Chalciporus piperatus (Bull.) Bataille,gbif,コショウイグチ
9158775,9713443,Armillariella tabescens (Scop.) Singer,gbif,ナラタケモドキ
9159835,12008655,Hypholoma candolleanum (Fr.) Quél.,gbif,イタチタケ
9160843,5242773,Coprinus niveus (Pers.) Fr.,db,コナヒトヨタケ
9160843,5242773,Coprinus niveus (Pers.) Fr.,gbif,コナヒトヨタケ
9162314,9162314,Volvariella pusilla (Pers.) Singer,db,ヒメフクロタケ
9164064,8691955,Sclerotinia tuberosa (Hedw.) Fuckel,db,アネモネキンカクキン
9164064,8691955,Sclerotinia tuberosa (Hedw.) Fuckel,gbif,アネモネタマチャワンタケ
9166502,9166502,Trametes suaveolens (L.) Fr.,db,シロアミタケ
9166502,9166502,Trametes suaveolens (L.) Fr.,gbif,シロアミタケ
9171173,9171173,Hydropus marginellus (Pers.) Singer,db,ハイチャヒダサカズキタケ
9171173,9171173,Hydropus marginellus (Pers.) Singer,gbif,ハイチャヒダサカズキタケ
9173236,9173236,Lyophyllum decastes (Fr.) Singer,db,ハタケシメジ
9173236,9173236,Lyophyllum decastes (Fr.) Singer,gbif,ハタケシメジ
9173916,9819973,Piptoporus betulinus (Bull.) P.Karst.,gbif,カンバタケ
9174116,2534578,Coprinus micaceus (Bull.) Fr.,db,キララタケ
9174116,2534578,Coprinus micaceus (Bull.) Fr.,gbif,キララタケ
9174212,9174212,Hypomyces lateritius (Fr.) Tul. & C.Tul.,db,アカハツヤドリタケ
9174212,9174212,Hypomyces lateritius (Fr.) Tul. & C.Tul.,gbif,アカハツヤドリタケ
9174514,9174514,Cortinarius spilomeus (Fr.) Fr.,db,アカゲフウセンタケ
9174514,9174514,Cortinarius spilomeus (Fr.) Fr.,gbif,アカゲフウセンタケ
9179574,3344235,Pholiota alnicola (Fr.) Singer,gbif,カオリツムタケ
9180775,9180775,Trechispora mollusca (Pers.) Liberta,db,シロアナコウヤクタケ
9180775,9180775,Trechispora mollusca (Pers.) Liberta,gbif,シロアナコウヤクタケ
9181593,9181593,Stereum gausapatum (Fr.) Fr.,db,チウロコタケ
9181593,9181593,Stereum gausapatum (Fr.) Fr.,gbif,チウロコタケ
9182342,2548374,Polystictus zonatus (Nees) Fr.,db,カワラタケモドキ
9182342,2548374,Polystictus zonatus (Nees) Fr.,gbif,カワラタケモドキ
9186073,9186073,Infundibulicybe geotropa (Bull.) Harmaja,db,オオイヌシメジ
9186073,9186073,Infundibulicybe geotropa (Bull.) Harmaja,gbif,オオイヌシメジ
9186214,9186214,Lactarius subdulcis (Pers.) Gray,db,ヒメチチタケ
9186214,9186214,Lactarius subdulcis (Pers.) Gray,gbif,ヒメチチタケ
9189610,9189610,Ceriporia purpurea (Fr.) Donk,db,ムラサキアナタケ
9190305,9190305,Tubaria conspersa (Pers.) Fayod,db,チャムクエタケ
9190305,9190305,Tubaria conspersa (Pers.) Fayod,gbif,チャムクエタケ
9190626,9190626,Dasyscyphella nivea (R.Hedw.) Raitv.,db,ニセヒナノチャワンタケ
9191809,9191809,Dirinaria aegialita (Afzel. ex Ach.) B.J.Moore,gbif,アワヂリナリア
9191809,9191809,Dirinaria aegialita (Afzel. ex Ach.) B.J.Moore,gbif,アワメダルチイ
9194368,7825358,Mycena adonis (Bull.) Gray,gbif,コウバイタケ
9195174,9195174,Laxitextum bicolor (Pers.) Lentz,db,ウラジロウロコタケ
9195174,9195174,Laxitextum bicolor (Pers.) Lentz,gbif,ウラジロウロコタケ
9198158,3412308,Baeomyces fungoides (Sw.) Ach.,gbif,センニンゴケ
9198158,3412308,Baeomyces fungoides (Sw.) Ach.,gbif,仙人苔
9198759,9198759,Hymenoscyphus fructigenus (Bull.) Gray,gbif,タマノリサカズキタケ
9200548,9200548,Aleurodiscus amorphus (Pers.) J.Schröt.,db,アカコウヤクタケ
9200548,9200548,Aleurodiscus amorphus (Pers.) J.Schröt.,gbif,アカコウヤクタケ
9201176,12008655,Psathyrella candolleana (Fr.) Maire,gbif,イタチタケ
9204046,7838425,Polyporus brumalis (Pers.) Fr.,gbif,オツネンタケモドキ
9208081,9208081,Trametes gibbosa (Pers.) Fr.,db,オオチリメンタケ
9208081,9208081,Trametes gibbosa (Pers.) Fr.,gbif,オオチリメンタケ
9210867,9210867,Asterophora lycoperdoides (Bull.) Ditmar,db,ヤグラタケ
9215509,5241793,Tricholoma fulvum (DC.) Sacc.,db,キヒダマツシメジ
9217873,9217873,Rhodocollybia butyracea (Bull.) Lennox,db,エセオリミキ
9218822,7562246,Bankera fuligineoalba (J.C.Schmidt) Coker & Beers ex Pouzar,gbif,マツバハリタケ
9221615,9221615,Hypocrea gelatinosa (Tode) Fr.,db,オリーブボタンタケ
9223923,9223923,Russula adusta (Pers.) Fr.,db,コゲイロハツタケ
9223923,9223923,Russula adusta (Pers.) Fr.,gbif,コゲイロハツタケ
9224047,9224047,Peniophora cinerea (Pers.) Cooke,db,ハイイロカワタケ
9225326,9225326,Strobilomyces strobilaceus (Scop.) Berk.,db,オニイグチ
9225326,9225326,Strobilomyces strobilaceus (Scop.) Berk.,gbif,オニイグチ
9225610,2549130,Poria medulla-panis (Jacq.) Pers.,db,ウスキアナタケ
9225610,2549130,Poria medulla-panis (Jacq.) Pers.,gbif,ウスキアナタケ
9226626,9226626,Cantharellus cinereus Pers.,db,アクイロウスタケ
9226789,8308180,Clitocybe sinopica (Fr.) P.Kumm.,gbif,アカチャイヌシメジ
9227816,9227816,Trametes cinnabarina (Jacq.) Fr.,gbif,シュタケ
9228008,9228008,Leucogyrophana mollusca (Fr.) Pouzar,db,ヒメシワタケ
9228008,9228008,Leucogyrophana mollusca (Fr.) Pouzar,gbif,ヒメシワタケ
9236866,2538524,Hygrocybe conica (Scop. ex Fr.) Karst.,db,アカヤマタケ
9236866,2538524,Hygrocybe conica (Scop. ex Fr.) Karst.,gbif,アカヤマタケ
9253633,9253633,Sparassis crispa Wulf,db,ハナビラタケ
9259588,9259588,Trametes lactinea Berk.,db,クジラタケ
9262187,5249290,Auricularia fuscosuccinea (Mont.) Farl.,db,キクラゲモドキ
9262187,5249290,Auricularia fuscosuccinea (Mont.) Farl.,gbif,キクラゲモドキ
9271754,2545670,"Trametes confragosa (Bolton) Rabenh., 1844",db,チャミダレアミタケ
9271754,2545670,"Trametes confragosa (Bolton) Rabenh., 1844",gbif,チャミダレアミタケ
9319774,9319774,Russula flavida Frost ex Peck,db,ウコンハツ
9319774,9319774,Russula flavida Frost ex Peck,gbif,ウコンハツ
9322752,3321205,Collybia maculata (Alb. & Schwein.) Quél.,db,アカアザタケ
9322752,3321205,Collybia maculata (Alb. & Schwein.) Quél.,gbif,アカアザタケ
9323780,5240279,Amanita porphyria (Alb. & Schwein. ex Fr.) Secr.,db,コテングタケ
9326332,9326332,Geastrum triplex (Jungh.) Fisch.,db,エリマキツチグリ
9343337,2540225,Ramariopsis kunzei (Fr.) Donk,db,シロヒメホウキタケ
9343337,2540225,Ramariopsis kunzei (Fr.) Donk,gbif,シロヒメホウキタケ
9355677,2524103,Phallus hadrianii Vent. ex Pers.,db,アカダマスッポンタケ
9355677,2524103,Phallus hadrianii Vent. ex Pers.,gbif,アカダマスッポンタケ
9366699,9366699,Xylodon flaviporus (Berk. & M.A.Curtis ex Cooke) Riebesehl & Langer,gbif,アナタケ
9378152,9378152,Claviceps purpurea (Fr.) Tul.,db,バッカクキン
9378152,9378152,Claviceps purpurea (Fr.) Tul.,gbif,クサヨシ麦角病菌
9378152,9378152,Claviceps purpurea (Fr.) Tul.,gbif,バッカクキン
9394863,2535164,Lepiota granulosa (Batsch) Quél.,db,ヒメオニタケ
9394863,2535164,Lepiota granulosa (Batsch) Quél.,gbif,ヒメオニタケ
9400640,9400640,Cerioporus varius (Pers.) Zmitr. & Kovalenko,gbif,キアシグロタケ
9402360,5246307,Microporus flabelliformis (Kl. ex Fr.) Kuntz.,db,ウチワタケ
9402360,5246307,Microporus flabelliformis (Kl. ex Fr.) Kuntz.,gbif,ウチワタケ
9414007,2535723,Lepiota hetieri Boud.,db,コナカラカサタケ
9414007,2535723,Lepiota hetieri Boud.,gbif,コナカラカサタケ
9421558,8146046,Suillus granulatus (L.) Kuntze,db,チチアワタケ
9421558,8146046,Suillus granulatus (L.) Kuntze,gbif,チチアワタケ
9428975,9428975,Tulostoma squamosum J.F.Gmel.,db,ウロコケシボウズタケ
9430654,5954958,Boletus edulis Fr.,db,ナツヤマドリ
9439058,9439058,Picipes badius (Pers.) Zmitr. & Kovalenko,gbif,アシグロタケ
9443954,3328320,Amanita citrina Schaeff.S.F.Gray,db,クロコタマゴテングタケ
9445944,9445944,Lentinus substrictus (Bolton) Zmitr. & Kovalenko,gbif,エゾノアミスギタケ
9474024,9474024,"Neofavolus suavissimus (Fr.) Seelan, Justo & Hibbett",gbif,ニオイカワキタケ
9513798,9217873,Collybia butyracea (Bull.) Quél.,db,エセオリミキ
9513798,9217873,Collybia butyracea (Bull.) Quél.,gbif,エセオリミキ
9517504,2554333,Geastrum saccatum (Fr.) Fisch.,db,フクロツチガキ
9517504,2554333,Geastrum saccatum (Fr.) Fisch.,gbif,フクロツチガキ
9541569,9541569,Phlebiopsis castanea (Lloyd) Miettinen & Spirin,gbif,オオシワタケ
9561742,9561742,Russula olivacea (Schaeff.) Fr.,db,クサイロアカネタケ
9572159,9578337,Hebeloma spoliatum (Fr.) P.Karst.,db,アシナガヌメリ
9575130,5243458,Agaricus campestris L. ex Fr.,db,ハラタケ
9578337,9578337,Hebeloma spoliatum (Fr.) Gillet,db,アシナガヌメリ
9589545,9589545,Exobasidium vaccinii (Fuckel) Woronin,db,コケモモモチビョウキン
9599728,5240943,Crepidotus mollis (Schaeff. ex Fr.),db,チャヒラタケ
9607713,9607713,Psathyrella pennata (Fr.) Konrad & Maubl.,db,ヤケノヒメイタチタケ
9607875,9607875,Fistulina hepatica Schaeff.,db,カンゾウタケ
9618922,2534085,Pholiota adiposa (Fr.) Quel.,db,ヌメリスギタケ
9618922,2534085,Pholiota adiposa (Fr.) Quel.,gbif,ヌメリスギタケ
9629965,3345846,Entoloma clypeatum (L.) Quèl.,db,シメジモドキ
9629965,3345846,Entoloma clypeatum (L.) Quèl.,gbif,シメジモドキ
9629965,3345846,Entoloma clypeatum (L.) Quèl.,gbif,ハルシメジ
9645698,9645698,"Phaeotremella foliacea (Pers.) Wedin, J.C.Zamora & Millanes",gbif,ハナビラニカワタケ
9648027,9648027,"Gymnopus densilamellatus Antonín, Ryoo & Ka",gbif,ミツヒダニオイカレバタケ
9649286,9649286,Mycena comata Har.Takah. & Taneyama,gbif,キジムナハナガサ
9657037,5452277,"Saproamanita flavofloccosa (Nagas. & Hongo) Redhead, Vizzini, Drehmel & Contu",db,キワタゲテングタケ
9657522,9657522,Sutorius venenatus (Nagas.) G.Wu & Zhu L.Yang,gbif,ドクヤマドリ
9662175,9662175,Aureoboletus russellii (Frost) G.Wu & Zhu L.Yang,gbif,セイタカイグチ
9663360,9663360,"Parvixerocomus aokii (Hongo) G.Wu, N.K.Zeng & Zhu L.Yang",gbif,ヒメコウジタケ
9666564,10814759,Hymenochaetopsis tabacinoides (Yasuda) S.H.He & Jiao Yang,gbif,コガネウスバタケ
9668594,9668594,Turmalinea yuwanensis Orihara,gbif,ユワンベニタマタケ
9669194,9669194,"Tuber japonicum Hir.Sasaki, A.Kinosh. & Nara",db,ホンセイヨウヨウショウロ
9669194,9669194,"Tuber japonicum Hir.Sasaki, A.Kinosh. & Nara",gbif,ホンセイヨウショウロ
9684562,2512992,Calocera furcata (Fr.) Sacc.,db,アオキツノフノリタケ
9684562,2512992,Calocera furcata (Fr.) Sacc.,gbif,フノリタケ
9691735,9691735,Metuloidea murashkinskyi (Burt) Miettinen & Spirin,gbif,ニセニクハリタケ
9694273,9694273,Desarmillaria ectypa (Fr.) R.A.Koch & Aime,gbif,ヤチヒロヒダタケ
9698565,9698565,Trichoderma cornu-damae (Pat.) Z.X.Zhu & W.Y.Zhuang,gbif,カエンタケ
9705320,2554337,Geastrum trichiferum Rick,db,カミツチグリ
9705320,2554337,Geastrum trichiferum Rick,gbif,ヒナツチガキ
9705320,2554337,Geastrum trichiferum Rick,gbif,雛土柿
9713443,9713443,Desarmillaria tabescens (Scop.) R.A.Koch & Aime,gbif,ナラタケモドキ
9719696,9719696,"Rhizopogon togasawarius Mujic, K.Hosaka & Spatafora",db,Togasawarasyoro
9719696,9719696,"Rhizopogon togasawarius Mujic, K.Hosaka & Spatafora",gbif,トガサワラショウロ
9723357,9723357,"Marasmiellus lucidus Har.Takah., Taneyama & S.Kurogi",gbif,ヒメホタルタケ
9733542,9733542,"Squamulea subsoluta (Nyl.) Arup, Søchting & Frödén",gbif,コウロコダイダイゴケ
9740586,9198759,Hymenoscyphus fructigenus (Bull.) Fr.,gbif,タマノリサカズキタケ
9741450,9741450,Aureoboletus viscidipes (Hongo) G.Wu & Zhu L.Yang,gbif,ヒメヌメリイグチ
9744683,9744683,"Harrya chromipes (Frost) Halling, Nuhn, Osmundson & Manfr.Binder",gbif,アケボノアワタケ
9744701,9744701,"Marasmiellus venosus Har.Takah., Taneyama & Hadano",gbif,ヒメヒカリタケ
9747922,9747922,Strobilurus ohshimae (Hongo & I.Matsuda) Hongo ex Katum.,db,スギエダタケ
9747922,9747922,Strobilurus ohshimae (Hongo & I.Matsuda) Hongo ex Katum.,gbif,スギエダタケ
9751347,9751347,Pholiota microspora (Berkeley) Saccardo,db,チュウナメコ
9751347,9751347,Pholiota microspora (Berkeley) Saccardo,gbif,ナメコ
9759363,9759363,Coprinopsis igarashii Fukiharu & Kim.Shimizu,db,ウシグソコナヒトヨタケ
9759363,9759363,Coprinopsis igarashii Fukiharu & Kim.Shimizu,gbif,ウシグソコナヒトヨタケ
9761316,9761316,Coprinopsis cineraria (Har.Takah.) Örstadius & E.Larss.,gbif,ハイイロイタチタケ
9763213,9763213,Aureoboletus liquidus Har.Takah. & Taneyama,gbif,アキノアシナガイグチ
9763213,9763213,Aureoboletus liquidus Har.Takah. & Taneyama,gbif,ヌメリアシナガイグチ
9772186,9772186,Termitomyces intermedius Har.Takah. & Taneyama,gbif,オオシロアリタケ
9775504,9775504,Aureoboletus shichianus (Teng & L.Ling) G.Wu & Zhu L.Yang,gbif,トゲミノヒメイグチ
9784805,9784805,Turmalinea persicina Orihara,gbif,ウスベニタマタケ
9793697,9793697,"Mycena lazulina Har.Takah., Taneyama, Terashima & Oba",gbif,コンルリキュウバンタケ
9794037,9794037,Tricholoma squarrulosum (Chev.) Sacc.,db,クロゲシメジ
9798645,2545120,Etheirodon fimbriatum (Pers.) Banker,db,ヒモツキコメバタケ
9800019,9800019,Cruentomycena orientalis Har.Takah. & Taneyama,gbif,ガーネットオチバタケ
9802386,9802386,"Ophiocordyceps annulata (Kobayasi & Shimizu) Spatafora, Kepler & C.A.Quandt",gbif,ヒメクチキタンポタケ
9808003,9808003,Aureoboletus auriflammeus (Berk. & M.A.Curtis) G.Wu & Zhu L.Yang,gbif,ハナガサイグチ
9816200,9816200,Sarcogyne endopetrophila Tokizawa & Y.Ohmura,gbif,イワカクレホウネンゴケ
9816366,9816366,Pleurotus nitidus Har.Takah. & Taneyama,gbif,シロヒカリタケ
9817713,9817713,"Nephromopsis nephromoides (Nyl.) Ahti & Randlane, 1998",gbif,オオアワビゴケ
9819973,9819973,"Fomitopsis betulina (Bull.) B.K.Cui, M.L.Han & Y.C.Dai",gbif,カンバタケ
9835970,9835970,"Akanthomyces tuberculatus (Lebert) Spatafora, Kepler & B.Shrestha",gbif,ガヤドリナガミノツブタケ
9854176,9854176,"Hydnellum scabrosum (Fr.) E.Larss., K.H.Larss. & Kõljalg",gbif,ケロウジ
9906544,2541032,"Physisporinus crocatus (Pat.) F.Wu, Jia J.Chen & Y.C.Dai",db,ニクイロアナタケモドキ
10010280,7440012,Saccharomyces cereviciae,db,サッカロミケス・セレビシアエ
10010280,7440012,Saccharomyces cereviciae,gbif,コウボキン
10010280,7440012,Saccharomyces cereviciae,gbif,サッカロミケス・セレビシアエ
10010280,7440012,Saccharomyces cereviciae,gbif,出芽酵母
10307780,10307780,"Nephromopsis cucullata (Bellardi) Divakar, A.Crespo & Lumbsch",gbif,ウスキエイランタイ
10311007,2580540,Chlorosplenium versiformis (Pers.) De Not.,db,コケイロサラタケ
10311007,2580540,Chlorosplenium versiformis (Pers.) De Not.,gbif,コケイロサラタケ
10323406,10323406,"Cordyceps fumosorosea (Wize) Kepler, B.Shrestha & Spatafora",gbif,赤きょう病菌
10604897,10604897,"Cordyceps farinosa (Holmsk.) Kepler, B.Shrestha & Spatafora",gbif,コナサナギタケ
10672649,10672649,"Fuscopostia fragilis (Fr.) B.K.Cui, L.L.Shen & Y.C.Dai",gbif,シミタケ
10674585,10674585,"Graphis fulvescens M.Nakan., Kashiw. & K.H.Moon",gbif,ウゴノシロミモジゴケ
10676091,10676091,"Entoloma nipponicum T.Kasuya, Nabe, Noordel. & Dima",gbif,フチドリモミウラタケ
10676227,10676227,"Buellia yoshimurae A.Higashi, Watanuki & H.Harada",gbif,ハマスミイボゴケ
10680535,10680535,Punctelia ruderata (Vain.) Canêz & Marcelli,gbif,トゲハクテンゴケ
10691289,10691289,Zhuliangomyces illinitus (Fr.) Redhead,gbif,シロヌメリカラカサタケ
10692695,10692695,Boletellus aurocontextus Hirot.Sato,gbif,コガネキクバナイグチ
10698517,10698517,Boletellus areolatus Hirot.Sato,gbif,ヒビワレキクバナイグチ
10700730,10700730,"Hydnoporia tabacina (Sowerby) Spirin, Miettinen & K.H.Larss.",gbif,タバコウロコタケ
10701592,10701592,Fulvoderma scaurum (Lloyd) L.W.Zhou & Y.C.Dai,gbif,サジタケ
10707689,10707689,Lepraria arbuscula (Nyl.) Lendemer & B.P.Hodk.,gbif,ヒメキゴケ
10716373,10716373,"Nephromopsis gilva (Asahina) Divakar, A.Crespo & Lumbsch",gbif,オーアケシゴケモドキ
10720763,10720763,"Kashiwadia orientalis (Kashiw.) S.Y.Kondr., Lőkös & Hur",gbif,シロムカデゴケ
10725608,10725608,"Sclerococcum stygium (Berk. & M.A.Curtis) Olariaga, Teres, J.M.Martín, M.Prieto & Baral",gbif,クロヒメサラタケ
10726407,10726407,Inosperma calamistratum (Fr.) Matheny & Esteve-Rav.,gbif,アオアシアセタケ
10731415,10731415,Phaeotremella fimbriata (Pers.) Spirin & Malysheva,gbif,クロハナビラニカワタケ
10732176,10732176,Phillipsia domingensis (Berk.) Berk. ex Denison,db,ニクアツベニサラタケ
10732176,10732176,Phillipsia domingensis (Berk.) Berk. ex Denison,gbif,ニクアツベニサラタケ
10732176,10732176,Phillipsia domingensis (Berk.) Berk. ex Denison,gbif,肉厚紅皿茸
10733705,10733705,"Montanelia predisjuncta (Essl.) Divakar, A.Crespo, Wedin & Essl.",gbif,ニセタカネゴケ
10736698,10736698,"Halegrapha yakushimensis M.Nakan., Kashiw. & K.H.Moon",gbif,モジゴケモドキ
10741650,10741650,Rhabdodiscus inalbescens (Nyl.) Frisch,gbif,アナゴケ
10742791,10742791,Inocybe infida (Peck) Earle,db,シロアセタケ
10742791,10742791,Inocybe infida (Peck) Earle,gbif,シロアセタケ
10744170,10744170,Amanita kitamagotake N.Endo & A.Yamada,gbif,キタマゴタケ
10749588,10749588,"Ophiocordyceps ootakii Araújo, H.C.Evans & D.P.Hughes",gbif,タイワンアリタケ
10751819,10751819,"Nephromopsis microphyllica (W.L.Culb. & C.F.Culb.) Divakar, A.Crespo & Lumbsch",gbif,ササクレアワビゴケ
10756417,10756417,"Cordyceps tenuipes (Peck) Kepler, B.Shrestha & Spatafora",gbif,ウスキサナギタケ
10756417,10756417,"Cordyceps tenuipes (Peck) Kepler, B.Shrestha & Spatafora",gbif,ハナサナギタケ
10769851,10769851,Amanita chatamagotake N.Endo & A.Yamada,gbif,チャタマゴタケ
10772721,10772721,"Lecanora kurokawae Shiba, K.H.Moon & Kashiw.",gbif,コナハマチャシブゴケ
10779965,10779965,Nyungwea anguinella (Nyl.) Aptroot,gbif,クチナワゴケ
10786817,10786817,Zeroviella mandschurica (Zahlbr.) S.Y.Kondr. & Hur,gbif,アカサビゴケ
10788846,10788846,Truncospora tephropora (Mont.) Zmitr.,gbif,シイサルノコシカケ
10789912,10789912,Candelaria asiatica D.Liu & J.S.Hur,gbif,ロウソクゴケ
10793089,10793089,"Nephromopsis americana (Spreng.) Divakar, A.Crespo & Lumbsch",gbif,ヒゲアワビゴケ
10798969,10798969,Polyblastidium hypocaesium (Yasuda ex Räsänen) Kalb,gbif,ヤスダゲジゲジゴケ
10805376,10805376,Auriscalpium orientale P.M.Wang & Zhu L.Yang,gbif,マツカサタケ
10805659,10805659,Amanita oberwinkleriana Zhu L.Yang & Yoshim.Doi,gbif,ニオイドクツルタケ
10807617,10807617,"Penttilamyces olivascens (Berk. & M.A.Curtis) Zmitr., Kalinovskaya & Myasnikov",gbif,コガネヒメシワタケ
10809275,10809275,Graphis kousyuensis (Horik. & M.Nakan.) Lücking,gbif,コウシュウシロミモジゴケ
10814456,10814456,Pluteus atrofuscus Hongo,db,クロベニヒダタケ
10814759,10814759,Hydnoporia tabacinoides (Yasuda) Miettinen & K.H.Larss.,gbif,コガネウスバタケ
10815976,10815976,"Viridothelium cinereoglaucescens (Vain.) Lücking, M.P.Nelsen & Aptroot",gbif,ブナノモツレサネゴケ
10834250,10834250,Polyblastidium fragilissimum (Kurok.) Kalb,gbif,コバノゲジゲジゴケ
10841226,10841226,Leucodermia leucomelos (L.) Kalb,gbif,イトゲジゲジゴケモドキ
10841791,10841791,Bryoperdon acuminatum (Bosc) Vizzini,gbif,モリノコダマタケ
10841973,10841973,Blackwellomyces cardinalis (G.H.Sung & Spatafora) Spatafora & Luangsa-ard,gbif,ホソエノコベニムシタケ
10846389,10846389,Pseudosperma rimosum (Bull.) Matheny & Esteve-Rav.,gbif,オオキヌハダトマヤタケ
10850077,10850077,Polyblastidium japonicum (M.Satô) Kalb,gbif,クロアシゲジゲジゴケ
10852503,10852503,Apioperdon pyriforme (Schaeff.) Vizzini,gbif,タヌキノチャブクロ
10853840,10853840,Gerronema atrialbum (Murrill) Borovička & Kolařík,gbif,ヒロヒダタケモドキ
10855856,10855856,Ramalina ryukyuensis Kashiw. & K.H.Moon,gbif,リュウキュウカラタチゴケ
10866930,10866930,Hymenochaete microcycla (Zipp. ex Lév.) Spirin & Miettinen,gbif,キヌハダタケ
10870435,10870435,Lepra multipuncta (Turner) Hafellner,gbif,オオカノコゴケ
10875145,10875145,Usnea dasopoga (Ach.) Nyl.,gbif,ナガヒゲサルオガセ
10877723,2545622,Truncospora pubertatis (Lloyd) Zmitr.,db,ホウネンタケ
10877723,2545622,Truncospora pubertatis (Lloyd) Zmitr.,gbif,ホウネンタケ
10879894,10879894,"Nephromopsis ulophylloides (Asahina) Divakar, A.Crespo & Lumbsch",gbif,オオスルメゴケ
10880611,10880611,"Metarhizium brachyspermum Koh.Yamam., Ohmae & Orihara",db,クサイロコメツキムシタケ
10883505,10883505,"Rhizopogon yakushimensis Y.Sugiy., M.Murata & K.Nara",db,Yakutanesyoro
10883505,10883505,"Rhizopogon yakushimensis Y.Sugiy., M.Murata & K.Nara",gbif,ヤクタネショウロ
10888345,10888345,Polyblastidium microphyllum (Kurok.) Kalb,gbif,チヂレウラジロゲジゲジゴケ
10894510,10894510,Inosperma maculatum (Boud.) Matheny & Esteve-Rav.,gbif,シラゲアセタケ
10902897,10902897,Lobaria retigera (Bory) Trevis.,gbif,チヂレカブトゴケモドキ
10915905,10915905,"Bulgaria inquinans Pers., 1822",db,クロキクラゲ
10960235,10960235,Glyphis cicatricosa Ach.,gbif,アミモジゴケ
10997915,5955076,"Albatrellus yasudai (Lioyd) Pouzar, 1972",gbif,ヌメリアイタケ
11011338,11011338,Sarcomyxa serotina (Pers.) V.Papp,db,オソムキタケ（新称）
11021975,9145383,Stereum plicatum (Peck) Lloyd,db,オリーブウロコタケ
11021975,9145383,Stereum plicatum (Peck) Lloyd,gbif,オリーブウロコタケ
11043500,2526942,"Mycena haematopoda (Pers.) Kummer, 1871",db,チシオタケ
11043500,2526942,"Mycena haematopoda (Pers.) Kummer, 1871",gbif,チシオタケ
11068129,11068129,Thamnolia vermicularis (Sw.) Schaer.,gbif,ムシゴケ
11089843,9744683,Leccinum chromipes (Frost) Singer,gbif,アケボノアワタケ
11108459,11108459,Porpidia albocaerulescens (Wulfen) Hertel & Knoph,gbif,ヘリトリゴケ
11238156,10888345,Heterodermia microphylla (Kurok.) Swinscow & Krog,gbif,チヂレウラジロゲジゲジゴケ
11256094,3314876,Phallus impudicus Pers.,db,スッポンタケ
11260649,11260649,Thelephora terrestris Ehrh. ex Fr.,db,イボタケ
11329735,2582604,Cyathicula coronata (Bull.) de Not. ex P.Karsten,db,オウカンサカズキビョウタケ
11344286,2551203,Russula rosacea (Pers. ex Secr.) Fr.,db,チシオハツ
11364456,5955209,Hygrocybe calyptraeformis (Berk. & Br.) Fayod,gbif,アケボノタケ
11365404,2528449,Phaeomarasmius erinaceella Peck,gbif,ヒメスギタケ
11366273,2551213,Russula emetica (Schaeff.) Gray,db,ドクベニタケ
11434481,11434481,"Microstoma longipilum Tochihara, T.Hirao & Hosoya",gbif,カラサケキツネノサカズキ
11450830,11450830,"Cantharellus anzutake W.Ogawa, N.Endo, M.Fukuda & A.Yamada",db,アンズタケ
11479740,11479740,"Exsudoporus ruber (M.Zang) Gelardi, Biketova & Vizzini",gbif,アカネアミアシイグチ
11520499,11520499,Multiclavula petricola H.Masumoto & Y.Degawa,gbif,イワノシラツノ
11604227,11604227,Tuber longispinosum A.Kinosh.,gbif,イボセイヨウショウロ
11704721,11704721,Russula ryukokuensis Y.Shimono & T.Kasuya,gbif,リュウコクヒメベニタケ
11765071,11765071,"Leucangium microspermum Koh.Yamam., Hir.Sasaki, Ohmae & Orihara",gbif,コキイロイモタケ
11775196,11775196,Bryoclavula phycophila H.Masumoto & Y.Degawa,gbif,コケノコダマタケ
11836325,11836325,"Gerhardtia foliicola (Har.Takah.) N.Endo, S.Ushijima, Nagas., Sotome, Nakagiri & N.Maek.",gbif,コノハシメジ
11898903,11898903,"Gastrosporium gossypinum T.Kasuya, S.Hanawa & K.Hosaka",gbif,ワタゲスナツブタケ
11945016,11945016,Tremella mesenterica (Schaeff.) Pers.,db,コガネニカワタケ
11945016,11945016,Tremella mesenterica (Schaeff.) Pers.,gbif,コガネニカワタケ
11986601,11986601,Phylloscypha phyllogena (Cooke) Van Vooren,gbif,ニセクリイロチャワンタケ
11993337,11993337,Collybiopsis confluens (Pers.) R.H.Petersen,gbif,アマタケ
11996818,11996818,"Paraisaria heteropoda (Kobayasi) Luangsa-ard, Mongkols. & Samson",gbif,オオセミタケ
12008655,12008655,Candolleomyces candolleanus (Fr.) D.Wächt. & A.Melzer,gbif,イタチタケ
12054660,12054660,Thaxterogaster purpurascens (Fr.) Niskanen & Liimat.,gbif,カワムラフウセンタケ
12087710,12087710,Cortinarius bolaris (Pers.) Zawadzki,db,アカツブフウセンタケ
12092733,12092733,Collybiopsis peronata (Bolton) R.H.Petersen,gbif,ワサビカレバタケ
12123495,12123495,Hemileccinum hortonii (A.H.Sm. & Thiers) M.Kuo & B.Ortiz,gbif,シワチャヤマイグチ
12149748,12149748,Paragalactinia succosa (Berk.) Van Vooren,gbif,キゾメチャワンタケ
12172015,12172015,"Dissoderma phaeolepioticola Nagas., Thorn, I.Saar & Redhead",gbif,ニオイオオタマシメジ
12174358,12174358,Tricholoma kakishimejioides W.Aoki & A.Yamada,gbif,カキシメジモドキ
12182857,12182857,"Morchella nipponensis Clowez, Izumi, Lamiable, Shibakusa & P.Alvarado",gbif,ヒロメノトガリアミガサタケ
12186017,12186017,"Tolypocladium bacillisporum Koh.Yamam., Sugawa & K.Takeda",gbif,シロアシヒメハナヤスリタケ
12187954,12187954,"Fulvifomes boninensis T.Hatt., Y.Ota & Sotome",gbif,オオメシバコブ
12190146,12190146,Lepra submultipuncta (Nyl.) Q.Ren,gbif,オオカノコゴケモドキ
12196556,12196556,Daleomyces petersii (Berk.) Van Vooren,gbif,フジイロチャワンタケモドキ
12197855,12197855,"Fulvifomes imazekii T.Hatt., Y.Ota & Sotome",gbif,ヨコグラサルノコシカケ
12201157,12201157,"Tuber iryudaense H.Sasaki, A.Kinosh., M.Nakajima, Orihara & Nara",gbif,キチャセイヨウショウロ
12203150,12203150,Pyrrhulomyces astragalinus (Fr.) E.J.Tian & Matheny,gbif,アカツムタケ
12208929,12208929,Lactarius porniniae Rolland,gbif,カラマツチチタケ
12210029,12210029,Collybiopsis biformis (Peck) R.H.Petersen,gbif,ヤマジノカレバタケ
12213673,12213673,"Tuber tomentosum H.Sasaki, A.Kinosh. & Nara",gbif,チャセイヨウショウロ
12215684,12215684,"Pterulicium fasciculare (Bres. & Pat.) Leal-Dutra, Dentinger & G.W.Griff.",gbif,シダレハナビタケ
12216833,12216833,Leucoinocybe auricoma (Har.Takah.) Matheny,gbif,コガネハナガサ
12239006,12239006,Lepra variolina (Nyl.) Q.Ren,gbif,コナトリハダゴケ
12244228,12244228,Mutinus boninensis E.Fisch.,db,シマイヌノエフデ
12244228,12244228,Mutinus boninensis E.Fisch.,gbif,シマイヌノエフデ
12257826,12257826,Dacrymyces spathularius (Schwein.) Alvarenga,gbif,ツノマタタケ
12281397,8892548,Adustoporia sinuosa (Fr.) Audet,db,ワタグサレキン
12288182,3391824,Cladina aggregata (Sw.) Nyl.,gbif,トゲシバリ
12315125,7542962,Polyporus ciliaris (Mont.) Lloyd,gbif,アミスギタケ
12322030,2526725,Trogia faginea (Schrad.) J.Schröt.,db,チヂレタケ
12323791,10902897,Lobaria yakushimensis Asahina,gbif,チヂレカブトゴケモドキ
12331461,10716373,Tuckermannopsis gilva (Asahina) M.J.Lai,gbif,オーアケシゴケモドキ
12346665,10751819,Tuckermannopsis microphyllica (W.L.Culb. & C.F.Culb.) M.J.Lai,gbif,ササクレアワビゴケ
12369448,5247228,Polystictus pergamenus (Fr.) Fr.,db,ハカワラタケ
12373379,2584345,Chlorospleniella urnalis (Nyl.) Kuntze,db,ムラサキゴムタケ
12373379,2584345,Chlorospleniella urnalis (Nyl.) Kuntze,gbif,ムラサキゴムタケ
